:020000040800F2
:10000000383E0124E502000809EC000891DD0008F3
:10001000F1EB0008E1090008D95C010800000000CC
:10002000000000000000000000000000D9F80008F7
:10003000091900080000000021F0000871F900080B
:10004000FF020008FF020008FF020008FF0200088C
:10005000FF020008FF020008FF020008FF0200087C
:10006000FF02000831190008FF020008290D0008EE
:10007000390D0008490D0008590D0008690D0008E8
:10008000790D0008890D0008FF02000861190008B9
:1000900071190008FF0200088119000841190008C1
:1000A000FF020008FF020008FF020008FF0200082C
:1000B000FF020008FF020008FF020008FF0200081C
:1000C000FF020008FF020008FF020008FF0200080C
:1000D000D1F600084922010859220108FF02000850
:1000E00011190008FF02000800000000FF020008CC
:1000F000FF020008FF020008FF020008990D000837
:10010000FF020008FF02000891FB0008FF02000840
:10011000FF020008D9090108FF020008FF020008D9
:10012000A90D0008B90D0008C90D0008D90D000877
:10013000FF020008FF020008FF020008FF0200089B
:1001400000000000000000000000000000000000AF
:10015000FF020008FF020008FF020008FF0200087B
:10016000FF020008FF020008FF020008FF0200086B
:10017000FF02000881EC0008FF02000800000000F8
:10018000FF020008FF020008E9090108F909010857
:10019000FF020008FF020008FF020008FF0200083B
:1001A000FF020008FF020008FF0200080000000034
:1001B000FF020008FF020008FF020008FF0200081B
:1001C000FF020008FF02000800000000000000001D
:1001D0000000000000000000FF0200080000000016
:1001E000000000000000000000000000000000000F
:1001F0000000000000000000FF020008FF020008ED
:10020000FF020008FF02000800000000FF020008D3
:10021000FF020008FF020008FF020008FF020008BA
:10022000FF02000800000000FF02000800000000BC
:10023000FF020008FF02000800000000FF020008A3
:10024000FF020008FF020008FF020008FF0200088A
:10025000FF020008FF020008FF020008FF0200087A
:10026000FF020008FF020008FF020008FF0200086A
:10027000FF020008FF020008FF0200080000000063
:10028000FF020008FF020008FF020008FF0200084A
:1002900000000000FF020008FF020008000000004C
:1002A00000000000FF020008FF020008090A010820
:1002B00039220108FF020008FF0200089119000816
:1002C000FF020008FF020008FF020008DFF810D05C
:1002D00000F0F2FA00F06EF800480047F1D801088B
:1002E000383E01240648804706480047FEE7FEE7FF
:1002F000FEE7FEE7FEE7FEE7FEE7FEE7FEE7FEE7D6
:1003000051FA0008CD0200082DE9F05F05460020F3
:1003100092469B4688460646814640241BE0284676
:1003200041464746224600F01EFA53465A46C01A36
:10033000914110D311461846224600F005FA2D1AB5
:1003400067EB01084F4622460120002100F0FCF92E
:1003500017EB00094E41201EA4F10104DFDC4846E2
:1003600031462A464346BDE8F09F40EA01039B0719
:1003700003D009E008C9121F08C0042AFAD203E01A
:1003800011F8013B00F8013B521EF9D27047D2B27E
:1003900001E000F8012B491EFBD270470022F6E76E
:1003A00010B513460A4604461946FFF7F0FF2046EB
:1003B00010BD00007CB50748009007480190054635
:1003C000009C04E02046016808448047241DAC429C
:1003D000F8D17CBDBCEA0108D4EA01082DE9FE4F42
:1003E000804681EA0300C00F0C46009021F00041D6
:1003F00023F00045B8EB0200A94105D24046214652
:1004000090461C460B46024623F00040104347D05E
:10041000270DC7F30A00C3F30A510290401A019056
:1004200040286BDAC3F3130040F4801B0098924617
:1004300020B10023D2EB030A63EB0B0B0198594662
:10044000C0F14002504600F07FF906460D46504686
:100450005946019A00F097F910EB08006141002419
:1004600087EA115284EAE7731A4340D0009A62B3D4
:10047000019A012A4FEA075215DC001B61EB0201C9
:100480004FF0004202EA0752CDE90042001C41F55C
:10049000801132462B4600F0A9F903B0BDE8F08F79
:1004A00040462146F9E7001B61EB0201001C41F5C3
:1004B000801300185B412018A2F5001747EB0301D9
:1004C00040EAD570B6196D4111E06D084FEA360665
:1004D00045EAC0754FEA0752001B61EB0201001CA0
:1004E00041F5801149084FEA300000195141324668
:1004F0002B4603B0BDE8F04F00F069B90098012227
:1005000040000023D0EB020263EBE0730098214629
:100510004FEAE074B8EB000061EB0401E9E783F017
:1005200000435BE781F0004158E72DE9FE4F81EA87
:10053000030404F0004421F0004100944FF0000B4C
:1005400023F0004350EA01045ED052EA03045BD07A
:10055000C3F30A54C1F30A552C44A4F2F3340194B2
:10056000A0FB0254C1F3130141F48011C3F3130340
:1005700043F4801301FB024400FB034E840A970AF4
:1005800044EA815447EA8357A4FB076802958D0A21
:1005900005FB07854FEA932C04FB0C542705029DAD
:1005A0004FEA065847EA1637B5EB08056EEB070C1D
:1005B000870E920E47EA811742EA8312A7FB0201D7
:1005C000B6EB0B0164EB00042B0D43EA0C335E1811
:1005D00044EB1C50DA465146E7FB0201C5F3130415
:1005E0004FEA0B3343EA14534FEA0432019C43EAC7
:1005F0000603A4F10C040294009CCDE900B400F0C1
:10060000F5F803B0BDE8F08F00200146F9E72DE9C9
:10061000F04D81EA030404F0004B21F0004514463C
:100620004FF0000A23F0004150EA050220D054EABE
:1006300001021DD0C5F30A570246C5F31303C1F3E7
:100640001300C1F30A5640F4801543F48013A7EB5E
:100650000608101BD64608F2FD3873EB050002D3DE
:1006600008F1010801E092185B41B8F1000F03DACC
:1006700000200146BDE8F08D00204FF480110646B1
:1006800084460EE0171B73EB050705D3121B63EBC3
:10069000050306434CEA010C49084FEA3000921862
:1006A0005B4150EA0107EDD152EA030012D082EA21
:1006B000040083EA0501084305D0101BAB4106D2B4
:1006C0000122002306E000224FF0004302E06FF019
:1006D000010253101AEB06004CEB085110EB0A0014
:1006E00041EB0B01BDE8F04D00F071B830B5041ED0
:1006F00071F1000404DB4FF00044404264EB01015F
:10070000141E73F1000405DB1C464FF000435242F7
:1007100063EB0403101A8B4101D3012030BD00208C
:1007200030BD00F0004230F000400AD0C10D01F5AC
:100730006071C0F3160042EA0151C208400711433C
:100740007047002001467047202A04DB203A00FA57
:1007500002F1002070479140C2F1200320FA03F318
:10076000194390407047202A04DB203A21FA02F016
:100770000021704721FA02F3D040C2F120029140DB
:10078000084319467047202A06DBCB17203A41FA66
:1007900002F043EAE07306E041FA02F3D040C2F10E
:1007A0002002914008431946704710B50446481E80
:1007B000014201D1042901D2052010BD10461DF0CF
:1007C000FFF810B12060002010BD062010BD10B54C
:1007D000141E73F1000408DA401C41F10001921864
:1007E0005B411A4301D120F0010010BD2DE9F04D0D
:1007F00092469B4611B1B1FA81F202E0B0FA80F262
:1008000020329046FFF7A0FF04460F4640EA0A0058
:1008100041EA0B0153465A46084313D0114653EAA6
:10082000010019D0C8F140025046FFF79CFF054671
:100830000E46504659464246FFF786FF084305D00C
:10084000012004E020463946BDE8F08D0020054334
:1008500046EAE0762C4337430A986305E40AA0EBA6
:1008600008000022FD0A44EA47540A3002D500205D
:100870000146E9E7010510196941DDE9084500195C
:100880006941BDE8F04DA2E730B5041E71F10004E6
:1008900004DB4FF00044404264EB0101141E73F18D
:1008A000000405DB1C464FF00043524263EB040397
:1008B000994208BF904230BD1CB5094800900948D4
:1008C00001900546009C06E0E06840F0010394E8D2
:1008D000070098471034AC42F6D3FFF7FBFC00004A
:1008E0009CEA0108BCEA0108704730B50B46014696
:1008F00000202022012409E021FA02F59D4205D3BF
:1009000003FA02F5491B04FA02F52844151EA2F168
:100910000102F1DC30BDC1F30A52C1F3130140F210
:10092000FF3341F480119A4202DA002001467047F9
:1009300040F233439A42A2F2334202DC5242FFF7C2
:1009400012BFFFF701BF30B58C1810F8012B12F061
:100950000F0301D110F8013B120906D110F8012B49
:1009600003E010F8015B01F8015B5B1EF9D101E0C7
:1009700001F8013B521EFBD1A142E6D3002030BD5D
:1009800045F63451C2F2004108680130086042F275
:100990002861C2F200410120087070470000000089
:1009A00045F64451C2F2004108680130086042F245
:1009B0002961C2F200410120087070470000000068
:1009C00045F64C51C2F2004108680130086042F21D
:1009D0002A61C2F200410120087070470000000047
:1009E0001EF0040F0CBFEFF30880EFF3098001F055
:1009F00097B900000000000080B592B011901091EE
:100A0000119800684AF20001C4F20001884221D125
:100A1000FFE7119840F2B811C2F200410860109847
:100A20004863002006900890099002210A91012154
:100A300005910B910C900D9045F28800C2F2004098
:100A4000079008A904F050FC0599069A079804F04D
:100A50005BFB53E0119800684AF20041C4F20001C8
:100A600088421FD1FFE7119840F20821C2F20041ED
:100A700008601098486300200390089009900221B4
:100A80000A910B910C900D9045F22810C2F2004093
:100A9000049008A904F028FC039A0498102104F09B
:100AA00033FB2AE0119800684DF20041C4F20001C6
:100AB000884221D1FFE7119840F26021C2F2004143
:100AC0000860109848630020019008900990022166
:100AD0000A91012100910B910C900D9045F2C810E4
:100AE000C2F20040029008A904F0FEFB0099019AAE
:100AF000029804F009FBFFE7FFE7FFE7119805F014
:100B0000E3FC12B080BD000080B58EB00D90ADF852
:100B100032100B92ADF82A30BDF83200019000205F
:100B200002900390BDF82A00082804DCFFE7BDF816
:100B30002A000490FFE7BDF82A000C2803D1FFE744
:100B400009200490FFE7BDF82A00102803D1FFE731
:100B50000A200490FFE7BDF82A00142803D1FFE71C
:100B60000B200490FFE7BDF82A00182803D1FFE707
:100B70000C200490FFE7BDF82A00202803D1FFE7EE
:100B80000D200490FFE7BDF82A00302803D1FFE7CD
:100B90000E200490FFE7BDF82A00402803D1FFE7AC
:100BA0000F200490FFE70020059006900790089022
:100BB00009900D980B9A01A904F026FB0EB080BD98
:100BC00084B08DF80F000291ADF806209DF80F005B
:100BD0000146009123281DD80099DFE801F0121387
:100BE0001415161B1B1B1B1B1B1B1B1B1B1B1B1B67
:100BF0001B1B1B1B1B1B1B1B1B1B1B1B1B1B17184C
:100C0000191A08E007E006E005E004E003E002E06E
:100C100001E000E0FFE7002004B0704700000000A2
:100C2000002070470000000080B582B044F60C0040
:100C3000C2F20040009041F6A451C2F200410022ED
:100C4000019211F0B9FE009841F2A451C2F20041A4
:100C500011F092FE019802B080BD0000000000007B
:100C600080B584B003900291039944F60C00C2F25F
:100C70000040009011F080FE009811F021FE0399D1
:100C80000298026840F2C020C2F200400190303069
:100C9000FFF76BFB019802990968A0F86010426E9B
:100CA0000398029909689047002004B080BD0000B5
:100CB00083B0029001918DF8032000208DF802008E
:100CC0009DF9020003B0704780B586B00490ADF87E
:100CD0000E1000208DF80D0044F60C00C2F200400A
:100CE000D0F8BC0202900298D0F8140220B1FFE7BD
:100CF00001208DF8170013E00499BDF80E2044F68A
:100D00000C00C2F20040019011F056FE019811F063
:100D10005FFF8DF80D009DF80D008DF81700FFE7BF
:100D20009DF8170006B080BD80B544F6D830C2F2F9
:100D3000004002F0B1F880BD80B544F66030C2F2E8
:100D4000004002F0A9F880BD80B544F6E820C2F268
:100D5000004002F0A1F880BD80B544F6A860C2F260
:100D6000004002F099F880BD80B544F62070C2F2D0
:100D7000004002F091F880BD80B544F65040C2F2C8
:100D8000004002F089F880BD80B544F6C840C2F248
:100D9000004002F081F880BD80B544F64050C2F2B8
:100DA000004002F079F880BD80B544F6B850C2F238
:100DB000004002F071F880BD80B544F63060C2F2A8
:100DC000004002F069F880BD80B544F69870C2F228
:100DD000004002F061F880BD80B545F21000C2F21B
:100DE000004002F059F880BD83B00290029801687B
:100DF00001201022C4F202029142009000F0A38070
:100E0000FFE70298016801202822C4F20202914201
:100E1000009000F09880FFE70298016801204022CE
:100E2000C4F202029142009000F08D80FFE7029828
:100E3000016801205822C4F202029142009000F0A1
:100E40008280FFE70298016801207022C4F202024A
:100E50009142009077D0FFE7029801680120882234
:100E6000C4F20202914200906DD0FFE7029801683F
:100E70000120A022C4F202029142009063D0FFE759
:100E8000029801680120B822C4F202029142009047
:100E900059D0FFE702980168012040F21042C4F2E5
:100EA0000202914200904ED0FFE7029801680120B3
:100EB00040F22842C4F202029142009043D0FFE780
:100EC00002980168012040F24042C4F202029142BD
:100ED000009038D0FFE702980168012040F25842A4
:100EE000C4F20202914200902DD0FFE702980168FF
:100EF000012040F27042C4F202029142009022D0DE
:100F0000FFE702980168012040F28842C4F2020221
:100F10009142009017D0FFE702980168012040F24B
:100F2000A042C4F20202914200900CD0FFE7029866
:100F300000684FF64831CBF6FD710844B0FA80F0F6
:100F400040090090FFE70098C00740B3FFE7029810
:100F5000007810384AF6AB21CAF6AA21A0FB01108E
:100F600000090190019800F007014EF21070C0F6E0
:100F70000100405C0299C8650198042807D3FFE787
:100F800002990868042262F30900886506E0029964
:100F9000086840F2FF3290438865FFE705E0029958
:100FA000086820F0FF008865FFE70298806D03B0B5
:100FB000704700000000000084B0039003980068B0
:100FC000019003980168012045F20842C5F602022B
:100FD000914200904ED0FFE703980168012045F24E
:100FE0001C42C5F602029142009043D0FFE70398ED
:100FF0000168012045F23042C5F60202914200909C
:1010000038D0FFE703980168012045F24442C5F655
:101010000202914200902DD0FFE703980168012061
:1010200045F25842C5F602029142009022D0FFE7F5
:1010300003980168012045F26C42C5F60202914214
:10104000009017D0FFE703980168012045F2804225
:10105000C5F60202914200900CD0FFE703980068A9
:101060004AF66C31CAF2FD710844B0FA80F04009CA
:101070000090FFE70098C00710B3FFE703980078DF
:1010800008384CF6CD41CCF6CC41A0FB011000094C
:101090000290029945F60000C5F6020000EB8100BF
:1010A00003990866039945F68000C5F60200486674
:1010B000029800F01F01012088400399886635E0FE
:1010C0000398007810384AF6AB21CAF6AA21A0FB93
:1010D000011000090290019840F2B841C4F20201E7
:1010E00088420CD8FFE7019840F21041C4F2020197
:1010F000884204D3FFE7029808300290FFE7029984
:1011000040F60000C4F2020000EB8100039908667B
:10111000039940F68000C4F202004866029800F08D
:101120001F010120884003998866FFE704B07047DB
:1011300083B002900298007901900198002800F095
:101140008A80FFE70198082800F28580FFE702986F
:101150000168012045F20842C5F602029142009062
:101160004ED0FFE702980168012045F21C42C5F607
:1011700002029142009043D0FFE7029801680120EB
:1011800045F23042C5F602029142009038D0FFE7A6
:1011900002980168012045F24442C5F602029142DC
:1011A00000902DD0FFE702980168012045F25842D7
:1011B000C5F602029142009022D0FFE70298016832
:1011C000012045F26C42C5F602029142009017D010
:1011D000FFE702980168012045F28042C5F602024D
:1011E000914200900CD0FFE7029800684AF66C31FB
:1011F000CAF2FD710844B0FA80F040090090FFE7A0
:101200000098C00780B1FFE7019945F6FC00C5F6DC
:10121000020000EB81000299C866029945F6401071
:10122000C5F6020008670FE0019940F6FC00C4F221
:10123000020000EB81000299C866029940F6401056
:10124000C4F202000867FFE70198411E01208840B0
:1012500002994867FFE703B07047000000000000F4
:1012600085B0049000208DF80F000498806918BBA9
:10127000FFE70498806A029003281BD80299DFE8F0
:1012800001F0020D0218049890F82F00C00720B159
:10129000FFE701208DF80F00FFE70CE00498C06A1B
:1012A000B0F1C07F04D1FFE701208DF80F00FFE708
:1012B00001E000E0FFE747E004988069B0F5005FD7
:1012C00026D1FFE70498806A019003281ED801996F
:1012D000DFE801F00206021101208DF80F0016E090
:1012E000049890F82F00C00720B1FFE701208DF887
:1012F0000F00FFE70BE00498C06AB0F1C07F04D193
:10130000FFE701208DF80F00FFE700E0FFE71AE09C
:101310000498806A0090032804D3FFE7009803280C
:1013200004D00EE001208DF80F000BE0049890F837
:101330002F00C00720B1FFE701208DF80F00FFE765
:1013400000E0FFE7FFE7FFE79DF80F0005B07047FB
:1013500089B008900791069205930898806D0490D3
:101360000898806D03900898016801201022C4F24B
:1013700002029142029000F00381FFE708980168A1
:1013800001202822C4F202029142029000F0F8806B
:10139000FFE70898016801204022C4F2020291424E
:1013A000029000F0ED80FFE70898016801205822C4
:1013B000C4F202029142029000F0E280FFE7089836
:1013C000016801207022C4F202029142029000F0F2
:1013D000D780FFE70898016801208822C4F2020242
:1013E0009142029000F0CC80FFE70898016801204C
:1013F000A022C4F202029142029000F0C180FFE7F5
:10140000089801680120B822C4F2020291420290B9
:1014100000F0B680FFE708980168012040F2104212
:10142000C4F202029142029000F0AA80FFE70898FD
:101430000168012040F22842C4F202029142029067
:1014400000F09E80FFE708980168012040F24042CA
:10145000C4F202029142029000F09280FFE70898E5
:101460000168012040F25842C4F202029142029007
:1014700000F08680FFE708980168012040F2704282
:10148000C4F20202914202907AD0FFE70898016804
:10149000012040F28842C4F20202914202906FD0D1
:1014A000FFE708980168012040F2A042C4F202025E
:1014B0009142029064D0FFE708980168012040F251
:1014C000B842C4F202029142029059D0FFE7089854
:1014D0000168012045F20842C5F6020291420290DD
:1014E0004ED0FFE708980168012045F21C42C5F67E
:1014F00002029142029043D0FFE708980168012060
:1015000045F23042C5F602029142029038D0FFE720
:1015100008980168012045F24442C5F60202914252
:1015200002902DD0FFE708980168012045F258424B
:10153000C5F602029142029022D0FFE708980168A6
:10154000012045F26C42C5F602029142029017D08A
:10155000FFE708980168012045F28042C5F60202C3
:10156000914202900CD0FFE7089800684AF66C316F
:10157000CAF2FD710844B0FA80F040090290FFE71A
:101580000298C00770B1FFE70898416E806E48600E
:101590000898C06E28B1FFE70898016F406F486057
:1015A000FFE7FFE70898016801201022C4F2020259
:1015B0009142019000F0A380FFE7089801680120A4
:1015C0002822C4F202029142019000F09880FFE7C5
:1015D0000898016801204022C4F202029142019061
:1015E00000F08D80FFE70898016801205822C4F2BE
:1015F00002029142019000F08280FFE708980168A2
:1016000001207022C4F202029142019077D0FFE7DC
:101610000898016801208822C4F2020291420190D8
:101620006DD0FFE7089801680120A022C4F20202F1
:101630009142019063D0FFE7089801680120B82229
:10164000C4F202029142019059D0FFE70898016864
:10165000012040F21042C4F20202914201904ED0A9
:10166000FFE708980168012040F22842C4F2020214
:101670009142019043D0FFE708980168012040F2B1
:101680004042C4F202029142019038D0FFE708982C
:101690000168012040F25842C4F2020291420190D6
:1016A0002DD0FFE708980168012040F27042C4F293
:1016B00002029142019022D0FFE7089801680120C0
:1016C00040F28842C4F202029142019017D0FFE733
:1016D00008980168012040F2A042C4F2020291423F
:1016E00001900CD0FFE7089800684FF64831CBF620
:1016F000FD710844B0FA80F040090190FFE70198BD
:10170000C00750B3FFE70898C06D00F01F013F20ED
:1017100088400499886008980168086820F480204F
:10172000086005980899096848600898806840280A
:1017300009D1FFE706980899096888600798089911
:101740000968C86008E007980899096888600698E1
:1017500008990968C860FFE782E0089801680120DD
:1017600045F20842C5F60202914200904ED0FFE7D2
:1017700008980168012045F21C42C5F60202914218
:10178000009043D0FFE708980168012045F23042FD
:10179000C5F602029142009038D0FFE70898016830
:1017A000012045F24442C5F60202914200902DD03C
:1017B000FFE708980168012045F25842C5F6020289
:1017C0009142009022D0FFE708980168012045F27D
:1017D0006C42C5F602029142009017D0FFE70898CC
:1017E0000168012045F28042C5F602029142009054
:1017F0000CD0FFE7089800684AF66C31CAF2FD7118
:101800000844B0FA80F040090090FFE70098C00754
:1018100020B3FFE70898C06D00F01F010120884049
:101820000399486005980899096848600898806895
:10183000402809D1FFE70698089909688860079849
:1018400008990968C86008E00798089909688860DD
:10185000069808990968C860FFE700E0FFE7FFE71E
:1018600009B070470000000081B000904EF6FC51B6
:10187000CEF20001086840F08070086041F6B07157
:10188000CEF2000108684CF65562CCF2AC5210431F
:10189000086041F20401CEF200010020086041F22C
:1018A0000002CEF20002116841F0010111600099BE
:1018B00044F24022C0F20F024A4340F2A021C2F299
:1018C00000410A600A6844F6D353C1F26203A2FBE6
:1018D0000332920940F2A423C2F200431A6009685D
:1018E0004DF68362C4F21B32A1FB0221890C40F247
:1018F000A822C2F20042116040F2AC21C2F20041C3
:10190000086001B070470000704700000000000050
:1019100080B54FF4806004F06FFE4FF4006004F077
:101920006BFE4FF4805004F067FE80BD00000000A5
:1019300080B5082004F060FE80BD000000000000BB
:1019400080B5202004F058FE802004F055FE80BDB4
:1019500081B0EFF3108072B60090FFE7FEE7000061
:1019600080B545F28800C2F2004003F0D5FE80BD8C
:1019700080B545F22810C2F2004003F0CDFE80BDD4
:1019800080B545F22810C2F2004003F0C5FE80BDCC
:1019900080B545F2C810C2F2004003F0BDFE80BD24
:1019A00084B002900298406B009002980068D0F8D2
:1019B00084004FF6FC718843009940EA8100029947
:1019C0000968C1F8840002980068D0F8840020F407
:1019D0007F00029A1168926B40EA0240C1F88400CD
:1019E0000298816B00980844009002980068D0F833
:1019F00088006FF38F00009940EA8100029909681E
:101A0000C1F8880002980068D0F8880020F4FE0031
:101A1000029A1168D26B40EA0240C1F8880002982D
:101A2000C16B009800EB4100009002980068D0F86C
:101A3000A0006FF38F00009940EA810002990968C5
:101A4000C1F8A00002980068D0F8A00020F4FE00C1
:101A5000029A1168126C40EA0240C1F8A000029993
:101A6000086C496C009A00FB012000900298006805
:101A7000D0F8B0006FF38F00009940EA810002991E
:101A80000968C1F8B00002980068D0F8B00020F4EE
:101A9000FE00029A1168926C40EA0240C1F8B00060
:101AA0000299886CC96C009A00FB01200090029892
:101AB0000068D0F8AC006FF38F00009940EA810015
:101AC00002990968C1F8AC000299086D496D009A45
:101AD00000FB0120009002980068D0F8F0006FF33E
:101AE0008F00009940EA810002990968C1F8F0006E
:101AF00002980068D0F8F00020F47C10029A116877
:101B0000926D40EA0240C1F8F0000298816D0098A1
:101B100000EB4100009002980068D0F8C0006FF31D
:101B20008F00009940EA810002990968C1F8C0005D
:101B300002980068D0F8C00020F47C10029A116866
:101B4000D26D40EA0240C1F8C00002980068D0F8A7
:101B5000C00020F07C50029A1168126E40EA0260C8
:101B6000C1F8C00002994A6B4AF60040C4F2000076
:101B700000EB8200C86602998A6BC86E00EB820097
:101B800008670299CA6B086F00EBC20048670299A8
:101B90000A6C4B6C486F5A4300EB820088670299CD
:101BA0008A6CCB6C886F5A4300EB8200C86702993D
:101BB0000A6D4B6DC86F5A4300EB8200C1F880007C
:101BC00002998A6DD1F8800000EBC200C1F8840050
:101BD0000299CA6D8B6ED1F884005A4300EB8200E3
:101BE000C1F8880002990A6E8B6ED1F888005A43BA
:101BF00000EB8200C1F890000298D0F890004DF2FE
:101C0000FD31C4F2000188420FD3FFE70299D1F8F9
:101C10009C0040F02000C1F89C000299032081F84C
:101C2000980001208DF80F0017E00298C06E019017
:101C3000FFE701980299D1F89010884208D2FFE797
:101C4000019900200860FFE7019804300190F0E757
:101C5000FFE700208DF80F00FFE79DF80F0004B0AC
:101C6000704700000000000088B0079006910592C0
:101C700004930698406848B9FFE7069801688268AF
:101C80000069104340EA8140039009E0069801682A
:101C9000826800691043084340F080400390FFE7EA
:101CA0000698D0F820C0C16842698369C06940EADB
:101CB0000C601843104340EA014002900798826E7E
:101CC000D0F884000499514300EB810001900398FF
:101CD0000199086001980430019002980199086008
:101CE00001980430019000200090FFE700980699C9
:101CF000CA684EF20071C0F60101895C88420DD2BB
:101D0000FFE7059800994058019908600198043050
:101D10000190FFE7009804300090E7E708B07047B3
:101D200082B001900198006844F2EC71C2F2004167
:101D30000091086001984068486001988068886058
:101D40000198C068C86001980069086101984069FD
:101D500048610198806988610198C069C8614EF640
:101D60002850CEF20000006844F2DC71C2F200415B
:101D700008604EF62C50CEF20000006844F2E0718C
:101D8000C2F2004108604EF63450CEF20000006806
:101D900044F2E871C2F2004108604EF63850CEF2CB
:101DA0000000006844F2D871C2F200410860019856
:101DB000406944F2E471C2F20041086000BEFFE7EE
:101DC00000BFFDE7000000004EF62451CEF20001F6
:101DD000086840F4E02008604EF61451CEF200018D
:101DE000086840F010000860704700000000000024
:101DF00080B584B04EF60000C1F6F1700068039023
:101E00004EF60400C1F6F170006802904EF608002C
:101E1000C1F6F1700068019001990398084403909D
:101E2000039888B1FFE7039840F25411C2F20041D1
:101E30000091023108220BF0B7FF0099029812318D
:101E400004220BF0B1FFFFE704B080BD00000000EA
:101E500045F63C51C2F2004108680130086042F288
:101E60002B61C2F2004101200870704700000000A1
:101E700080B58AB0089004F0F3FD0490089828B962
:101E8000FFE701208DF8270000F0AABC089890F821
:101E9000350002280ED0FFE7089980204865FFE74B
:101EA0000899002081F83400FFE701208DF8270011
:101EB00000F096BC0898016801201022C4F20202CA
:101EC0009142039000F0A380FFE708980168012089
:101ED0002822C4F202029142039000F09880FFE7AA
:101EE0000898016801204022C4F202029142039046
:101EF00000F08D80FFE70898016801205822C4F2A5
:101F000002029142039000F08280FFE70898016886
:101F100001207022C4F202029142039077D0FFE7C1
:101F20000898016801208822C4F2020291420390BD
:101F30006DD0FFE7089801680120A022C4F20202D8
:101F40009142039063D0FFE7089801680120B8220E
:101F5000C4F202029142039059D0FFE70898016849
:101F6000012040F21042C4F20202914203904ED08E
:101F7000FFE708980168012040F22842C4F20202FB
:101F80009142039043D0FFE708980168012040F296
:101F90004042C4F202029142039038D0FFE7089811
:101FA0000168012040F25842C4F2020291420390BB
:101FB0002DD0FFE708980168012040F27042C4F27A
:101FC00002029142039022D0FFE7089801680120A5
:101FD00040F28842C4F202029142039017D0FFE718
:101FE00008980168012040F2A042C4F20202914226
:101FF00003900CD0FFE7089800684FF64831CBF605
:10200000FD710844B0FA80F040090390FFE703989F
:10201000C00780B1FFE708980168086820F01E003B
:10202000086008980168486920F0800048610898B5
:102030000068059009E008980168086820F00E0023
:102040000860089800680590FFE70898016801207B
:102050001022C4F202029142029000F00381FFE7D5
:102060000898016801202822C4F2020291420290DD
:1020700000F0F880FFE70898016801204022C4F2D0
:1020800002029142029000F0ED80FFE7089801689B
:1020900001205822C4F202029142029000F0E28034
:1020A000FFE70898016801207022C4F20202914201
:1020B000029000F0D780FFE708980168012088228D
:1020C000C4F202029142029000F0CC80FFE708982F
:1020D00001680120A022C4F202029142029000F0A5
:1020E000C180FFE7089801680120B822C4F202020B
:1020F0009142029000F0B680FFE708980168012045
:1021000040F21042C4F202029142029000F0AA8012
:10211000FFE708980168012040F22842C4F2020259
:102120009142029000F09E80FFE70898016801202C
:1021300040F24042C4F202029142029000F09280CA
:10214000FFE708980168012040F25842C4F20202F9
:102150009142029000F08680FFE708980168012014
:1021600040F27042C4F20202914202907AD0FFE73C
:1021700008980168012040F28842C4F202029142AC
:1021800002906FD0FFE708980168012040F2A0425A
:10219000C4F202029142029064D0FFE708980168FD
:1021A000012040F2B842C4F202029142029059D09A
:1021B000FFE708980168012045F20842C5F60202CF
:1021C000914202904ED0FFE708980168012045F245
:1021D0001C42C5F602029142029043D0FFE70898E4
:1021E0000168012045F23042C5F602029142029098
:1021F00038D0FFE708980168012045F24442C5F64F
:102200000202914202902DD0FFE708980168012058
:1022100045F25842C5F602029142029022D0FFE7F1
:1022200008980168012045F26C42C5F6020291420D
:10223000029017D0FFE708980168012045F280421C
:10224000C5F60202914202900CD0FFE708980068A0
:102250004AF66C31CAF2FD710844B0FA80F04009C8
:102260000290FFE70298C00738B1FFE70898016EB7
:10227000086820F480700860FFE708980068102163
:10228000C4F20201884200F08180FFE708980068EC
:102290002821C4F20201884278D0FFE7089800683C
:1022A0004021C4F20201884270D0FFE7089800681C
:1022B0005821C4F20201884268D0FFE708980068FC
:1022C0007021C4F20201884260D0FFE708980068DC
:1022D0008821C4F20201884258D0FFE708980068BC
:1022E000A021C4F20201884250D0FFE7089800689C
:1022F000B821C4F20201884248D0FFE7089800687C
:1023000040F21041C4F2020188423FD0FFE7089832
:10231000006840F22841C4F20201884236D0FFE74B
:102320000898006840F24041C4F2020188422DD072
:10233000FFE70898006840F25841C4F20201884261
:1023400024D0FFE70898006840F27041C4F202010F
:1023500088421BD0FFE70898006840F28841C4F229
:102360000201884212D0FFE70898006840F2A041BD
:10237000C4F20201884209D0FFE70898006840F2E1
:10238000B841C4F20201884207D1FFE7089801680A
:10239000086820F00100086006E0089801680868F5
:1023A00020F001000860FFE7FFE705980068C0071C
:1023B000C8B1FFE704F054FB0499401A062811D372
:1023C000FFE70899202048650899032081F8350027
:1023D000FFE70899002081F83400FFE701208DF81D
:1023E0002700FDE1E1E70898016801201022C4F20E
:1023F00002029142019000F0A380FFE70898016873
:1024000001202822C4F202029142019000F098803B
:10241000FFE70898016801204022C4F202029142BD
:10242000019000F08D80FFE7089801680120582294
:10243000C4F202029142019000F08280FFE7089806
:10244000016801207022C4F202029142019077D00B
:10245000FFE70898016801208822C4F20202914235
:1024600001906DD0FFE7089801680120A022C4F216
:1024700002029142019063D0FFE7089801680120B1
:10248000B822C4F202029142019059D0FFE70898A5
:102490000168012040F21042C4F202029142019010
:1024A0004ED0FFE708980168012040F22842C4F2AC
:1024B00002029142019043D0FFE708980168012091
:1024C00040F24042C4F202029142019038D0FFE74C
:1024D00008980168012040F25842C4F20202914279
:1024E00001902DD0FFE708980168012040F270426A
:1024F000C4F202029142019022D0FFE708980168DD
:10250000012040F28842C4F202029142019017D0A9
:10251000FFE708980168012040F2A042C4F20202DD
:10252000914201900CD0FFE7089800684FF64831BF
:10253000CBF6FD710844B0FA80F040090190FFE746
:102540000198C00760B1FFE70898806D0790089870
:10255000C06D00F01F013F208840079988600BE0A4
:102560000898806D06900898C06D00F01F0101204A
:10257000884006994860FFE708980168012010220A
:10258000C4F202029142009000F00381FFE7089834
:10259000016801202822C4F202029142009000F05A
:1025A000F880FFE70898016801204022C4F2020287
:1025B0009142009000F0ED80FFE70898016801204B
:1025C0005822C4F202029142009000F0E280FFE73C
:1025D0000898016801207022C4F202029142009022
:1025E00000F0D780FFE70898016801208822C4F234
:1025F00002029142009000F0CC80FFE70898016849
:102600000120A022C4F202029142009000F0C18099
:10261000FFE7089801680120B822C4F20202914243
:10262000009000F0B680FFE708980168012040F2B2
:102630001042C4F202029142009000F0AA80FFE72B
:1026400008980168012040F22842C4F20202914237
:10265000009000F09E80FFE708980168012040F29A
:102660004042C4F202029142009000F09280FFE7E3
:1026700008980168012040F25842C4F202029142D7
:10268000009000F08680FFE708980168012040F282
:102690007042C4F20202914200907AD0FFE708989B
:1026A0000168012040F28842C4F202029142009087
:1026B0006FD0FFE708980168012040F2A042C4F201
:1026C00002029142009064D0FFE70898016801205F
:1026D00040F2B842C4F202029142009059D0FFE7A2
:1026E00008980168012045F20842C5F602029142AD
:1026F00000904ED0FFE708980168012045F21C4287
:10270000C5F602029142009043D0FFE708980168A5
:10271000012045F23042C5F602029142009038D0C5
:10272000FFE708980168012045F24442C5F602021D
:10273000914200902DD0FFE708980168012045F2F2
:102740005842C5F602029142009022D0FFE7089855
:102750000168012045F26C42C5F6020291420090E8
:1027600017D0FFE708980168012045F28042C5F6BE
:102770000202914200900CD0FFE7089800684AF6E8
:102780006C31CAF2FD710844B0FA80F04009009043
:10279000FFE70098C007A0B1FFE70898416E806E80
:1027A00048600898C06E58B1FFE70898C16E086885
:1027B00020F4807008600898016F406F4860FFE760
:1027C000FFE70899012081F83500FFE7089900200C
:1027D00081F83400FFE7FFE700208DF82700FFE7CE
:1027E0009DF827000AB080BD80B586B0049004989B
:1027F00020B9FFE701208DF8170046E3049890F810
:102800003500022807D0FFE70499802048650120A1
:102810008DF8170039E30498016801201022C4F2F2
:1028200002029142029000F0A380FFE70498016841
:1028300001202822C4F202029142029000F0988006
:10284000FFE70498016801204022C4F2020291428D
:10285000029000F08D80FFE7049801680120582263
:10286000C4F202029142029000F08280FFE70498D5
:10287000016801207022C4F202029142029077D0D6
:10288000FFE70498016801208822C4F20202914205
:1028900002906DD0FFE7049801680120A022C4F2E5
:1028A00002029142029063D0FFE704980168012080
:1028B000B822C4F202029142029059D0FFE7049874
:1028C0000168012040F21042C4F2020291420290DB
:1028D0004ED0FFE704980168012040F22842C4F27C
:1028E00002029142029043D0FFE704980168012060
:1028F00040F24042C4F202029142029038D0FFE717
:1029000004980168012040F25842C4F20202914248
:1029100002902DD0FFE704980168012040F2704238
:10292000C4F202029142029022D0FFE704980168AB
:10293000012040F28842C4F202029142029017D074
:10294000FFE704980168012040F2A042C4F20202AD
:10295000914202900CD0FFE7049800684FF648318E
:10296000CBF6FD710844B0FA80F040090290FFE711
:102970000298C007002800F09D80FFE7049904201A
:1029800081F83500049800681021C4F202018842E1
:1029900000F08180FFE7049800682821C4F202015A
:1029A000884278D0FFE7049800684021C4F2020111
:1029B000884270D0FFE7049800685821C4F20201F1
:1029C000884268D0FFE7049800687021C4F20201D1
:1029D000884260D0FFE7049800688821C4F20201B1
:1029E000884258D0FFE704980068A021C4F2020191
:1029F000884250D0FFE704980068B821C4F2020171
:102A0000884248D0FFE70498006840F21041C4F2C1
:102A1000020188423FD0FFE70498006840F2284155
:102A2000C4F20201884236D0FFE70498006840F201
:102A30004041C4F2020188422DD0FFE704980068AB
:102A400040F25841C4F20201884224D0FFE70498C2
:102A5000006840F27041C4F2020188421BD0FFE7D7
:102A60000498006840F28841C4F20201884212D002
:102A7000FFE70498006840F2A041C4F202018842D6
:102A800009D0FFE70498006840F2B841C4F202019F
:102A9000884207D1FFE704980168086820F0010028
:102AA000086006E004980168086820F001000860EA
:102AB000FFE7E5E104980168086820F00E0008606F
:102AC000049800681021C4F20201884200F081805D
:102AD000FFE7049800682821C4F20201884278D0F8
:102AE000FFE7049800684021C4F20201884270D0D8
:102AF000FFE7049800685821C4F20201884268D0B8
:102B0000FFE7049800687021C4F20201884260D097
:102B1000FFE7049800688821C4F20201884258D077
:102B2000FFE704980068A021C4F20201884250D057
:102B3000FFE704980068B821C4F20201884248D037
:102B4000FFE70498006840F21041C4F20201884295
:102B50003FD0FFE70498006840F22841C4F2020128
:102B6000884236D0FFE70498006840F24041C4F242
:102B7000020188422DD0FFE70498006840F25841D6
:102B8000C4F20201884224D0FFE70498006840F2B2
:102B90007041C4F2020188421BD0FFE7049800682C
:102BA00040F28841C4F20201884212D0FFE7049843
:102BB000006840F2A041C4F20201884209D0FFE758
:102BC0000498006840F2B841C4F20201884207D17B
:102BD000FFE704980168086820F00100086006E03B
:102BE00004980168086820F001000860FFE7049875
:102BF000016801201022C4F202029142019000F00B
:102C00000381FFE70498016801202822C4F2020230
:102C10009142019000F0F880FFE7049801680120DC
:102C20004022C4F202029142019000F0ED80FFE7E1
:102C30000498016801205822C4F2020291420190D6
:102C400000F0E280FFE70498016801207022C4F2DE
:102C500002029142019000F0D780FFE704980168DA
:102C600001208822C4F202029142019000F0CC803F
:102C7000FFE7049801680120A022C4F202029142F9
:102C8000019000F0C180FFE7049801680120B8229C
:102C9000C4F202029142019000F0B680FFE704986E
:102CA0000168012040F21042C4F2020291420190F8
:102CB00000F0AA80FFE704980168012040F2284252
:102CC000C4F202029142019000F09E80FFE7049856
:102CD0000168012040F24042C4F202029142019098
:102CE00000F09280FFE704980168012040F258420A
:102CF000C4F202029142019000F08680FFE704983E
:102D00000168012040F27042C4F202029142019037
:102D10007AD0FFE704980168012040F28842C4F2AB
:102D20000202914201906FD0FFE7049801680120F0
:102D300040F2A042C4F202029142019064D0FFE747
:102D400004980168012040F2B842C4F202029142A4
:102D5000019059D0FFE704980168012045F208422C
:102D6000C5F60202914201904ED0FFE70498016837
:102D7000012045F21C42C5F602029142019043D067
:102D8000FFE704980168012045F23042C5F60202CF
:102D90009142019038D0FFE704980168012045F284
:102DA0004442C5F60202914201902DD0FFE70498FB
:102DB0000168012045F25842C5F602029142019095
:102DC00022D0FFE704980168012045F26C42C5F665
:102DD00002029142019017D0FFE704980168012098
:102DE00045F28042C5F60202914201900CD0FFE705
:102DF000049800684AF66C31CAF2FD710844B0FAD2
:102E000080F040090190FFE70198C00728B3FFE771
:102E10000498016E086820F4807008600498806D42
:102E200003900498C06D00F01F01012088400399B1
:102E300048600498416E806E48600498C06E58B136
:102E4000FFE70498C16E086820F480700860049859
:102E5000016F406F4860FFE7FFE70499012081F8A8
:102E60003500FFE70499002081F83400FFE704985B
:102E7000006D20B1FFE70498016D8847FFE7FFE789
:102E8000FFE700208DF81700FFE79DF8170006B058
:102E900080BD00000000000080B590B00F900020C1
:102EA0000B9040F29800C2F20040006848F2B51161
:102EB000C1F64E31A0FB0110800A0A900F98806D78
:102EC00009900F98806D0890099800680E900898F6
:102ED00000680D900F98016801201022C4F20202D0
:102EE0009142079000F0A380FFE70F98016801204E
:102EF0002822C4F202029142079000F09880FFE776
:102F00000F98016801204022C4F20202914207900A
:102F100000F08D80FFE70F98016801205822C4F26D
:102F200002029142079000F08280FFE70F9801684B
:102F300001207022C4F202029142079077D0FFE78D
:102F40000F98016801208822C4F202029142079082
:102F50006DD0FFE70F9801680120A022C4F20202A1
:102F60009142079063D0FFE70F9801680120B822D3
:102F7000C4F202029142079059D0FFE70F9801680E
:102F8000012040F21042C4F20202914207904ED05A
:102F9000FFE70F980168012040F22842C4F20202C4
:102FA0009142079043D0FFE70F980168012040F25B
:102FB0004042C4F202029142079038D0FFE70F98D6
:102FC0000168012040F25842C4F202029142079087
:102FD0002DD0FFE70F980168012040F27042C4F243
:102FE00002029142079022D0FFE70F98016801206A
:102FF00040F28842C4F202029142079017D0FFE7E4
:103000000F980168012040F2A042C4F202029142EE
:1030100007900CD0FFE70F9800684FF64831CBF6C9
:10302000FD710844B0FA80F040090790FFE7079867
:10303000C007002800F01385FFE70E980F99C96DAF
:1030400001F01F01C8400007002840F1B080FFE7F1
:103050000F9800681021C4F20201884200F08180BC
:10306000FFE70F9800682821C4F20201884278D057
:10307000FFE70F9800684021C4F20201884270D037
:10308000FFE70F9800685821C4F20201884268D017
:10309000FFE70F9800687021C4F20201884260D0F7
:1030A000FFE70F9800688821C4F20201884258D0D7
:1030B000FFE70F980068A021C4F20201884250D0B7
:1030C000FFE70F980068B821C4F20201884248D097
:1030D000FFE70F98006840F21041C4F202018842F5
:1030E0003FD0FFE70F98006840F22841C4F2020188
:1030F000884236D0FFE70F98006840F24041C4F2A2
:10310000020188422DD0FFE70F98006840F2584135
:10311000C4F20201884224D0FFE70F98006840F211
:103120007041C4F2020188421BD0FFE70F9800688B
:1031300040F28841C4F20201884212D0FFE70F98A2
:10314000006840F2A041C4F20201884209D0FFE7C2
:103150000F98006840F2B841C4F20201884207D1DA
:10316000FFE70F980068006800F00400069006E092
:103170000F980068006800F008000690FFE70698C6
:10318000A0B1FFE70F980168086820F0040008600C
:103190000F98C06D00F01F010820884009998860D1
:1031A0000F99486D40F001004865FFE7FFE70E9872
:1031B0000F99C96D01F01F01C840C007002800F039
:1031C000A980FFE70F9800681021C4F2020188422D
:1031D00000F08180FFE70F9800682821C4F2020107
:1031E000884278D0FFE70F9800684021C4F20201BE
:1031F000884270D0FFE70F9800685821C4F202019E
:10320000884268D0FFE70F9800687021C4F202017D
:10321000884260D0FFE70F9800688821C4F202015D
:10322000884258D0FFE70F980068A021C4F202013D
:10323000884250D0FFE70F980068B821C4F202011D
:10324000884248D0FFE70F98006840F21041C4F26E
:10325000020188423FD0FFE70F98006840F2284102
:10326000C4F20201884236D0FFE70F98006840F2AE
:103270004041C4F2020188422DD0FFE70F98006858
:1032800040F25841C4F20201884224D0FFE70F986F
:10329000006840F27041C4F2020188421BD0FFE78F
:1032A0000F98006840F28841C4F20201884212D0AF
:1032B000FFE70F98006840F2A041C4F20201884283
:1032C00009D0FFE70F98006840F2B841C4F202014C
:1032D000884207D1FFE70F980068406900F080003E
:1032E000059005E00F980068006800200590FFE752
:1032F000059870B1FFE70F98C06D00F01F01012025
:103300008840099988600F99486D40F0020048652F
:10331000FFE7FFE70E980F99C96D01F01F01C84044
:103320004007002840F1A980FFE70F9800681021AE
:10333000C4F20201884200F08180FFE70F98006824
:103340002821C4F20201884278D0FFE70F98006874
:103350004021C4F20201884270D0FFE70F98006854
:103360005821C4F20201884268D0FFE70F98006834
:103370007021C4F20201884260D0FFE70F98006814
:103380008821C4F20201884258D0FFE70F980068F4
:10339000A021C4F20201884250D0FFE70F980068D4
:1033A000B821C4F20201884248D0FFE70F980068B4
:1033B00040F21041C4F2020188423FD0FFE70F986B
:1033C000006840F22841C4F20201884236D0FFE78B
:1033D0000F98006840F24041C4F2020188422DD0AB
:1033E000FFE70F98006840F25841C4F2020188429A
:1033F00024D0FFE70F98006840F27041C4F2020148
:1034000088421BD0FFE70F98006840F28841C4F261
:103410000201884212D0FFE70F98006840F2A041F5
:10342000C4F20201884209D0FFE70F98006840F219
:10343000B841C4F20201884207D1FFE70F98006843
:10344000006800F00200049005E00F980068006832
:1034500000200490FFE7049870B1FFE70F98C06D5B
:1034600000F01F0104208840099988600F99486D79
:1034700040F004004865FFE7FFE70E980F99C96D1B
:1034800001F01F01C840C006002840F1DE80FFE7C0
:103490000F9800681021C4F20201884200F0818078
:1034A000FFE70F9800682821C4F20201884278D013
:1034B000FFE70F9800684021C4F20201884270D0F3
:1034C000FFE70F9800685821C4F20201884268D0D3
:1034D000FFE70F9800687021C4F20201884260D0B3
:1034E000FFE70F9800688821C4F20201884258D093
:1034F000FFE70F980068A021C4F20201884250D073
:10350000FFE70F980068B821C4F20201884248D052
:10351000FFE70F98006840F21041C4F202018842B0
:103520003FD0FFE70F98006840F22841C4F2020143
:10353000884236D0FFE70F98006840F24041C4F25D
:10354000020188422DD0FFE70F98006840F25841F1
:10355000C4F20201884224D0FFE70F98006840F2CD
:103560007041C4F2020188421BD0FFE70F98006847
:1035700040F28841C4F20201884212D0FFE70F985E
:10358000006840F2A041C4F20201884209D0FFE77E
:103590000F98006840F2B841C4F20201884207D196
:1035A000FFE70F980068006800F00800039006E04D
:1035B0000F980068006800F004000390FFE703988C
:1035C000002841D0FFE70F98C06D00F01F011020C8
:1035D0008840099988600F980068006840030028B7
:1035E0001AD5FFE70F98006800680003002809D487
:1035F000FFE70F98006C20B1FFE70F98016C884738
:10360000FFE708E00F98806C20B1FFE70F98816C0E
:103610008847FFE7FFE716E00F9800680068C005DD
:10362000002807D4FFE70F980168086820F0080019
:103630000860FFE70F98006C20B1FFE70F98016C5E
:103640008847FFE7FFE7FFE7FFE70E980F99C96D8F
:1036500001F01F01C8408006002840F12681FFE7E5
:103660000F9800681021C4F20201884200F08180A6
:10367000FFE70F9800682821C4F20201884278D041
:10368000FFE70F9800684021C4F20201884270D021
:10369000FFE70F9800685821C4F20201884268D001
:1036A000FFE70F9800687021C4F20201884260D0E1
:1036B000FFE70F9800688821C4F20201884258D0C1
:1036C000FFE70F980068A021C4F20201884250D0A1
:1036D000FFE70F980068B821C4F20201884248D081
:1036E000FFE70F98006840F21041C4F202018842DF
:1036F0003FD0FFE70F98006840F22841C4F2020172
:10370000884236D0FFE70F98006840F24041C4F28B
:10371000020188422DD0FFE70F98006840F258411F
:10372000C4F20201884224D0FFE70F98006840F2FB
:103730007041C4F2020188421BD0FFE70F98006875
:1037400040F28841C4F20201884212D0FFE70F988C
:10375000006840F2A041C4F20201884209D0FFE7AC
:103760000F98006840F2B841C4F20201884207D1C4
:10377000FFE70F980068006800F01000029006E074
:103780000F980068006800F002000290FFE70298BE
:10379000002800F08980FFE70F98C06D00F01F013E
:1037A00020208840099988600F9890F835000428F7
:1037B00037D1FFE70F980168086820F0160008600D
:1037C0000F980168486920F0800048610F98006CEC
:1037D00020B9FFE70F98806C38B1FFE70F980168B8
:1037E000086820F008000860FFE70F98C06D00F03F
:1037F0001F013F208840099988600F99012081F8B6
:103800003500FFE70F99002081F83400FFE70F989B
:10381000006D20B1FFE70F98016D8847FFE700F0CA
:1038200019BC0F9800680068400300281AD5FFE70C
:103830000F98006800680003002809D4FFE70F987C
:10384000406C20B1FFE70F98416C8847FFE708E024
:103850000F98C06B20B1FFE70F98C16B8847FFE757
:10386000FFE720E00F9800680068C005002811D429
:10387000FFE70F980168086820F0100008600F99B2
:10388000012081F83500FFE70F99002081F834000E
:10389000FFE7FFE70F98C06B20B1FFE70F98C16B00
:1038A0008847FFE7FFE7FFE7FFE70F98406D002835
:1038B00000F0D480FFE70F98406DC007002800F0AB
:1038C000C480FFE70F99042081F835000F98006845
:1038D0001021C4F20201884200F08180FFE70F98B6
:1038E00000682821C4F20201884278D0FFE70F98CF
:1038F00000684021C4F20201884270D0FFE70F98AF
:1039000000685821C4F20201884268D0FFE70F988E
:1039100000687021C4F20201884260D0FFE70F986E
:1039200000688821C4F20201884258D0FFE70F984E
:103930000068A021C4F20201884250D0FFE70F982E
:103940000068B821C4F20201884248D0FFE70F980E
:10395000006840F21041C4F2020188423FD0FFE704
:103960000F98006840F22841C4F20201884236D024
:10397000FFE70F98006840F24041C4F2020188421C
:103980002DD0FFE70F98006840F25841C4F20201C1
:10399000884224D0FFE70F98006840F27041C4F2DB
:1039A000020188421BD0FFE70F98006840F288416F
:1039B000C4F20201884212D0FFE70F98006840F27B
:1039C000A041C4F20201884209D0FFE70F980068C5
:1039D00040F2B841C4F20201884207D1FFE70F98D4
:1039E0000168086820F00100086006E00F9801688F
:1039F000086820F001000860FFE7FFE70B9801303E
:103A00000B900A99884201D9FFE707E0FFE70F987A
:103A100000680068C0070028F0D1FFE70F98006831
:103A20000068C00728B1FFE70F99032081F835002F
:103A300004E00F99012081F83500FFE7FFE70F99B7
:103A4000002081F83400FFE7FFE70F98C06C20B139
:103A5000FFE70F98C16C8847FFE7FFE7FAE20F988E
:103A60000168012045F20842C5F602029142019028
:103A70004ED0FFE70F980168012045F21C42C5F6C1
:103A800002029142019043D0FFE70F9801680120A4
:103A900045F23042C5F602029142019038D0FFE76C
:103AA0000F980168012045F24442C5F60202914296
:103AB00001902DD0FFE70F980168012045F2584290
:103AC000C5F602029142019022D0FFE70F980168EB
:103AD000012045F26C42C5F602029142019017D0D6
:103AE000FFE70F980168012045F28042C5F6020207
:103AF000914201900CD0FFE70F9800684AF66C31B4
:103B0000CAF2FD710844B0FA80F040090190FFE765
:103B10000198C007002800F09B82FFE70F9800681B
:103B200000680C900D980F99C96D01F01F01C840F5
:103B30004007002840F1D780FFE79DF8300040079C
:103B4000002840F1D080FFE70F98C06D00F01F0102
:103B500004208840089948609DF83100000600283C
:103B600018D5FFE79DF83200C00748B9FFE70F9866
:103B7000806C20B1FFE70F98816C8847FFE708E071
:103B80000F98006C20B1FFE70F98016C8847FFE7A2
:103B9000FFE7A7E09DF830008006002800F199803B
:103BA000FFE70F9800681021C4F20201884200F07C
:103BB0008180FFE70F9800682821C4F20201884243
:103BC00078D0FFE70F9800684021C4F202018842D4
:103BD00070D0FFE70F9800685821C4F202018842B4
:103BE00068D0FFE70F9800687021C4F20201884294
:103BF00060D0FFE70F9800688821C4F20201884274
:103C000058D0FFE70F980068A021C4F20201884253
:103C100050D0FFE70F980068B821C4F20201884233
:103C200048D0FFE70F98006840F21041C4F202014B
:103C300088423FD0FFE70F98006840F22841C4F265
:103C40000201884236D0FFE70F98006840F24041F9
:103C5000C4F2020188422DD0FFE70F98006840F2BD
:103C60005841C4F20201884224D0FFE70F9800684F
:103C700040F27041C4F2020188421BD0FFE70F9866
:103C8000006840F28841C4F20201884212D0FFE786
:103C90000F98006840F2A041C4F20201884209D0A6
:103CA000FFE70F98006840F2B841C4F20201884271
:103CB00007D1FFE70F980168086820F00800086046
:103CC00006E00F980168086820F004000860FFE72C
:103CD000FFE70F98006C20B1FFE70F98016C884751
:103CE000FFE7FFE7B3E10D980F99C96D01F01F01E0
:103CF000C8408007002840F1E180FFE79DF83000D0
:103D00008007002840F1DA80FFE70F98C06D00F0CF
:103D10001F0102208840089948609DF83100000684
:103D2000002818D5FFE79DF83200C00748B9FFE723
:103D30000F98406C20B1FFE70F98416C8847FFE770
:103D400008E00F98C06B20B1FFE70F98C16B884760
:103D5000FFE7FFE7B1E09DF830008006002800F1A2
:103D6000A380FFE70F9800681021C4F20201884287
:103D700000F08180FFE70F9800682821C4F202015B
:103D8000884278D0FFE70F9800684021C4F2020112
:103D9000884270D0FFE70F9800685821C4F20201F2
:103DA000884268D0FFE70F9800687021C4F20201D2
:103DB000884260D0FFE70F9800688821C4F20201B2
:103DC000884258D0FFE70F980068A021C4F2020192
:103DD000884250D0FFE70F980068B821C4F2020172
:103DE000884248D0FFE70F98006840F21041C4F2C3
:103DF000020188423FD0FFE70F98006840F2284157
:103E0000C4F20201884236D0FFE70F98006840F202
:103E10004041C4F2020188422DD0FFE70F980068AC
:103E200040F25841C4F20201884224D0FFE70F98C3
:103E3000006840F27041C4F2020188421BD0FFE7E3
:103E40000F98006840F28841C4F20201884212D003
:103E5000FFE70F98006840F2A041C4F202018842D7
:103E600009D0FFE70F98006840F2B841C4F20201A0
:103E7000884207D1FFE70F980168086820F0140016
:103E8000086006E00F980168086820F00A000860E2
:103E9000FFE70F99012081F83500FFE70F99002017
:103EA00081F83400FFE7FFE70F98C06B20B1FFE710
:103EB0000F98C16B8847FFE7FFE7C7E00D980F99A0
:103EC000C96D01F01F01C8400007002840F1BC8007
:103ED000FFE79DF830000007002840F1B580FFE7BC
:103EE0000F9800681021C4F20201884200F081801E
:103EF000FFE70F9800682821C4F20201884278D0B9
:103F0000FFE70F9800684021C4F20201884270D098
:103F1000FFE70F9800685821C4F20201884268D078
:103F2000FFE70F9800687021C4F20201884260D058
:103F3000FFE70F9800688821C4F20201884258D038
:103F4000FFE70F980068A021C4F20201884250D018
:103F5000FFE70F980068B821C4F20201884248D0F8
:103F6000FFE70F98006840F21041C4F20201884256
:103F70003FD0FFE70F98006840F22841C4F20201E9
:103F8000884236D0FFE70F98006840F24041C4F203
:103F9000020188422DD0FFE70F98006840F2584197
:103FA000C4F20201884224D0FFE70F98006840F273
:103FB0007041C4F2020188421BD0FFE70F980068ED
:103FC00040F28841C4F20201884212D0FFE70F9804
:103FD000006840F2A041C4F20201884209D0FFE724
:103FE0000F98006840F2B841C4F20201884207D13C
:103FF000FFE70F980168086820F01C00086006E0E1
:104000000F980168086820F00E000860FFE70F981D
:10401000C06D00F01F01012000FA01F1089A516003
:104020000F9948650F9981F83500FFE70F99002037
:1040300081F83400FFE70F98C06C20B1FFE70F98BC
:10404000C16C8847FFE700E0FFE7FFE7FFE700E01C
:10405000FFE7FFE710B080BD10B58EB00C9002F006
:10406000FFFC0A900C9828B9FFE701208DF8370073
:1040700000F09EBC0C98016801201022C4F20202DC
:104080009142079000F0A380FFE70C98016801209F
:104090002822C4F202029142079000F09880FFE7C4
:1040A0000C98016801204022C4F20202914207905C
:1040B00000F08D80FFE70C98016801205822C4F2BF
:1040C00002029142079000F08280FFE70C9801689D
:1040D00001207022C4F202029142079077D0FFE7DC
:1040E0000C98016801208822C4F2020291420790D4
:1040F0006DD0FFE70C9801680120A022C4F20202F3
:104100009142079063D0FFE70C9801680120B82224
:10411000C4F202029142079059D0FFE70C9801685F
:10412000012040F21042C4F20202914207904ED0A8
:10413000FFE70C980168012040F22842C4F2020215
:104140009142079043D0FFE70C980168012040F2AC
:104150004042C4F202029142079038D0FFE70C9827
:104160000168012040F25842C4F2020291420790D5
:104170002DD0FFE70C980168012040F27042C4F294
:1041800002029142079022D0FFE70C9801680120BB
:1041900040F28842C4F202029142079017D0FFE732
:1041A0000C980168012040F2A042C4F20202914240
:1041B00007900CD0FFE70C9800684FF64831CBF61B
:1041C000FD710844B0FA80F040090790FFE70798B6
:1041D000C007002800F07881FFE70C98406A08B11A
:1041E000FFE7FFE70C99022081F83500FFE70C9903
:1041F000002081F83400FFE70C9800681021C4F219
:104200000201884200F08180FFE70C9800682821B5
:10421000C4F20201884278D0FFE70C980068402180
:10422000C4F20201884270D0FFE70C980068582160
:10423000C4F20201884268D0FFE70C980068702140
:10424000C4F20201884260D0FFE70C980068882120
:10425000C4F20201884258D0FFE70C980068A02100
:10426000C4F20201884250D0FFE70C980068B821E0
:10427000C4F20201884248D0FFE70C98006840F27F
:104280001041C4F2020188423FD0FFE70C98006859
:1042900040F22841C4F20201884236D0FFE70C9870
:1042A000006840F24041C4F2020188422DD0FFE78D
:1042B0000C98006840F25841C4F20201884224D0B0
:1042C000FFE70C98006840F27041C4F20201884296
:1042D0001BD0FFE70C98006840F28841C4F202014D
:1042E000884212D0FFE70C98006840F2A041C4F267
:1042F0000201884209D0FFE70C98006840F2B841FB
:10430000C4F20201884207D1FFE70C9801680868EF
:1043100020F00100086006E00C980168086820F0B1
:1043200001000860FFE7FFE70C9800680068C0071D
:1043300098B1FFE702F094FB0A99401A06280BD3C4
:10434000FFE70C99202048650C99032081F835007F
:1043500001208DF837002BE3E6E70C980068006831
:104360000B900B9848F23F01CFF6106108400B907C
:104370000C998868D1F80CC00B694A6940EA0C00B6
:10438000184310438A691043CA691043096A0143FC
:104390000B9808430B900C98406A042808D1FFE75B
:1043A0000C99C86A096B01430B9808430B90FFE70F
:1043B0000C984068292807D3FFE70C984168012032
:1043C0002F29069036D3FFE70C9840683F2807D383
:1043D000FFE70C9841680120432906902AD3FFE7A4
:1043E0000C984068472807D3FFE70C9841680120E4
:1043F000492906901ED3FFE70C9840684F2807D341
:10440000FFE70C98416801205329069012D3FFE77B
:104410000C98416800207429059008D3FFE70C9898
:1044200041680020782938BF01200590FFE70598F2
:104430000690FFE70698C00728B1FFE70B9840F405
:1044400080100B90FFE70B980C99096808600C9896
:10445000006840690B900B9820F007000B900C98B7
:10446000416A0B9808430B900C98406A04281AD1B3
:10447000FFE70C98816A0B9808430B900C98C06A70
:1044800080B1FFE70C98FCF7EBFE50B1FFE70C9909
:10449000402048650C99012081F835008DF83700DF
:1044A00086E2FFE7FFE70B980C99096848610C98D2
:1044B000FCF79AFC09900C98C06D00F01F013F209A
:1044C00088400999886026E10C980168012045F22E
:1044D0000842C5F60202914204904ED0FFE70C98C4
:1044E0000168012045F21C42C5F602029142049087
:1044F00043D0FFE70C980168012045F23042C5F631
:1045000002029142049038D0FFE70C980168012024
:1045100045F24442C5F60202914204902DD0FFE7D5
:104520000C980168012045F25842C5F602029142FA
:10453000049022D0FFE70C980168012045F26C42FC
:10454000C5F602029142049017D0FFE70C9801686B
:10455000012045F28042C5F60202914204900CD03F
:10456000FFE70C9800684AF66C31CAF2FD71084406
:10457000B0FA80F040090490FFE70498C0070028D3
:1045800000F0BD80FFE70C980168012045F2084269
:10459000C5F60202914203904ED0FFE70C980168E5
:1045A000012045F21C42C5F602029142039043D01D
:1045B000FFE70C980168012045F23042C5F602027F
:1045C0009142039038D0FFE70C980168012045F232
:1045D0004442C5F60202914203902DD0FFE70C98A9
:1045E0000168012045F25842C5F60202914203904B
:1045F00022D0FFE70C980168012045F26C42C5F615
:1046000002029142039017D0FFE70C980168012045
:1046100045F28042C5F60202914203900CD0FFE7BA
:104620000C9800684AF66C31CAF2FD710844B0FA81
:1046300080F040090390FFE70398C00708B1FFE747
:10464000FFE70C99022081F83500FFE70C99002064
:1046500081F83400FFE70C98006800680B900B9815
:104660006FF310100B900C988068402803D1FFE77F
:104670001020029008E00C9880688038B0FA80F032
:10468000400980030290FFE702980C99CA680B6901
:10469000D1F814C0D1F818E0CC694EEA040E4CEA07
:1046A0000E0C43EA0C031A4340EAD200096A40EABE
:1046B00011110B9808430B900B980C99096808602E
:1046C0000C9908684AF6F832CAF2FD7210444CF6AA
:1046D000CD42CCF6CC42A0FB02026FF0030000EA10
:1046E0009200C8650C98FCF77FFB08900C98C06D91
:1046F00000F01F0101208840089948600AE00C99E9
:10470000402048650C99032081F8350001208DF880
:1047100037004DE1FFE70C98016801201022C4F238
:1047200002029142019000F00381FFE70C980168BA
:1047300001202822C4F202029142019000F0F88088
:10474000FFE70C98016801204022C4F20202914266
:10475000019000F0ED80FFE70C98016801205822DD
:10476000C4F202029142019000F0E280FFE70C984F
:10477000016801207022C4F202029142019000F00F
:10478000D780FFE70C98016801208822C4F202025A
:104790009142019000F0CC80FFE70C980168012065
:1047A000A022C4F202029142019000F0C180FFE712
:1047B0000C9801680120B822C4F2020291420190D3
:1047C00000F0B680FFE70C980168012040F210422B
:1047D000C4F202029142019000F0AA80FFE70C9817
:1047E0000168012040F22842C4F202029142019085
:1047F00000F09E80FFE70C980168012040F24042E3
:10480000C4F202029142019000F09280FFE70C98FE
:104810000168012040F25842C4F202029142019024
:1048200000F08680FFE70C980168012040F270429A
:10483000C4F20202914201907AD0FFE70C9801681D
:10484000012040F28842C4F20202914201906FD0EE
:10485000FFE70C980168012040F2A042C4F2020276
:104860009142019064D0FFE70C980168012040F26A
:10487000B842C4F202029142019059D0FFE70C986D
:104880000168012045F20842C5F6020291420190FA
:104890004ED0FFE70C980168012045F21C42C5F696
:1048A00002029142019043D0FFE70C980168012079
:1048B00045F23042C5F602029142019038D0FFE73E
:1048C0000C980168012045F24442C5F6020291426B
:1048D00001902DD0FFE70C980168012045F2584265
:1048E000C5F602029142019022D0FFE70C980168C0
:1048F000012045F26C42C5F602029142019017D0A8
:10490000FFE70C980168012045F28042C5F60202DB
:10491000914201900CD0FFE70C9800684AF66C3188
:10492000CAF2FD710844B0FA80F040090190FFE737
:104930000198C00790B3FFE70C98FCF73DFB0C987B
:104940008068802804D1FFE70C9900204860FFE7C9
:104950000C990879096E08600C98416E806E486069
:104960000C98406888B1FFE70C98406808280CD87C
:10497000FFE70C98FCF7DCFB0C98C16E0020086088
:104980000C98016F406F486007E00C990020C866E2
:104990000C9908670C994867FFE7FFE70C9900201E
:1049A00048650C9A012182F835108DF83700FFE731
:1049B0009DF837000EB010BD80B588B00690059107
:1049C0000492039300208DF80B00069820B9FFE7AE
:1049D00001208DF81F006CE3FFE7069890F8340083
:1049E000012804D1FFE702208DF81F0061E306993A
:1049F000012081F83400FFE7FFE7069890F83500C2
:104A0000012840F04383FFE70699022081F8350032
:104A1000069900204865069800681021C4F202013A
:104A2000884200F08180FFE7069800682821C4F2E0
:104A30000201884278D0FFE7069800684021C4F25E
:104A40000201884270D0FFE7069800685821C4F23E
:104A50000201884268D0FFE7069800687021C4F21E
:104A60000201884260D0FFE7069800688821C4F2FE
:104A70000201884258D0FFE706980068A021C4F2DE
:104A80000201884250D0FFE706980068B821C4F2BE
:104A90000201884248D0FFE70698006840F21041C2
:104AA000C4F2020188423FD0FFE70698006840F256
:104AB0002841C4F20201884236D0FFE70698006818
:104AC00040F24041C4F2020188422DD0FFE706982F
:104AD000006840F25841C4F20201884224D0FFE746
:104AE0000698006840F27041C4F2020188421BD06F
:104AF000FFE70698006840F28841C4F2020188424C
:104B000012D0FFE70698006840F2A041C4F202010B
:104B1000884209D0FFE70698006840F2B841C4F225
:104B20000201884207D1FFE706980168086820F073
:104B30000100086006E006980168086820F001009E
:104B40000860FFE706980599049A039BFCF700FCB0
:104B50000698016801201022C4F2020291420190DD
:104B600000F0A380FFE70698016801202822C4F224
:104B700002029142019000F09880FFE706980168D8
:104B800001204022C4F202029142019000F08D8087
:104B9000FFE70698016801205822C4F20202914200
:104BA000019000F08280FFE70698016801207022E2
:104BB000C4F202029142019077D0FFE706980168A3
:104BC00001208822C4F20202914201906DD0FFE7D9
:104BD000069801680120A022C4F2020291420190CD
:104BE00063D0FFE7069801680120B822C4F20202F0
:104BF0009142019059D0FFE706980168012040F2E8
:104C00001042C4F20202914201904ED0FFE7069892
:104C10000168012040F22842C4F202029142019050
:104C200043D0FFE706980168012040F24042C4F2F9
:104C300002029142019038D0FFE7069801680120F6
:104C400040F25842C4F20202914201902DD0FFE797
:104C500006980168012040F27042C4F202029142BB
:104C6000019022D0FFE706980168012040F28842B7
:104C7000C4F202029142019017D0FFE70698016842
:104C8000012040F2A042C4F20202914201900CD0F5
:104C9000FFE7069800684FF64831CBF6FD710844EF
:104CA000B0FA80F040090190FFE70198C007A8B171
:104CB000FFE70698006800680B2161F3440006993D
:104CC000096808600698006C38B1FFE7069801682B
:104CD000086840F008000860FFE714E006980068E4
:104CE0000068052161F34300069909680860069889
:104CF000006C38B1FFE706980168086840F00400CE
:104D00000860FFE7FFE70698016801201022C4F25F
:104D100002029142009000F00381FFE706980168CB
:104D200001202822C4F202029142009000F0F88093
:104D3000FFE70698016801204022C4F20202914276
:104D4000009000F0ED80FFE70698016801205822EE
:104D5000C4F202029142009000F0E280FFE7069860
:104D6000016801207022C4F202029142009000F01A
:104D7000D780FFE70698016801208822C4F202026A
:104D80009142009000F0CC80FFE706980168012076
:104D9000A022C4F202029142009000F0C180FFE71D
:104DA000069801680120B822C4F2020291420090E4
:104DB00000F0B680FFE706980168012040F210423B
:104DC000C4F202029142009000F0AA80FFE7069828
:104DD0000168012040F22842C4F202029142009090
:104DE00000F09E80FFE706980168012040F24042F3
:104DF000C4F202029142009000F09280FFE7069810
:104E00000168012040F25842C4F20202914200902F
:104E100000F08680FFE706980168012040F27042AA
:104E2000C4F20202914200907AD0FFE7069801682E
:104E3000012040F28842C4F20202914200906FD0F9
:104E4000FFE706980168012040F2A042C4F2020286
:104E50009142009064D0FFE706980168012040F27B
:104E6000B842C4F202029142009059D0FFE706987E
:104E70000168012045F20842C5F602029142009005
:104E80004ED0FFE706980168012045F21C42C5F6A6
:104E900002029142009043D0FFE70698016801208A
:104EA00045F23042C5F602029142009038D0FFE749
:104EB00006980168012045F24442C5F6020291427B
:104EC00000902DD0FFE706980168012045F2584276
:104ED000C5F602029142009022D0FFE706980168D1
:104EE000012045F26C42C5F602029142009017D0B3
:104EF000FFE706980168012045F28042C5F60202EC
:104F0000914200900CD0FFE7069800684AF66C3199
:104F1000CAF2FD710844B0FA80F040090090FFE742
:104F20000098C007D0B1FFE70698006E0068C00384
:104F3000002807D5FFE70698016E086840F48070E6
:104F40000860FFE70698C06E38B1FFE70698C16EAB
:104F5000086840F480700860FFE7FFE70698006883
:104F60001021C4F20201884200F08180FFE7069818
:104F700000682821C4F20201884278D0FFE7069831
:104F800000684021C4F20201884270D0FFE7069811
:104F900000685821C4F20201884268D0FFE70698F1
:104FA00000687021C4F20201884260D0FFE70698D1
:104FB00000688821C4F20201884258D0FFE70698B1
:104FC0000068A021C4F20201884250D0FFE7069891
:104FD0000068B821C4F20201884248D0FFE7069871
:104FE000006840F21041C4F2020188423FD0FFE75E
:104FF0000698006840F22841C4F20201884236D087
:10500000FFE70698006840F24041C4F2020188427E
:105010002DD0FFE70698006840F25841C4F2020123
:10502000884224D0FFE70698006840F27041C4F23D
:10503000020188421BD0FFE70698006840F28841D1
:10504000C4F20201884212D0FFE70698006840F2DD
:10505000A041C4F20201884209D0FFE70698006827
:1050600040F2B841C4F20201884207D1FFE7069836
:105070000168086840F00100086006E006980168D1
:10508000086840F001000860FFE70DE006994FF462
:1050900000604865FFE70699002081F83400FFE7CB
:1050A00001208DF80B00FFE79DF80B008DF81F0025
:1050B000FFE79DF81F0008B080BD00000000000061
:1050C00080B584B0039001F0CBFC0290039801906E
:1050D0000198013048B1FFE740F27C10C2F2004075
:1050E0000178019808440190FFE7FFE701F0B8FC60
:1050F0000299401A0199884201D2FFE7F6E704B00D
:1051000080BD00000000000085B003900291019274
:10511000039890F898008DF803009DF8030001288B
:1051200005D0FFE79DF8030002285DD1FFE7029854
:1051300003990968896D084207D1FFE70398016860
:10514000C86D40F00100C86515E002980399096830
:10515000896D08400299884207D1FFE703980168EA
:10516000C86D40F00200C86504E0039801680320A0
:10517000C865FFE7FFE79DF809008007002809D50B
:10518000FFE7019A03980168D1F8E0001043C1F8E5
:10519000E000FFE79DF809004007002809D5FFE778
:1051A000019A03980168D1F8E4001043C1F8E400C3
:1051B000FFE7FFE702984FF6FF71C3F6CF7100EAF1
:1051C000010203980168486D10434865029A4AF647
:1051D0001401C4F20001086840EA92700860FFE719
:1051E00000208DF813000AE00399D1F89C0040F0EC
:1051F0000200C1F89C0001208DF81300FFE79DF824
:10520000130005B07047000080B586B0049003918C
:1052100002920398406808B9FFE700E0FFE70498AE
:1052200090F89800022845D1FFE704980068D0F86C
:10523000C00010F07C5F0BD1FFE70499D1F89C000F
:1052400040F02000C1F89C0001208DF817003CE0E0
:1052500004980068D0F8C400800200280BD5FFE74E
:105260000499D1F89C0040F40070C1F89C00012022
:105270008DF8170029E004980068D0F8C400C0F346
:105280000440019004980399029A019BFCF7ECFCFE
:105290000199012000FA01F1049A1268C2F8D010B5
:1052A000019988400499C1F89400FFE700208DF827
:1052B00017000AE00499D1F89C0040F00800C1F8FA
:1052C0009C0001208DF81700FFE79DF8170006B03D
:1052D00080BD00000000000082B00190009102B08B
:1052E000704700000000000087B005900491059809
:1052F00090F898008DF803009DF80300012805D070
:10530000FFE79DF8030002286AD1FFE70498C06810
:10531000072801D1FFE7FFE70498006878BBFFE7A3
:105320000498C068072801D0FFE7FFE70498C06829
:1053300007280CD1FFE7049A10699169D26900042B
:1053400040EA0220084340F0605003900CE00499CA
:105350008868CB680A694969800740EAC36040EA07
:10536000024008430390FFE70598C06E049949681E
:1053700000EB810001900398019908602CE00498EB
:10538000C068072801D0FFE7FFE70498C1680069FB
:1053900040EA417003900498C068072804D1FFE7F1
:1053A00004988069029006E004988168406940EAA8
:1053B00081700290FFE70598006F0499496800EB3F
:1053C000C100019003980199086001980430019090
:1053D000029801990860FFE700208DF81B000AE0A1
:1053E0000599D1F89C0040F00200C1F89C00012012
:1053F0008DF81B00FFE79DF81B0007B07047000009
:1054000081B0009001B0704782B00190009102B06D
:1054100070470000000000008AB0089007910692D3
:10542000059300200190089890F898008DF80300EB
:105430009DF80300022840F05C81FFE707984028B0
:1054400051D1FFE708980068D0F8A00010F4FE0FD3
:105450000BD1FFE70899D1F89C0040F02000C1F87B
:105460009C0001208DF827004EE108980068D0F8D4
:10547000A400400658B9FFE70899D1F89C0040F411
:105480008070C1F89C0001208DF827003CE108984D
:105490000068D0F8A40000F080710120B0EB116F1B
:1054A0000DD1FFE708980068D0F8A0100120B0EBFC
:1054B000D17F03D1FFE701200190FFE7FFE70898C4
:1054C0000068D0F8A40000F47C51019800EB112092
:1054D00001900898426C406F0199514300EB8100A4
:1054E0000490FFE770E00798412851D1FFE7089842
:1054F0000068D0F8B00010F4FE0F0BD1FFE7089958
:10550000D1F89C0040F02000C1F89C0001208DF8EB
:105510002700F9E008980068D0F8B400400658B9B0
:10552000FFE70899D1F89C0040F48070C1F89C0016
:1055300001208DF82700E7E008980068D0F8B40053
:1055400000F080710120B0EB116F0DD1FFE70898DA
:105550000068D0F8B0100120B0EBD17F03D1FFE795
:1055600001200190FFE7FFE708980068D0F8B40039
:1055700000F47C51019800EB112001900898C26C56
:10558000806F0199514300EB81000490FFE71AE01E
:1055900007980899096D88420BD3FFE70899D1F85D
:1055A0009C0040F02000C1F89C0001208DF82700ED
:1055B000AAE00898426DC06F0799514300EB810043
:1055C0000490FFE7FFE7FFE70498006800F08040E1
:1055D000069948600698406838B9FFE70498006863
:1055E000C0F38A400699086006E00498006820F03D
:1055F000604006990860FFE70498006800F00050DA
:10560000069988600498006800F0004006990861D7
:10561000049804300490049800880699C86104989E
:105620000068C0F303400699C8600498006800F45D
:105630008010069948610498006800F400100699EB
:10564000886104980068C0F30660069908620498AF
:105650000068C00F069948620498043004900498CA
:10566000039000200290FFE702980699CA684EF264
:105670000071C0F60101895C88420AD2FFE70398F5
:10568000029A805C05998854FFE7029801300290E5
:10569000EAE70798402806D1FFE7019808990968CA
:1056A000C1F8A80021E00798412806D1FFE701983A
:1056B00008990968C1F8B80016E007981F2808D8AB
:1056C000FFE707990120884008990968C1F8980008
:1056D00009E0079800F01F01012088400899096837
:1056E000C1F89C00FFE7FFE7FFE700208DF82700E7
:1056F0000AE00899D1F89C0040F00800C1F89C002D
:1057000001208DF82700FFE79DF827000AB07047B9
:1057100081B0009001B0704780B594B013904AF604
:105720001000C4F200000068800712904AF61400CE
:10573000C4F200000168129800EA81701290139878
:105740000068006D00F47040119013980068416D7E
:1057500011980840119013980068006D00F00F0038
:10576000109013980068416D10980840109013989D
:105770000068006D00F0F0000F9013980068416D14
:105780000F9808400F9013980068006D00F071505A
:105790000E9013980068416D0E9808400E90139873
:1057A0000068006D00F060700D9013980068416D06
:1057B0000D9808400D9013980068406D0390139861
:1057C0000068006D01909DF80D00C007B8B1FFE7BB
:1057D0009DF80500C00788B1FFE7FFE7139801684F
:1057E0004FF4807008654AF61001C4F200010020F1
:1057F0000860FFE71398FFF78BFFFFE7FFE79DF8CF
:105800000D0000F004010020B0EB910F28D0FFE75D
:105810009DF8050000F004010020B0EB910F1ED0B0
:10582000FFE713980068D0F8DC000B90139800682D
:10583000D0F8E4100B9808400B90FFE7139801682C
:105840004FF4806008654AF61001C4F200010020A0
:105850000860FFE713980B9900F086FEFFE7FFE76B
:105860001298B8B1FFE7FFE712984FF6FF71C3F641
:10587000CF7108401399096808651298800F4AF69D
:105880001001C4F200010860FFE713981299FFF7B6
:1058900023FDFFE71198B8B1FFE7FFE711984FF636
:1058A000FF71C3F6CF710840139909680865119814
:1058B000800F4AF61001C4F200010860FFE7139858
:1058C000119900F065FEFFE71098B8B1FFE7FFE718
:1058D00010984FF6FF71C3F6CF710840139909680D
:1058E00008651098800F4AF61001C4F200010860A4
:1058F000FFE71398109900F02FFDFFE70F98B8B15C
:10590000FFE7FFE70F984FF6FF71C3F6CF7108402E
:105910001399096808650F98800F4AF61001C4F2C0
:1059200000010860FFE713980F9900F071FDFFE791
:105930009DF80D0000F008010020B0EBD10F1BD046
:10594000FFE79DF8050000F008010020B0EBD10F43
:1059500011D0FFE7FFE7139801684FF40060086576
:105960004AF61001C4F2000100200860FFE7139816
:1059700000F016FEFFE7FFE79DF80D0000F00201C2
:105980000020B0EB510F28D0FFE79DF8050000F094
:1059900002010020B0EB510F1ED0FFE71398006802
:1059A000D0F8D8000C9013980068D0F8E0100C984C
:1059B00008400C90FFE7139801684FF400700865E9
:1059C0004AF61001C4F2000100200860FFE71398B6
:1059D0000C9900F0D1FDFFE7FFE79DF80E0000F005
:1059E00008010020B0EBD10F1BD0FFE79DF80600A7
:1059F00000F008010020B0EBD10F11D0FFE7FFE766
:105A0000139801684FF4002008654AF61001C4F2AB
:105A1000000100200860FFE7139800F099FCFFE701
:105A2000FFE79DF80E00C007B8B1FFE79DF806003C
:105A3000C00788B1FFE7FFE7139801684FF4803093
:105A400008654AF61001C4F2000100200860FFE773
:105A5000139800F085FDFFE7FFE79DF80E0000F0CA
:105A600004010020B0EB910F1BD0FFE79DF806006A
:105A700000F004010020B0EB910F11D0FFE7FFE729
:105A8000139801684FF4802008654AF61001C4F2AB
:105A9000000100200860FFE7139800F05DFDFFE7BC
:105AA000FFE79DF80E0000F002010020B0EB510F5F
:105AB0001FD0FFE79DF8060000F002010020B0EBC8
:105AC000510F15D0FFE7FFE7139801684FF400303E
:105AD00008654AF61001C4F2000100200860FFE7E3
:105AE0001399D1F89C0040F08000C1F89C00FFE7BA
:105AF000FFE70D98B8B1FFE7FFE70D984FF6FF718C
:105B0000C3F6CF7108401399096808650D98800F96
:105B10004AF61001C4F200010860FFE713980D99DE
:105B2000FFF772FCFFE70E98D0B1FFE7FFE70E9892
:105B30004FF6FF71C3F6CF710840139909680865E5
:105B40000E98800F4AF61001C4F200010860FFE7CA
:105B50000E9A1399D1F89C001043C1F89C00FFE7FE
:105B6000139800684AF20001C4F20001884240F034
:105B7000B980FFE71398406880688007002800F02C
:105B8000B080FFE713984068006A00F00F000A90A9
:105B900013984068416A0A9808400A901398406830
:105BA000006A00F03000099013984068416A099833
:105BB0000840099013984068006A00F4C07008908B
:105BC00013984068416A0898084008901398406804
:105BD000006A00F4FC40079013984068416A0798F7
:105BE0000840079013984068006A00F4F02006907F
:105BF00013984068416A06980840069013984068D8
:105C0000406A029013984068006A00900A9848B170
:105C1000FFE70A9813994968086213980A9900F0F7
:105C200083FCFFE7099848B1FFE709981399496891
:105C300008621398099900F087FCFFE79DF80800B7
:105C400000F040010020B0EB911F1FD0FFE79DF84E
:105C5000000000F040010020B0EB911F15D0FFE7DD
:105C600013984068C06B000C059013984068C06B97
:105C700000F03F0004901398416840200862139898
:105C80000599049A00F058FCFFE7FFE7089848B12F
:105C9000FFE708981399496808621398089900F07B
:105CA0003BFCFFE7079860B1FFE707981399496845
:105CB0000862079A1399D1F89C001043C1F89C0020
:105CC000FFE7069860B1FFE70698139949680862F4
:105CD000069A1399D1F89C001043C1F89C00FFE785
:105CE000FFE7FFE71398D0F89C0020B1FFE7139877
:105CF000FFF786FBFFE714B080BD00000000000046
:105D000080B598B016904EF2A461C0F6010101A8CA
:105D10004C22FAF72AFB169820B9FFE701208DF8EC
:105D20005F00D9E1169800684AF20001C4F2000150
:105D3000884206D1FFE71699086800F58070486030
:105D4000FFE716988068B0F5407F01D1FFE7FFE7D5
:105D50001698006C08B1FFE7FFE71698806C08B151
:105D6000FFE7FFE71698006D08B1FFE7FFE7169819
:105D7000006E08B1FFE7FFE71699C86D096E084489
:105D800008B1FFE7FFE7169890F8980040B9FFE7E1
:105D90001699002081F89900169800F0A1F9FFE704
:105DA00016980168886920F01000886100F058FE9C
:105DB0001590FFE71698006880690007002817D53E
:105DC000FFE700F04DFE1599401A0B280FD3FFE7AF
:105DD0001699D1F89C0040F00100C1F89C0016997A
:105DE000032081F8980001208DF85F0074E1E1E75D
:105DF00016980168886940F00100886100F030FE63
:105E00001590FFE7169800688069C007B8B9FFE7EA
:105E100000F026FE1599401A0B280FD3FFE71699BC
:105E2000D1F89C0040F00100C1F89C0016990320B5
:105E300081F8980001208DF85F004DE1E2E71698A7
:105E40000168886940F0020088611698007C01288A
:105E500007D1FFE716980168886920F04000886143
:105E600006E016980168886940F040008861FFE705
:105E70001698407C012807D1FFE7169801688869C9
:105E800040F48040886106E016980168886920F433
:105E900080408861FFE71698807C012807D1FFE7E2
:105EA00016980168886920F48050886106E0169889
:105EB0000168886940F480508861FFE7169800689F
:105EC000806920F44070169A1168926810438861C6
:105ED00016980168886920F0A40088611698016806
:105EE000086920F0100008611698C068012807D1E1
:105EF000FFE716980168886940F0040088612BE08C
:105F00001698C06830B3FFE71698C068022819D009
:105F1000FFE716980168886940F08000886116984C
:105F20000168086940F0100008611698C0680328ED
:105F300007D1FFE716980168886940F02000886162
:105F4000FFE706E016980168886940F02000886144
:105F5000FFE700E0FFE7FFE7169A116853699069D1
:105F6000D2F81CE0A0F1010C6FF0FF0000EB0E2056
:105F700040EA4C60126A013A10430022CFF6FF72E9
:105F800002EB03421043C86116988068B0F5407F69
:105F90001CD1FFE7169A1168536A906AD2F82CE078
:105FA00001386FF0FF0C0CEB0E2C40EA0C00D2F81D
:105FB00030C06FF00F0202EB0C1210430022CFF63C
:105FC000FF7202EB03421043C860FFE71698006EB1
:105FD00048B1FFE716980168426ED1F8C00010433F
:105FE000C1F8C000FFE71699C86D096E084480B17A
:105FF000FFE716980068D0F8C80020F00700169A4E
:106000001168936E01AA52F823201043C1F8C8000A
:10601000FFE71698006C80B1FFE716980068D0F88B
:10602000BC0020F00700169A1168536C01AA52F8C0
:1060300023201043C1F8BC00FFE71698806C88B19C
:10604000FFE716980068D0F8BC0020F07000169AA0
:106050001168D36C01AA52F8232040EA0210C1F85B
:10606000BC00FFE71698006D88B1FFE7169800683E
:10607000D0F8BC0020F4E060169A1168536D01AAB4
:1060800052F8232040EA0220C1F8BC00FFE716982E
:1060900000684AF20001C4F20001884207D1FFE71C
:1060A00016984168886820F003008860FFE7169919
:1060B0000020C1F894001699C1F89C00169901209F
:1060C00081F898001698FBF76BFC8DF853009DF84B
:1060D00053008DF85F00FFE79DF85F0018B080BDAA
:1060E00080B5C2B04190002040903F903E903D90DE
:1060F0003C900EA8B821FAF751F9419800684AF28D
:106100000001C4F20001884255D1FFE700200F9042
:106110004FF400400E904FF0805029900EA802F0EE
:10612000B7FA18B1FFE7FBF713FCFFE740F2B42022
:10613000C2F200400168013101600068012810D1FD
:10614000FFE7FFE744F2EC40C5F60200016841F4C6
:1061500080710160006800F480700D900D98FFE779
:10616000FFE7FFE744F2E040C5F60200016841F0B6
:1061700008010160006800F008000C900C98FFE72F
:1061800003203C9002203D90002006903E903F90DE
:106190000920409040F60040C5F602003CA900F0FE
:1061A00047FA069A13200790012100F079FD07981D
:1061B00000F06AFDC7E0419800684AF20041C4F26D
:1061C000000188425ED1FFE700200F904FF40040AD
:1061D0000E904FF0805029900EA802F059FA18B195
:1061E000FFE7FBF7B5FBFFE740F2B420C2F2004047
:1061F0000168013101600068012810D1FFE7FFE765
:1062000044F2EC40C5F60200016841F4807101607F
:10621000006800F480700B900B98FFE7FFE7FFE742
:1062200044F2E040C5F60200016841F0020101605D
:10623000006800F002000A900A98FFE760203C9096
:1062400002203D90002004903E903F900920409015
:1062500040F20040C5F602003CA900F0E9F9049ABA
:1062600014200390012100F01BFD039800F00CFDA9
:10627000049A16200590114600F012FD059800F0D2
:1062800003FD5FE0419800684DF20041C4F2000157
:10629000884256D1FFE700200F904FF400400E9047
:1062A0004FF0805029900EA802F0F2F918B1FFE7E4
:1062B000FBF74EFBFFE740F2B420C2F2004001685A
:1062C000013101600068012810D1FFE7FFE744F2C7
:1062D000EC40C5F60200016841F48071016000687D
:1062E00000F4807009900998FFE7FFE7FFE744F2A8
:1062F000E040C5F60200016841F008010160006855
:1063000000F0080008900898FFE74FF440503C90D8
:1063100002203D90002001903E903F90052040904B
:1063200040F60040C5F602003CA900F081F9019A50
:106330009F200290032100F0B3FC029800F0A4FC1F
:10634000FFE7FFE7FFE742B080BD0000000000006C
:1063500081B0009001B0704780B588B00790069179
:10636000079800684AF20001C4F20001884212D185
:10637000FFE7079840F2B811C2F2004104910A1DEC
:10638000059201F12C034021FFF746F80499059886
:10639000496B884737E0079800684AF20041C4F229
:1063A0000001884212D1FFE7079840F20821C2F2AB
:1063B000004102910A1D039201F12C034021FFF7D5
:1063C0002BF802990398496B88471BE007980068EF
:1063D0004DF20041C4F20001884212D1FFE7079854
:1063E00040F26021C2F2004100910A1D019201F1C8
:1063F0002C034021FFF710F800990198496B88475A
:10640000FFE7FFE7FFE708B080BD000000000000E5
:1064100080B588B007900691079800684AF200019D
:10642000C4F20001884212D1FFE7079840F2B81188
:10643000C2F2004104910A1D059201F12C03412191
:10644000FEF7EAFF04990598496B884737E00798FB
:1064500000684AF20041C4F20001884212D1FFE70D
:10646000079840F20821C2F2004102910A1D0392EE
:1064700001F12C034121FEF7CFFF02990398496BEC
:1064800088471BE0079800684DF20041C4F2000104
:10649000884212D1FFE7079840F26021C2F2004122
:1064A00000910A1D019201F12C034121FEF7B4FF76
:1064B00000990198496B8847FFE7FFE7FFE708B0BD
:1064C00080BD00000000000082B00090009890F8AD
:1064D0009800012811D1FFE70099022081F8980067
:1064E00000980168886920F0010088610099002007
:1064F000C1F89C008DF807000AE00099D1F89C00D3
:1065000040F00400C1F89C0001208DF80700FFE76F
:106510009DF8070002B0704782B00190009102B070
:10652000704700000000000082B00190009102B0AE
:10653000704700000000000083B0029001910092BB
:1065400003B070470000000082B00190009102B0DB
:10655000704700000000000081B0009001B070475B
:1065600081B0009001B0704782B00190009102B0FC
:10657000704700000000000082B00190009145F6D5
:106580005051C2F2004108680130086002B0704703
:1065900082B00190009102B070470000000000003E
:1065A00081B0009001B0704780B582B0ADF80600B0
:1065B000BDF80600082803D1FFE7FAF7F1F9FFE775
:1065C000BDF80600802803D1FFE7FAF7F9F9FFE7E5
:1065D000BDF80600202803D1FFE7FAF7D1F9FFE75D
:1065E000BDF80600B0F5006F03D1FFE7FBF730FC04
:1065F000FFE702B080BD000080B582B0ADF80600B4
:106600008820C5F600000068BDF8061008420BD0CF
:10661000FFE7BDF806008821C5F600010860BDF857
:106620000600FFF7C1FFFFE702B080BD00000000D9
:106630008FB00E900D9100200C908020C5F60000C8
:106640000990FFE70D9800680C99C840002800F0F9
:10665000C181FFE70D9800680C9A01219140084024
:106660000B900B98002800F0B181FFE70D9840686F
:1066700000F00300012807D0FFE70D98406800F004
:10668000030002282FD1FFE70E9880680A900C982B
:106690004100032000FA01F10A9888430A900D98FE
:1066A000C0680C99490000FA01F10A9808430A9061
:1066B0000A980E9988600E9840680A900C990120FB
:1066C00000FA01F10A9888430A900D984068C0F3D7
:1066D00000100C9900FA01F10A9808430A900A98F0
:1066E0000E994860FFE70D98406800F0030003280A
:1066F00018D0FFE70E98C0680A900C98410003205C
:1067000000FA01F10A9888430A900D9880680C9964
:10671000490000FA01F10A9808430A900A980E9974
:10672000C860FFE70D98406800F00300022826D1FA
:10673000FFE70E980C996FF0030202EA510108443A
:10674000006A0A900C9800F0070081000F2000FA00
:1067500001F10A9888430A900D9800690C9901F09C
:106760000701890000FA01F10A9808430A900A9883
:106770000E990C9B02EA530211440862FFE70E983F
:1067800000680A900C984100032000FA01F10A9871
:1067900088430A900D98406800F003000C99490066
:1067A00000FA01F10A9808430A900A980E990860C5
:1067B0000D9880798007002800F00781FFE7FFE748
:1067C00044F2F440C5F60200016841F002010160A4
:1067D000006800F0020008900898FFE70C9820F08D
:1067E000030040F20841C5F6000140580A900C9899
:1067F00000F0030081000F2000FA01F10A9888439D
:106800000A900E980021C5F60201884203D1FFE7E5
:10681000002007906CE00E9840F20041C5F602019E
:10682000884203D1FFE7012006905EE00E9840F613
:106830000001C5F60201884203D1FFE7022005905E
:1068400050E00E9840F60041C5F60201884203D19F
:10685000FFE70320049042E00E9841F20001C5F6E4
:106860000201884203D1FFE70420039034E00E9830
:1068700041F20041C5F60201884203D1FFE705203D
:10688000029026E00E9841F60001C5F6020188420A
:1068900003D1FFE70620019018E00E9841F6004171
:1068A000C5F60201884203D1FFE7072000900AE005
:1068B0000E9942F20042C5F602020A20914208BF38
:1068C00009200090FFE700980190FFE701980290EF
:1068D000FFE702980390FFE703980490FFE704980E
:1068E0000590FFE705980690FFE706980790FFE7F9
:1068F00007980C9901F00301890000FA01F10A9848
:1069000008430A900A980C9921F0030140F20842CA
:10691000C5F6000288504FF0B04000680A900B990D
:106920000A9888430A900D988079C006002805D5FA
:10693000FFE70B990A9808430A90FFE70A984FF07F
:10694000B04108600420C5F6000000680A900B9969
:106950000A9888430A900D9880798006002805D50A
:10696000FFE70B990A9808430A90FFE70A98042169
:10697000C5F600010860099840680A900B990A98CA
:1069800088430A900D9880798007002805D5FFE795
:106990000B990A9808430A90FFE70A9809994860FA
:1069A000099800680A900B990A9888430A900D98F4
:1069B0008079C00728B1FFE70B990A9808430A902D
:1069C000FFE70A9809990860FFE7FFE70C98013094
:1069D0000C9037E60FB0704782B00190ADF802100E
:1069E00001980069BDF80210084204D0FFE70120B9
:1069F0008DF8010003E000208DF80100FFE79DF80D
:106A0000010002B07047000083B00290ADF806109C
:106A1000029840690090009ABDF8060002EA000161
:106A2000904340EA01400299886103B0704700003A
:106A300082B00190ADF802108DF801209DF80100A0
:106A400028B1FFE7BDF802000199886105E0BDF8B3
:106A50000200000401998861FFE702B0704700005E
:106A600045F63460C2F20040006870470000000044
:106A700080B584B00290029820B9FFE701208DF81C
:106A80000F0045E0029801684CF6CC40086002987F
:106A9000016845F2555008600298016840684860F6
:106AA0000298016880688860FFF7DAFF0190FFE7CD
:106AB00002980068C068400798B1FFE7FFF7D0FF71
:106AC0000199401A32280BD3FFE702980068C0688A
:106AD000400720B1FFE703208DF80F0018E0FFE723
:106AE000E6E70298006800690299C968884205D003
:106AF000FFE702980168C068086105E00298016834
:106B00004AF6AA200860FFE700208DF80F00FFE793
:106B10009DF80F0004B080BD81B00090009801681E
:106B20004AF6AA200860002001B07047000000006B
:106B300040F27C10C2F20040027845F63461C2F2A5
:106B40000041086810440860704700000000000021
:106B500080B582B0032000F0BBF803F031F844F2B6
:106B60001842C5F602021168C1F303234EF2F06128
:106B7000C0F60101CB5C03F01F03D84000900098E1
:106B8000126802F00F02895C01F01F01C84040F258
:106B90009C01C2F200410860009840F29801C2F2E4
:106BA00000410860072000F013F820B1FFE7012042
:106BB0008DF8070005E000F04FF800208DF8070081
:106BC000FFE79DF8070002B080BD00000000000054
:106BD00080B582B0009040F27C10C2F20040007894
:106BE00020B9FFE701208DF8070030E040F298005F
:106BF000C2F20040006840F27C11C2F200410A7803
:106C00004FF47A71B1FBF2F1B0FBF1F004F034FB18
:106C100020B1FFE701208DF8070018E000980F2849
:106C20000DD8FFE700994FF0FF30002200F038F850
:106C3000009840F28011C2F20041086003E0012098
:106C40008DF8070003E000208DF80700FFE79DF8AE
:106C5000070002B080BD000080B582B0FFE744F2BB
:106C6000F440C5F60200016841F0020101600068CD
:106C700000F0020001900198FFE7042000F028F8DE
:106C800002B080BD0000000080B582B0ADF8060003
:106C9000BDF9060016F060FC02B080BD00000000E7
:106CA00080B586B0ADF816000491039216F06CFC26
:106CB0000290BDF91600019002980499039A07F01A
:106CC000A7FF0146019816F067FC06B080BD0000E2
:106CD00080B582B00190019816F082FC02B080BDB0
:106CE00082B0019001980068009001990120C1F8DC
:106CF000D8040199002081F8CC04009A916941F0F0
:106D000000619161009A516D0323C1F200031943A0
:106D1000516502B07047000082B001908DF80310F9
:106D200002B070470000000082B00190ADF8021080
:106D3000BDF80200019909684862002002B070475E
:106D400084B003908DF80B10ADF80820039800680C
:106D5000406A00909DF80B0048B9FFE7BDF80810A5
:106D6000009840EA014003990968886233E003987B
:106D70000068816A009800EB1140009000208DF8B7
:106D80000700FFE79DF807009DF80B1001398842C6
:106D900013D2FFE7039800689DF8071000EB81000D
:106DA000D0F80411009800EB11400090FFE79DF827
:106DB000070001308DF80700E4E7BDF808100098DF
:106DC00040EA0140039909689DF80B2001EB82011C
:106DD000C1F80001FFE7002004B070470000000088
:106DE00080B582B001900198D0F8E0040CF0D8FD95
:106DF00002B080BD0000000080B582B001908DF827
:106E00000310019AD2F8E0049DF8031001EBC103CE
:106E100002EB8302126A0CF01FFC02B080BD00007E
:106E200080B582B001908DF80310019AD2F8E00489
:106E30009DF8031001EBC10302EB8302D2F860223C
:106E40000CF0D2FC02B080BD80B582B001900198F8
:106E5000D0F8E0040CF0ACFD02B080BD00000000F2
:106E600080B584B003908DF80B109DF80B000006E0
:106E700000280CD5FFE703989DF80B1001F00F01D7
:106E800001EBC10100EB8100143001900CE003988C
:106E90009DF80B1001F00F0101EBC10100EB810027
:106EA00000F515700190FFE70398006801990EF056
:106EB0002BFB8DF80A009DF80A0004B080BD00008D
:106EC00080B584B002908DF807109DF80700000689
:106ED00000280FD5FFE702989DF8071001F00F0179
:106EE00001EBC10100EB81001430009000990120FA
:106EF00048700FE002989DF8071001F00F0101EBB8
:106F0000C10100EB810000F5157000900099002090
:106F10004870FFE79DF8070000F00F000099087027
:106F2000FFE7029890F89404012804D1FFE70220BB
:106F30008DF80F0014E00299012081F89404FFE716
:106F4000FFE70298006800990DF0D6FDFFE702996F
:106F5000002081F89404FFE700208DF80F00FFE780
:106F60009DF80F0004B080BD80B584B002908DF80C
:106F700007109DF8070000F00F0002990979884278
:106F800004D9FFE701208DF80F004DE09DF80700C0
:106F9000000600280FD5FFE702989DF8071001F0C2
:106FA0000F0101EBC10100EB81001430009000994A
:106FB000012048700FE002989DF8071001F00F01C2
:106FC00001EBC10100EB810000F515700090009904
:106FD00000204870FFE70099002088709DF80700A6
:106FE00000F00F0000990870FFE7029890F89404F1
:106FF000012804D1FFE702208DF80F0014E0029968
:10700000012081F89404FFE7FFE7029800680099E7
:107010000DF0E2FFFFE70299002081F89404FFE7FA
:1070200000208DF80F00FFE79DF80F0004B080BD31
:1070300082B001908DF8031001989DF8031001F0C3
:107040000F0101EBC10100EB8100D0F8680202B032
:10705000704700000000000080B586B004908DF8F5
:107060000F10ADF80C208DF80B3000208DF80A00C1
:107070009DF80F00000600280FD5FFE704989DF843
:107080000F1001F00F0101EBC10100EB8100143082
:1070900001900199012048700FE004989DF80F10AD
:1070A00001F00F0101EBC10100EB810000F515704B
:1070B0000190019900204870FFE79DF80F0000F053
:1070C0000F0001990870BDF80C00019988609DF8C7
:1070D0000B00019908710198407820B1FFE70199F0
:1070E00008784883FFE79DF80B00022804D1FFE7EA
:1070F000019900204871FFE7FFE7049890F8940495
:10710000012804D1FFE702208DF8170015E004994B
:10711000012081F89404FFE7FFE7049800680199D3
:107120000DF0AEFBFFE70499002081F89404FFE71F
:107130009DF80A008DF81700FFE79DF8170006B0CC
:1071400080BD00000000000080B586B005908DF87D
:1071500013100392029305989DF8131001F00F018C
:1071600001EBC10100EB810000F51570019003985F
:107170000199C8600298019908610199002048614D
:10718000019948709DF8130000F00F0001990870F4
:1071900005988079012804D1FFE703980199C86117
:1071A000FFE7059A1068019992790DF0B9FF002068
:1071B00006B080BD0000000080B584B002908DF85C
:1071C00007109DF8070000F00F0002990979884226
:1071D00004D9FFE701208DF80F0058E09DF8070063
:1071E000000600280FD5FFE702989DF8071001F070
:1071F0000F0101EBC10100EB8100143000900099F8
:10720000012048700DE002989DF8071001EBC101C4
:1072100000EB810000F51570009000990020487087
:10722000FFE70099012088709DF8070000F00F002B
:1072300000990870FFE7029890F89404012804D19F
:10724000FFE702208DF80F0021E00299012081F86C
:107250009404FFE7FFE70298006800990DF00CFF27
:107260009DF80700000740B9FFE7029A106891797E
:1072700002F29C420DF060FEFFE7FFE7029900205A
:1072800081F89404FFE700208DF80F00FFE79DF8D8
:107290000F0004B080BD000080B586B005908DF869
:1072A00013100392029305989DF8131001F00F013B
:1072B00001EBC10100EB81001430019003980199AA
:1072C000C8600298019908610199002048610199FC
:1072D000012048709DF8130000F00F00019908701C
:1072E00005988079012804D1FFE703980199C861C6
:1072F000FFE7059A1068019992790DF011FF0020BF
:1073000006B080BD0000000080B58CB00B900B98DB
:1073100000680A900A9809900B9800680EF034FAF9
:10732000002840F03384FFE70B9800680EF0A4FAC1
:1073300010B9FFE700F02ABC0998D0F80808C0F39C
:107340000D200B99C1F8D4040B9800680EF094FA44
:107350008007002807D5FFE70B980168486900F00F
:1073600002004861FFE70B9800680EF085FAC0063E
:10737000002862D5FFE70B980168886920F01000AB
:1073800088610A98006A02900B98029901F00F0137
:1073900001EBC10100EB810000F515700890029827
:1073A00000F4F0110220B0EB514F23D1FFE7BDF8FC
:1073B000080047F6F07108421BD0FFE70A980899C9
:1073C000C968029AC2F30A120EF066FA029847F6EA
:1073D000F07100EA0103089AD06800EB1310D06046
:1073E000029800EA01020899486900EB121048610E
:1073F000FFE71BE0029800F4F0110620B0EB514FBC
:1074000012D1FFE70A980B9901F29C4108220EF075
:1074100043FA029847F6F07100EA010208994869B8
:1074200000EB1210486100E0FFE7FFE70B980168EE
:10743000886940F010008861FFE70B9800680EF043
:107440001BFA0003002840F1A680FFE7002004900B
:107450000B9800680EF0BCF90690FFE7069800282C
:1074600000F09880FFE79DF81800C007002800F0A2
:107470008A80FFE70B9800689DF810100EF0E4F981
:1074800005909DF81400C00760B1FFE709980499C2
:1074900000EB41110120C1F8080B0B98049907F08B
:1074A0003FFCFFE79DF81400000700280CD5FFE71C
:1074B0000998049900EB41110820C1F8080B0B98BA
:1074C000049907F0E5FBFFE79DF81400C0060028CB
:1074D00008D5FFE70998049900EB41111020C1F885
:1074E000080BFFE79DF81400800700282DD5FFE763
:1074F0000A9840690006002808D5FFE70999D1F8E5
:10750000040840F48060C1F80408FFE70B98049970
:1075100001EBC10100EB810000F51570089008989F
:10752000C078012809D1FFE708990020C8700B989E
:107530009DF8101000F03CFBFFE70998049900EB60
:1075400041110220C1F8080BFFE79DF814008006E6
:10755000002808D5FFE70998049900EB4111202085
:10756000C1F8080BFFE79DF815008006002809D533
:10757000FFE70998049900EB41114FF40050C1F85E
:10758000080BFFE7FFE704980130049006984008D5
:10759000069063E7FFE70B9800680EF06DF9400373
:1075A000002840F1C680FFE70B9800680EF0FCF859
:1075B000069000200490FFE70698002800F0B880AD
:1075C000FFE79DF81800C007002800F0AA80FFE739
:1075D0000B9800689DF810100EF00EF905909DF8BC
:1075E0001400C00700283ED0FFE7049800F00F0108
:1075F000012000FA01F10391039B099AD2F8341893
:107600009943C2F834180999049A01EB4211C1F860
:1076100008090B98807901281FD1FFE70B9804997E
:1076200001EBC10100EB8101CA69086A10440862DC
:10763000049888B9FFE70B98049901EBC10100EBAE
:107640008100406A40B9FFE70B99086801F29C424B
:1076500001210DF071FCFFE7FFE70B989DF810107A
:10766000FFF7CAFBFFE79DF814000007002808D5C4
:10767000FFE70998049900EB41110820C1F80809B7
:10768000FFE79DF81400C006002808D5FFE7099819
:10769000049900EB41111020C1F80809FFE79DF89B
:1076A00014004006002808D5FFE70998049900EB6C
:1076B00041114020C1F80809FFE79DF81400800738
:1076C000002822D5FFE70A9804990DF0F5FF0B98E2
:1076D000049901EBC10100EB810014300890089877
:1076E000C078012809D1FFE708990020C8700B98DD
:1076F0009DF8101000F04CFAFFE70998049900EB90
:1077000041110220C1F80809FFE79DF814000006A6
:10771000002805D5FFE70B98049907F0E5FBFFE784
:10772000FFE704980130049006984008069043E76C
:10773000FFE70B9800680EF09FF8C00F00B3FFE75B
:107740000999D1F8040820F00100C1F804080B9849
:1077500090F8CC04012808D1FFE70B98002180F8AD
:10776000CC140B98FFF7D8FA03E00B9800F0B8FBA5
:10777000FFE70B980168486900F000404861FFE7A7
:107780000B9800680EF078F80005002811D5FFE787
:107790000998D0F80808C00720B1FFE70B9800F05F
:1077A00033FCFFE70B980168486900F4006048610A
:1077B000FFE70B9800680EF05FF80001002820D565
:1077C000FFE70B980168486900F0006048610B987A
:1077D00090F8CC0480B9FFE70B98012180F8CC1415
:1077E0000B980068406DC0F383000B9AC2F8D00478
:1077F0000B98FFF791FA03E00B9800F005FCFFE708
:10780000FFE70B9800680EF037F8C004002840F13D
:107810008680FFE70999D1F8040820F00100C1F83B
:1078200004080B98006810210DF046FF0020079017
:10783000FFE707980B990979884231D2FFE7099849
:10784000079900EB41114FF67F30C1F808090999FB
:10785000079A01EB4212D2F8001921F40011C2F884
:1078600000190999079A01EB4211C1F8080B099810
:10787000079900EB4111D1F8000B20F40010C1F87A
:10788000000B0998079900EB4111D1F8000B40F06B
:107890000060C1F8000BFFE7079801300790C8E7C8
:1078A0000999D1F81C0840F00110C1F81C080B9888
:1078B000C07B78B1FFE70999D1F8840840F00B004C
:1078C000C1F884080999D1F8440840F00B00C1F8C8
:1078D00044080FE00999D1F8140842F22B02104332
:1078E000C1F814080999D1F8100840F00B00C1F84C
:1078F0001008FFE70999D1F8000820F4FE60C1F8EC
:1079000000080B9A1068917902F29C420DF014FB6A
:107910000B980168486900F480504861FFE70B98B4
:1079200000680DF0A9FF800400281FD5FFE70B9821
:1079300000680DF015F80B9800680DF0FDFE0B992E
:10794000C8710B980068019002F0E6F801460198B2
:107950000B9AD2790EF09CF80B9800F095FA0B98E0
:107960000168486900F400504861FFE70B9800681F
:107970000DF082FF000700280AD5FFE70B9800F002
:10798000BBFA0B980168486900F008004861FFE7FE
:107990000B9800680DF070FF0006002825D5FFE762
:1079A0000A99886920F08000886101200490FFE72F
:1079B00004980B990979884216D2FFE70B9804992D
:1079C00001EBC10100EB810090F85702012806D1BC
:1079D000FFE70B989DF81010FFF742FAFFE7FFE76B
:1079E000049801300490E3E7FFE70B9800680DF07E
:1079F00043FFC00200283CD5FFE701200490FFE7C9
:107A000004980B99097988422CD2FFE709980499C8
:107A100000EB4110D0F8000902900B98049901EB9B
:107A2000C10100EB8100007E012816D1FFE79DF81F
:107A30000B000006002810D5FFE70B98049901EB16
:107A4000C10100EB81010120C8750B989DF8101051
:107A500041F08001FFF704FAFFE7FFE704980130E7
:107A60000490CDE70B980168486900F480104861E4
:107A7000FFE70B9800680DF0FFFE8002002855D547
:107A8000FFE701200490FFE704980B9909798842E9
:107A900045D2FFE70998049900EB4110D0F8000B9C
:107AA00002900B98049901EBC10100EB810090F862
:107AB000580201282ED1FFE79DF80B000006002890
:107AC00028D5FFE7029800F480300B99D1F8D41440
:107AD00001F0010188421DD1FFE70B98049901EBE9
:107AE000C10100EB8101012081F857020A998869E0
:107AF00040F0800088610A9840690006002808D498
:107B0000FFE70999D1F8040840F40070C1F80408AF
:107B100005E0FFE7FFE7049801300490B4E70B9815
:107B20000168486900F400104861FFE70B9800689D
:107B30000DF0A2FE400000280AD5FFE70B98FFF7E2
:107B40004FF90B980168486900F080404861FFE7F1
:107B50000B9800680DF090FE4007002815D5FFE750
:107B60000B980068406802909DF8080040070028C4
:107B700004D5FFE70B98FFF767F9FFE7029A0B9828
:107B80000168486810434860FFE7FFE70CB080BD1C
:107B900080B582B001908DF803100198D0F8E00410
:107BA0009DF803100BF0A8FF02B080BD000000009C
:107BB00080B582B001908DF803100198D0F8E004F0
:107BC0009DF803100BF0D0FF02B080BD0000000054
:107BD00080B58CB00A900A9820B9FFE701208DF893
:107BE0002F000EE10A9890F8950440B9FFE70A9932
:107BF000002081F894040A9800F00AF9FFE70A9936
:107C0000032081F895040A9800680DF089F90A9B11
:107C10001868197C8DF8201059689A68DB680793FA
:107C2000069205910599069A079BDDF820C0EE465D
:107C3000CEF800C00CF0ACFE40B1FFE70A9902207C
:107C400081F8950401208DF82F00DAE00A98006889
:107C500000210DF07DFE40B1FFE70A99022081F876
:107C6000950401208DF82F00CBE000208DF827002F
:107C7000FFE79DF827000A990979884241DAFFE772
:107C80000A989DF8271001EBC10100EB810101204A
:107C900048759DF827000A9900EBC00201EB8201AC
:107CA00008759DF827000A9900EBC00201EB8201DC
:107CB000C8850A989DF8271001EBC10100EB8101EE
:107CC000002008760A999DF8272002EBC20201EBFA
:107CD0008201C8610A999DF8272002EBC20201EBDC
:107CE000820108620A999DF8272002EBC20201EB8B
:107CF00082014862FFE79DF8270001308DF82700D8
:107D0000B7E700208DF82700FFE79DF827000A99C4
:107D1000097988423EDAFFE70A989DF8271001EBBF
:107D2000C10100EB8101002081F855029DF8271068
:107D30000A9A01EBC10302EB830282F854120A99FA
:107D40009DF8272002EBC20201EB820181F8580264
:107D50000A999DF8272002EBC20201EB8201C1F8CB
:107D60005C020A999DF8272002EBC20201EB820116
:107D7000C1F860020A999DF8272002EBC20201EBCC
:107D80008201C1F86402FFE79DF8270001308DF8F9
:107D90002700BAE70A9B1868197C8DF810105968FB
:107DA0009A68DB680393029201910199029A039BFE
:107DB000DDF810C0EE46CEF800C00CF069FF40B10F
:107DC000FFE70A99022081F8950401208DF82F0021
:107DD00017E00A99002048740A99012081F8950457
:107DE0000A98007B012804D1FFE70A98FEF778FF84
:107DF000FFE70A9800680CF033FF00208DF82F0091
:107E0000FFE79DF82F000CB080BD000000000000CF
:107E100080B5B2B0319002A8B821F8F7BFFA319816
:107E200000680021C4F2040188422BD1FFE7002042
:107E300003904FF4802002904FF44010239002A84A
:107E400000F026FC18B1FFE7F9F782FDFFE700F02C
:107E50004FF9FFE744F2D840C5F60200016841F04F
:107E600000710160006800F0007001900198FFE768
:107E70004D20009000221146FEF712FF0098FEF7F9
:107E800003FFFFE732B080BD80B582B001900120D2
:107E90008DF803000198C07920B9FFE700208DF824
:107EA00003000CE00198C079022804D1FFE701200B
:107EB0008DF8030002E0F9F74BFDFFE7FFE70198BB
:107EC000D0F8E0049DF803100BF056FF0198D0F8AD
:107ED000E0040BF0CDFE02B080BD00000000000009
:107EE00080B582B001900198D0F8E0040BF010FF4B
:107EF00002B080BD0000000080B582B00190019802
:107F0000D0F8E0040BF018FF02B080BD00000000C4
:107F100080B584B002908DF80710FFE7029890F8C2
:107F20009404012804D1FFE702208DF80F0019E026
:107F30000299012081F89404FFE7FFE79DF807000C
:107F400002994874029800689DF807100DF070FDC2
:107F5000FFE70299002081F89404FFE700208DF8E4
:107F60000F00FFE79DF80F0004B080BD0000000087
:107F700080B582B001900199D1F8E00401F29C41F2
:107F80000BF026FF02B080BD80B584B0029002984D
:107F900000680190FFE7029890F89404012804D14A
:107FA000FFE702208DF80F0028E00299012081F8F8
:107FB0009404FFE7FFE70198C068400600280BD54E
:107FC000FFE70298407B012806D1FFE70199886B03
:107FD00040F480308863FFE7029800680DF024FBCE
:107FE000029800680CF024FEFFE70299002081F857
:107FF0009404FFE700208DF80F00FFE79DF80F00C5
:1080000004B080BD0000000080B582B001900198EE
:10801000D0F8E0040BF064FF01980168D1F8000E7D
:1080200040F00100C1F8000E0198C07A48B1FFE7A6
:108030004EF61051CEF20001086840F006000860CC
:10804000FFE702B080BD000080B584B0029044F626
:108050000C00C5F60200006800F004010020B0EB3F
:10806000910F13D1FFE744F60C00C5F6020000683B
:1080700000F007000299884204D0FFE701208DF844
:108080000F002EE000208DF80F002AE044F60C01CE
:10809000C5F60201086820F00700029A1043086044
:1080A000FEF7DEFC0190FFE744F60400C5F602008F
:1080B000006800F400510020B0EB513F0DD1FFE704
:1080C000FEF7CEFC0199401AB0F57A7F04D9FFE79C
:1080D00001208DF80F0004E0E6E700208DF80F0086
:1080E000FFE79DF80F0004B080BD00000000000015
:1080F00044F60C01C5F60201086840F08070086083
:10810000704700000000000080B501F005FD44F25A
:108110002041C5F602010968C1F302124EF2F06176
:10812000C0F60101895C01F01F01C84080BD00005C
:1081300088B0079044F22840C5F60200016801F0BB
:10814000030106910068C0F30530059044F22C400D
:10815000C5F602000068C0F300100490049844F2D1
:108160003C41C5F60201096889B2C908484300EEDE
:10817000100AB8EE400A8DED020A0598002800F0BA
:108180001B81FFE70698009048B1FFE7009801289F
:1081900069D0FFE70098022800F08980ABE044F244
:1081A0000040C5F60200006800F020010020B0EB9E
:1081B000511F33D0FFE744F20040C5F602000068CB
:1081C000C0F3C10149F20000C0F2D030C8400390B2
:1081D0009DED030AB8EE400A9DED051AB8EE411A6E
:1081E00080EE010A44F23840C5F6020000686FF3E1
:1081F0005F2001EE100AB8EE411A9DED022A9FEDB4
:10820000743A82EE032A31EE021AB7EE002A31EEFA
:10821000021A20EE010A8DED010A23E09DED050A08
:10822000B8EE401A9FED6C0A80EE010A44F2384025
:10823000C5F6020000686FF35F2001EE100AB8EE89
:10824000411A9DED022A9FED623A82EE032A31EE39
:10825000021AB7EE002A31EE021A20EE010A8DED65
:10826000010AFFE76BE09DED050AB8EE401A9FEDAD
:10827000590A80EE010A44F23840C5F6020000684F
:108280006FF35F2001EE100AB8EE411A9DED022A4D
:108290009FED4F3A82EE032A31EE021AB7EE002A22
:1082A00031EE021A20EE010A8DED010A47E09DED44
:1082B000050AB8EE401A9FED450A80EE010A44F225
:1082C0003840C5F6020000686FF35F2001EE100A27
:1082D000B8EE411A9DED022A9FED3D3A82EE032A47
:1082E00031EE021AB7EE002A31EE021A20EE010A30
:1082F0008DED010A23E09DED050AB8EE401A9FEDD1
:10830000350A80EE010A44F23840C5F602000068E2
:108310006FF35F2001EE100AB8EE411A9DED022ABC
:108320009FED2B3A82EE032A31EE021AB7EE002AB5
:1083300031EE021A20EE010A8DED010AFFE79DEDF4
:10834000010A44F23840C5F60200016889B2490AC0
:1083500001EE101AB8EE411AB7EE002A31EE021AF9
:1083600080EE010A0799BCEEC00A81ED000A9DED7E
:10837000010A0168C1F3064101EE101AB8EE411A74
:1083800031EE021A80EE010A0799BCEEC00A81EDB7
:10839000010A9DED010A0068C0F3066001EE100AB3
:1083A000B8EE411A31EE021A80EE010A0798BCEECF
:1083B000C00A80ED020A07E00799002008600799CB
:1083C000486007998860FFE708B07047001BB74B0B
:1083D000000000460024744A0024744C0000000091
:1083E00088B0079044F22840C5F60200016801F009
:1083F000030106910068C0F30550059044F22C403B
:10840000C5F602000068C0F300200490049844F20E
:108410004441C5F60201096889B2C908484300EE23
:10842000100AB8EE400A8DED020A0598002800F007
:108430001B81FFE70698009048B1FFE700980128EC
:1084400069D0FFE70098022800F08980ABE044F291
:108450000040C5F60200006800F020010020B0EBEB
:10846000511F33D0FFE744F20040C5F60200006818
:10847000C0F3C10149F20000C0F2D030C8400390FF
:108480009DED030AB8EE400A9DED051AB8EE411ABB
:1084900080EE010A44F24040C5F6020000686FF326
:1084A0005F2001EE100AB8EE411A9DED022A9FED01
:1084B000743A82EE032A31EE021AB7EE002A31EE48
:1084C000021A20EE010A8DED010A23E09DED050A56
:1084D000B8EE401A9FED6C0A80EE010A44F240406B
:1084E000C5F6020000686FF35F2001EE100AB8EED7
:1084F000411A9DED022A9FED623A82EE032A31EE87
:10850000021AB7EE002A31EE021A20EE010A8DEDB2
:10851000010AFFE76BE09DED050AB8EE401A9FEDFA
:10852000590A80EE010A44F24040C5F60200006894
:108530006FF35F2001EE100AB8EE411A9DED022A9A
:108540009FED4F3A82EE032A31EE021AB7EE002A6F
:1085500031EE021A20EE010A8DED010A47E09DED91
:10856000050AB8EE401A9FED450A80EE010A44F272
:108570004040C5F6020000686FF35F2001EE100A6C
:10858000B8EE411A9DED022A9FED3D3A82EE032A94
:1085900031EE021AB7EE002A31EE021A20EE010A7D
:1085A0008DED010A23E09DED050AB8EE401A9FED1E
:1085B000350A80EE010A44F24040C5F60200006828
:1085C0006FF35F2001EE100AB8EE411A9DED022A0A
:1085D0009FED2B3A82EE032A31EE021AB7EE002A03
:1085E00031EE021A20EE010A8DED010AFFE79DED42
:1085F000010A44F24040C5F60200016889B2490A06
:1086000001EE101AB8EE411AB7EE002A31EE021A46
:1086100080EE010A0799BCEEC00A81ED000A9DEDCB
:10862000010A0168C1F3064101EE101AB8EE411AC1
:1086300031EE021A80EE010A0799BCEEC00A81ED04
:10864000010A9DED010A0068C0F3066001EE100A00
:10865000B8EE411A31EE021A80EE010A0798BCEE1C
:10866000C00A80ED020A07E0079900200860079918
:10867000486007998860FFE708B07047001BB74B58
:10868000000000460024744A0024744C00000000DE
:1086900080B59AB0189000208DF857008DF85600DC
:1086A0001898C0780007002848D5FFE71898406E52
:1086B000149078B1FFE71498B0F5801F13D0FFE74E
:1086C0001498B0F5001F16D0FFE71498B0F5401FBE
:1086D00019D019E044F22C41C5F60201086840F4B3
:1086E0000030086014E018980830022106F09CFC65
:1086F0008DF857000CE018982830022106F07CFD18
:108700008DF8570004E003E001208DF85700FFE7E3
:108710009DF8570060B9FFE744F25041C5F60201E9
:10872000086820F44010189A526E1043086004E064
:108730009DF857008DF85600FFE7FFE7189840783E
:10874000C007002840D0FFE71898806D13900428D8
:1087500020D81399DFE801F0030C141C1D0044F22B
:108760002C41C5F60201086840F40030086015E0AD
:1087700018980830002106F057FC8DF857000DE0DE
:1087800018982830002106F037FD8DF8570005E0D5
:1087900004E003E001208DF85700FFE79DF8570043
:1087A00060B9FFE744F25041C5F60201086820F0C5
:1087B0000700189A926D1043086004E09DF8570076
:1087C0008DF85600FFE7FFE718984078400700282B
:1087D00056D5FFE71898D0F8A4001290C8B1FFE76B
:1087E0001298B0F5001F1DD0FFE71298B0F5800F6A
:1087F00020D0FFE71298B0F5C00F23D0FFE7129802
:10880000B0F5000F1FD0FFE71298B0F5200F1BD076
:108810001BE044F22C41C5F60201086840F4003028
:10882000086016E018980830002106F0FDFB8DF86E
:1088300057000EE018982830002106F0DDFC8DF876
:10884000570006E005E004E003E001208DF8570042
:10885000FFE79DF8570068B9FFE744F25841C5F6B5
:108860000201086820F46000189AD2F8A42010438E
:10887000086004E09DF857008DF85600FFE7FFE719
:10888000189840780007002856D5FFE71898D0F8C8
:10889000A8001190C8B1FFE71198B0F1807F1DD0FA
:1088A000FFE71198B0F1007F20D0FFE71198B0F1F9
:1088B000407F23D0FFE71198B0F1806F1FD0FFE712
:1088C0001198B0F1A06F1BD01BE044F22C41C5F60B
:1088D0000201086840F40030086016E0189808307B
:1088E000002106F0A1FB8DF857000EE01898283003
:1088F000002106F081FC8DF8570006E005E004E059
:1089000003E001208DF85700FFE79DF8570068B994
:10891000FFE744F25841C5F60201086820F0E06024
:10892000189AD2F8A8201043086004E09DF8570078
:108930008DF85600FFE7FFE71898C07880070028F9
:108940003ED5FFE71898C06C1090F0B1FFE7109883
:10895000102808D0FFE7109820280DD0FFE71098C6
:10896000302811D012E044F22C41C5F6020108680B
:1089700040F4003008600DE018980830022106F03D
:1089800053FB8DF8570005E004E003E001208DF86B
:108990005700FFE79DF8570060B9FFE744F24C41EC
:1089A000C5F60201086820F03000189AD26C104316
:1089B000086004E09DF857008DF85600FFE7FFE7D8
:1089C00018984078C00600284ED5FFE71898C06D6B
:1089D0000F90A0B1FFE70F98B0F5805F18D0FFE7C8
:1089E0000F98B0F5005F1BD0FFE70F98B0F5405F20
:1089F0001ED0FFE70F98B0F5804F1AD01AE044F26E
:108A00002C41C5F60201086840F40030086015E00A
:108A100018980830002106F007FB8DF857000DE08C
:108A200018982830002106F0E7FB8DF8570005E084
:108A300004E003E001208DF85700FFE79DF85700A0
:108A400060B9FFE744F25041C5F60201086820F41E
:108A5000E040189AD26D1043086004E09DF857007A
:108A60008DF85600FFE7FFE7189840788006002849
:108A70004CD5FFE71898006E0E90C8B1FFE70E982E
:108A8000B0F5803F15D0FFE70E98B0F5003F18D045
:108A9000FFE70E98B0F5403F1BD0FFE70E98B0F50A
:108AA000802F17D0FFE70E98B0F5A02F13D013E05A
:108AB00016E018980830012106F0B6FA8DF8570034
:108AC0000EE018982830012106F096FB8DF857002B
:108AD00006E005E004E003E001208DF85700FFE721
:108AE0009DF8570060B9FFE744F25041C5F6020116
:108AF000086820F4E020189A126E1043086004E021
:108B00009DF857008DF85600FFE7FFE7189840786A
:108B1000400600284ED5FFE71898D0F8AC000D901D
:108B2000C8B1FFE70D98B0F1805F15D0FFE70D9851
:108B3000B0F1005F18D0FFE70D98B0F1405F1BD097
:108B4000FFE70D98B0F1804F17D0FFE70D98B0F117
:108B5000A04F13D013E016E018980830012106F05A
:108B600063FA8DF857000EE018982830012106F0BE
:108B700043FB8DF8570006E005E004E003E0012028
:108B80008DF85700FFE79DF8570068B9FFE744F2FA
:108B90005841C5F60201086820F0E040189AD2F862
:108BA000AC201043086004E09DF857008DF8560093
:108BB000FFE7FFE718984078000600283BD5FFE75D
:108BC0001898C06E0C90D8B1FFE70C98B0F1805F98
:108BD00005D0FFE70C98B0F1005F09D011E044F236
:108BE0002C41C5F60201086840F4003008600CE032
:108BF00018980830012106F017FA8DF8570004E0A4
:108C000003E001208DF85700FFE79DF8570060B999
:108C1000FFE744F25041C5F60201086820F04050D9
:108C2000189AD26E1043086004E09DF857008DF842
:108C30005600FFE7FFE71898C078C007002837D034
:108C4000FFE71898806C0B90032817D80B99DFE882
:108C500001F014020B1344F22C41C5F6020108681E
:108C600040F4003008600DE018980830022106F04A
:108C7000DBF98DF8570005E004E003E001208DF8F2
:108C80005700FFE79DF8570060B9FFE744F24C41F9
:108C9000C5F60201086820F00300189A926C104390
:108CA000086004E09DF857008DF85600FFE7FFE7E5
:108CB000189880784006002840F1B480FFE744F619
:108CC0000001C5F60201086840F480700860FDF7F5
:108CD000C7FE1690FFE744F60000C5F602000068E4
:108CE000C00500280CD4FFE7FDF7BAFE1699401A1C
:108CF000652804D3FFE703208DF8570000E0EAE77A
:108D00009DF85700002840F08780FFE744F270404C
:108D1000C5F60200006800F440701899D1F8B01050
:108D200001F44071884213D0FFE744F27041C5F668
:108D30000201086820F440701790086840F4803001
:108D40000860086820F48030086017980860FFE722
:108D50001898D0F8B000B0F5807F1FD1FFE7FDF77D
:108D60007FFE1690FFE744F27040C5F602000068EF
:108D700000F002010020B0EB510F0ED1FFE7FDF72C
:108D80006FFE1699401A41F28931884204D3FFE7F9
:108D900003208DF8570000E0E5E7FFE79DF8570056
:108DA000A0BBFFE7FFE71898D0F8B00000F44070D0
:108DB000B0F5407F13D1FFE744F21041C5F6020140
:108DC000086820F47C50189AD2F8B0204FF6F0438F
:108DD000C0F6FF731A4040EA1210086008E044F23F
:108DE0001041C5F60201086820F47C500860FFE7D6
:108DF0001898D0F8B0206FF31F3244F27041C5F6D6
:108E00000201086810430860FFE704E09DF857007E
:108E10008DF85600FFE704E09DF857008DF85600E6
:108E2000FFE7FFE718980068C007002800F04C80B3
:108E3000FFE71898806F0A9028282BD80A99DFE856
:108E400001F015292929292929291629292929291A
:108E500029291E2929292929292926292929292990
:108E600029292729292929292929280016E018989C
:108E70000830012106F0D8F88DF857000EE0189858
:108E80002830012106F0B8F98DF8570006E005E01A
:108E900004E003E001208DF85700FFE79DF857003C
:108EA00060B9FFE744F25441C5F60201086820F0BA
:108EB0003800189A926F1043086004E09DF857003C
:108EC0008DF85600FFE7FFE7189800788007002824
:108ED00039D5FFE71898406F0990052819D80999E6
:108EE000DFE801F003040C14151616E0189808309A
:108EF000012106F099F88DF857000EE018982830F7
:108F0000012106F079F98DF8570006E005E004E04C
:108F100003E001208DF85700FFE79DF8570060B986
:108F2000FFE744F25441C5F60201086820F007004B
:108F3000189A526F1043086004E09DF857008DF8AE
:108F40005600FFE7FFE718980078400700283BD558
:108F5000FFE71898D0F890000890052819D80899CC
:108F6000DFE801F003040C14151616E01898083019
:108F7000012106F059F88DF857000EE018982830B6
:108F8000012106F039F98DF8570006E005E004E00C
:108F900003E001208DF85700FFE79DF8570068B9FE
:108FA000FFE744F25841C5F60201086820F00700C7
:108FB000189AD2F890201043086004E09DF85700FA
:108FC0008DF85600FFE7FFE7189800788006002824
:108FD0004ED5FFE71898D0F88C000790C8B1FFE78E
:108FE0000798B0F1805F15D0FFE70798B0F1005FF8
:108FF00018D0FFE70798B0F1405F1BD0FFE7079854
:10900000B0F1804F17D0FFE70798B0F1A04F13D011
:1090100013E016E018980830002106F005F88DF8E6
:1090200057000EE018982830022106F0E5F88DF878
:10903000570006E005E004E003E001208DF857004A
:10904000FFE79DF8570068B9FFE744F25441C5F6C1
:109050000201086820F0E040189AD2F88C201043F2
:10906000086004E09DF857008DF85600FFE7FFE721
:1090700018980078400600284ED5FFE71898D0F8D9
:1090800098000690C8B1FFE70698B0F5806F15D03C
:10909000FFE70698B0F5006F18D0FFE70698B0F527
:1090A000406F1BD0FFE70698B0F5805F17D0FFE751
:1090B0000698B0F5A05F13D013E016E018980830BA
:1090C000002105F0B1FF8DF857000EE01898283008
:1090D000022106F091F88DF8570006E005E004E063
:1090E00003E001208DF85700FFE79DF8570068B9AD
:1090F000FFE744F25841C5F60201086820F4E05049
:10910000189AD2F898201043086004E09DF85700A0
:109110008DF85600FFE7FFE7189800780006002852
:109120004ED5FFE71898D0F89C000590C8B1FFE72E
:109130000598B0F5005F15D0FFE70598B0F5804FB2
:1091400018D0FFE70598B0F5C04F1BD0FFE7059892
:10915000B0F5004F17D0FFE70598B0F5204F13D0BA
:1091600013E016E018980830002105F05DFF8DF837
:1091700057000EE018982830022106F03DF88DF8CF
:10918000570006E005E004E003E001208DF85700F9
:10919000FFE79DF8570068B9FFE744F25841C5F66C
:1091A0000201086820F46040189AD2F89C2010430D
:1091B000086004E09DF857008DF85600FFE7FFE7D0
:1091C000189800780007002820D5FFE71898D0F8F5
:1091D0008000B0F5805F0CD1FFE71898283002219D
:1091E00006F00AF820B1FFE701208DF85600FFE7EE
:1091F000FFE744F25441C5F60201086820F44050EC
:10920000189AD2F8802010430860FFE71898007879
:10921000C006002820D5FFE71898D0F89400B0F5D4
:10922000807F0CD1FFE718982830022105F0E4FF79
:1092300020B1FFE701208DF85600FFE7FFE744F279
:109240005841C5F60201086820F44070189AD2F817
:10925000942010430860FFE71898807800070028E2
:109260003CD5FFE71898D0F8A000049050B1FFE774
:109270000498B0F5803F0DD0FFE70498B0F5003FAB
:1092800010D010E018980830002105F0CDFE8DF8C0
:1092900057000CE018982830022105F0ADFF8DF83A
:1092A000570004E003E001208DF85700FFE79DF828
:1092B000570068B9FFE744F25841C5F60201086853
:1092C00020F44030189AD2F8A0201043086004E03F
:1092D0009DF857008DF85600FFE7FFE71898807853
:1092E000400700283FD5FFE71898D0F88400039086
:1092F000B0F5801F0AD0FFE70398B0F5001F0ED02D
:10930000FFE70398B0F5401F11D011E044F22C4163
:10931000C5F60201086840F4003008600CE01898B7
:109320002830012105F068FF8DF8570004E003E0C4
:1093300001208DF85700FFE79DF8570068B9FFE757
:1093400044F25441C5F60201086820F44010189A0E
:10935000D2F884201043086004E09DF857008DF88F
:109360005600FFE7FFE718988078C007A8B3FFE72B
:109370001898006D029028B1FFE70298B0F5803F81
:1093800009D010E044F22C41C5F60201086840F40F
:10939000003008600BE018980830022105F044FE08
:1093A0008DF8570003E001208DF85700FFE79DF886
:1093B000570060B9FFE744F24C41C5F60201086866
:1093C00020F48030189A126D1043086004E09DF874
:1093D00057008DF85600FFE7FFE71898C078800621
:1093E00000280CD5FFE718982830022105F004FF6B
:1093F00020B1FFE701208DF85600FFE7FFE718983E
:109400008078800700283AD5FFE71898C06F019050
:10941000D0B1FFE70198B0F5807F0AD0FFE701984F
:10942000B0F5007F0ED0FFE70198B0F5407F0AD07D
:109430000BE044F22C41C5F60201086840F400300C
:10944000086006E005E004E003E001208DF8570025
:10945000FFE79DF8570060B9FFE744F25441C5F6B5
:109460000201086820F44070189AD26F1043086017
:1094700004E09DF857008DF85600FFE7FFE71898C5
:109480008078C00600280CD5FFE744F25041C5F6AD
:109490000201086820F00040189A126F104308601B
:1094A000FFE718988078800600280CD5FFE744F283
:1094B0005041C5F60201086820F08070189A926E3B
:1094C00010430860FFE71898C0784006002811D5BF
:1094D000FFE7FFE744F21041C5F60201086820F4F7
:1094E000004008601898D0F8B4200868104308605D
:1094F000FFE7FFE71898C078000600280CD5FFE7C3
:1095000044F24C41C5F60201086820F04050189A18
:10951000526D10430860FFE7189880780006002815
:109520000DD5FFE744F25441C5F60201086820F466
:109530004000189AD2F8882010430860FFE7189876
:109540000079C00790B1FFE718980830002105F0B6
:109550006BFD8DF857009DF8570008B9FFE704E050
:109560009DF857008DF85600FFE7FFE7189800793F
:109570008007002812D5FFE718980830012105F070
:1095800053FD8DF857009DF8570008B9FFE704E038
:109590009DF857008DF85600FFE7FFE7189800790F
:1095A0004007002812D5FFE718980830022105F07F
:1095B0003BFD8DF857009DF8570008B9FFE704E020
:1095C0009DF857008DF85600FFE7FFE718980079DF
:1095D0000007002812D5FFE718982830002105F071
:1095E0000BFE8DF857009DF8570008B9FFE704E01F
:1095F0009DF857008DF85600FFE7FFE718980079AF
:10960000C006002812D5FFE718982830012105F080
:10961000F3FD8DF857009DF8570008B9FFE704E007
:109620009DF857008DF85600FFE7FFE7189800797E
:109630008006002812D5FFE718982830022105F08F
:10964000DBFD8DF857009DF8570008B9FFE704E0EF
:109650009DF857008DF85600FFE7FFE79DF856008C
:1096600020B9FFE700208DF8670003E001208DF8A6
:109670006700FFE79DF867001AB080BD000000009A
:1096800080B586B004900391049820B9FFE70120CB
:109690008DF817003CE2039842F20001C5F2002168
:1096A000096801F00F01884216D9FFE742F2000075
:1096B000C5F20020016821F00F01039A11430160F7
:1096C000006800F00F000399884204D0FFE70120F2
:1096D0008DF817001CE2FFE7049800784007002887
:1096E00019D5FFE70498006944F21841C5F6020154
:1096F000096801F0700188420CD9FFE744F2184173
:10970000C5F60201086820F07000049A126910433F
:109710000860FFE7FFE7049800780007002819D5E4
:10972000FFE70498406944F21C41C5F6020109684C
:1097300001F0700188420CD9FFE744F21C41C5F6E4
:109740000201086820F07000049A52691043086012
:10975000FFE7FFE704980078C006002819D5FFE767
:109760000498806944F21C41C5F60201096801F4BD
:10977000E06188420CD9FFE744F21C41C5F60201C2
:10978000086820F4E060049A926910430860FFE7DB
:10979000FFE7049800788006002819D5FFE70498B1
:1097A000C06944F22041C5F60201096801F0700168
:1097B00088420CD9FFE744F22041C5F6020108684F
:1097C00020F07000049AD26910430860FFE7FFE7B9
:1097D000049800788007002819D5FFE70498C0682E
:1097E00044F21841C5F60201096801F00F018842F0
:1097F0000CD9FFE744F21841C5F60201086820F0D1
:109800000F00049AD26810430860FFE7FFE704984E
:109810000078C007002800F08C80FFE744F2184170
:10982000C5F60201086820F47060049A926810433B
:10983000086004984068022811D1FFE744F2004014
:10984000C5F60200006800F400310020B0EB514F73
:1098500004D1FFE701208DF8170059E13EE004989C
:109860004068032811D1FFE744F20040C5F602002A
:10987000006800F000710020B0EB516F04D1FFE7E9
:1098800001208DF8170043E127E004984068012883
:1098900011D1FFE744F20040C5F60200006800F471
:1098A00080710020B0EB112F04D1FFE701208DF86B
:1098B00017002DE110E044F20040C5F602000068F8
:1098C00000F004010020B0EB910F04D1FFE701206C
:1098D0008DF817001CE1FFE7FFE7FFE744F21041B6
:1098E000C5F60201086820F00700049A5268104388
:1098F0000860FDF7B5F80190FFE744F21040C5F6A7
:109900000200006800F0380004994968B0EBC10F0C
:109910000ED0FFE7FDF7A4F80199401A41F2893112
:10992000884204D3FFE703208DF81700F0E0E4E756
:10993000FFE7049800788007002819D5FFE704980E
:10994000C06844F21841C5F60201096801F00F0130
:1099500088420CD2FFE744F21841C5F602010868BC
:1099600020F00F00049AD26810430860FFE7FFE779
:10997000039842F20001C5F20021096801F00F01CD
:10998000884216D2FFE742F20000C5F200200168CB
:1099900021F00F01039A11430160006800F00F00ED
:1099A0000399884204D0FFE701208DF81700AFE04B
:1099B000FFE7049800784007002819D5FFE70498CE
:1099C000006944F21841C5F60201096801F070010E
:1099D00088420CD2FFE744F21841C5F6020108683C
:1099E00020F07000049A126910430860FFE7FFE757
:1099F000049800780007002819D5FFE7049840690B
:109A000044F21C41C5F60201096801F07001884268
:109A10000CD2FFE744F21C41C5F60201086820F0B1
:109A20007000049A526910430860FFE7FFE704984A
:109A30000078C006002819D5FFE70498806944F231
:109A40001C41C5F60201096801F4E06188420CD2AC
:109A5000FFE744F21C41C5F60201086820F4E0600B
:109A6000049A926910430860FFE7FFE704980078C2
:109A70008006002819D5FFE70498C06944F2204108
:109A8000C5F60201096801F0700188420CD2FFE7B7
:109A900044F22041C5F60201086820F07000049AE3
:109AA000D26910430860FFE7FFE700F089F844F24D
:109AB0001842C5F602021168C1F303234EF2F061A9
:109AC000C0F60101CB5C03F01F03D8400090009862
:109AD000126802F00F02895C01F01F01C84040F2D9
:109AE0009C01C2F200410860009840F29801C2F265
:109AF0000041086040F28010C2F200400068FDF7AB
:109B000067F88DF80B009DF80B008DF81700FFE744
:109B10009DF8170006B080BD80B582B000F050F807
:109B200044F21842C5F602021168C1F303234EF253
:109B3000F061C0F60101CB5C03F01F03D840019037
:109B40000198126802F00F02895C01F01F0120FAEF
:109B500001F140F29C00C2F200400160019940F224
:109B60009802C2F200421160006802B080BD00009D
:109B700080B5FFF7D1FF44F21C41C5F60201096828
:109B8000C1F302124EF2F061C0F60101895C01F0EE
:109B90001F01C84080BD000080B5FFF7BDFF44F243
:109BA0001C41C5F602010968C1F302224EF2F061C0
:109BB000C0F60101895C01F01F01C84080BD0000B2
:109BC0008AB044F21040C5F60200006800F0380088
:109BD00001460191182800F269810199DFE811F02E
:109BE000190066016601660166016601660166018B
:109BF0003A0066016601660166016601660166015A
:109C00004000660166016601660166016601660143
:109C1000460044F20040C5F60200006800F0200152
:109C20000020B0EB511F0ED0FFE744F20040C5F614
:109C300002000068C0F3C10149F20000C0F2D03058
:109C4000C840029005E049F20000C0F2D030029016
:109C5000FFE731E140F60010C0F23D0002902BE139
:109C600043F20060C0F26E10029025E144F22840F9
:109C7000C5F60200016801F0030108910068C0F315
:109C80000510079044F22C40C5F60200006800F071
:109C900001000690069844F23441C5F602010968B5
:109CA00089B2C908484300EE100AB8EE400A8DEDAB
:109CB000040A0798002800F0F580FFE70898009054
:109CC00048B1FFE70098012869D0FFE70098022813
:109CD00000F08980ABE044F20040C5F60200006865
:109CE00000F020010020B0EB511F33D0FFE744F219
:109CF0000040C5F602000068C0F3C10149F200004F
:109D0000C0F2D030C84005909DED050AB8EE400A7B
:109D10009DED071AB8EE411A80EE010A44F2304078
:109D2000C5F6020000686FF35F2001EE100AB8EE7E
:109D3000411A9DED042A9FED633A82EE032A31EE2B
:109D4000021AB7EE002A31EE021A20EE010A8DED5A
:109D5000030A23E09DED070AB8EE401A9FED5B0A67
:109D600080EE010A44F23040C5F6020000686FF34D
:109D70005F2001EE100AB8EE411A9DED042A9FED16
:109D8000513A82EE032A31EE021AB7EE002A31EE82
:109D9000021A20EE010A8DED030AFFE76BE09DED4C
:109DA000070AB8EE401A9FED480A80EE010A44F215
:109DB0003040C5F6020000686FF35F2001EE100A24
:109DC000B8EE411A9DED042A9FED3E3A82EE032A39
:109DD00031EE021AB7EE002A31EE021A20EE010A25
:109DE0008DED030A47E09DED070AB8EE401A9FED9E
:109DF000340A80EE010A44F23040C5F602000068E1
:109E00006FF35F2001EE100AB8EE411A9DED042AAF
:109E10009FED2C3A82EE032A31EE021AB7EE002AA9
:109E200031EE021A20EE010A8DED030A23E09DEDCA
:109E3000070AB8EE401A9FED240A80EE010A44F2A8
:109E40003040C5F6020000686FF35F2001EE100A93
:109E5000B8EE411A9DED042A9FED1A3A82EE032ACC
:109E600031EE021AB7EE002A31EE021A20EE010A94
:109E70008DED030AFFE744F23040C5F602000068AA
:109E800081B2012000EB512009909DED030A9DED68
:109E9000091AB8EE411A80EE010ABCEEC00A8DED37
:109EA000020A02E000200290FFE705E040F6001001
:109EB000C0F23D000290FFE702980AB0704700BF71
:109EC000001BB74B000000460024744A0024744C69
:109ED00080B58CB00A900A9828B9FFE701208DF868
:109EE0002F0000F001BD0A980078C007002800F09C
:109EF000B980FFE744F21040C5F60200006800F0A8
:109F00003800069044F22840C5F60200006805902B
:109F1000069810280AD0FFE7069818281CD1FFE7FA
:109F2000059800F00300022816D1FFE744F2004034
:109F3000C5F60200006800F400310020B0EB514F7C
:109F400009D0FFE70A98406828B9FFE701208DF89B
:109F50002F0000F0C9BC84E0FFE70A984068B0F524
:109F6000803F09D1FFE744F20041C5F602010868CD
:109F700040F48030086032E00A98406868B9FFE732
:109F800044F20041C5F60201086820F48030086000
:109F9000086820F48020086020E00A984068B0F546
:109FA000A02F0DD1FFE744F20041C5F60201086879
:109FB00040F480200860086840F4803008600CE0BD
:109FC00044F20041C5F60201086820F480300860C0
:109FD000086820F480200860FFE7FFE7FFE7FFE75D
:109FE0000A984068F0B1FFE7FCF73AFD0990FFE7F7
:109FF00044F20040C5F60200006800F40031002081
:10A00000B0EB514F0DD1FFE7FCF72AFD0999401A3B
:10A01000652805D3FFE703208DF82F0000F064BC0E
:10A02000E6E71DE0FCF71CFD0990FFE744F2004065
:10A03000C5F60200006800F400310020B0EB514F7B
:10A040000DD0FFE7FCF70CFD0999401A652805D3F0
:10A05000FFE703208DF82F0000F046BCE6E7FFE79E
:10A06000FFE7FFE70A9800788007002840F1C580E5
:10A07000FFE744F21040C5F60200006800F0380027
:10A08000049044F22840C5F602000068039004984A
:10A0900050B1FFE70498182850D1FFE79DF80C0055
:10A0A000800700284AD1FFE744F20040C5F60200CD
:10A0B000006800F004010020B0EB910F09D0FFE729
:10A0C0000A98C06828B9FFE701208DF82F0000F03A
:10A0D0000BBC44F20041C5F60201086820F01900EB
:10A0E0000A9AD26810430860FCF7BAFC0990FFE7AF
:10A0F00044F20040C5F60200006800F004010020B0
:10A10000B0EB910F0CD1FFE7FCF7AAFC0999401ABC
:10A11000032804D3FFE703208DF82F00E4E3E7E7EB
:10A1200044F20441C5F60201086820F0FE400A9A94
:10A13000126940EA02600860FFE75DE00A98C068C3
:10A14000A0B3FFE744F20041C5F60201086820F021
:10A1500019000A9AD26810430860FCF781FC099044
:10A16000FFE744F20040C5F60200006800F0040179
:10A170000020B0EB910F0CD1FFE7FCF771FC0999BF
:10A18000401A032804D3FFE703208DF82F00ABE328
:10A19000E7E744F20441C5F60201086820F0FE40FA
:10A1A0000A9A126940EA0260086024E044F2004121
:10A1B000C5F60201086820F001000860FCF750FCB9
:10A1C0000990FFE744F20040C5F60200006800F085
:10A1D00004010020B0EB910F0CD0FFE7FCF740FC2E
:10A1E0000999401A032804D3FFE703208DF82F00B4
:10A1F0007AE3E7E7FFE7FFE7FFE70A980078C006A2
:10A20000002840F1A080FFE744F21040C5F60200AC
:10A21000006800F03800029044F22840C5F60200C1
:10A2200000680190029808280AD0FFE702981828D1
:10A230002BD1FFE7019800F00300012825D1FFE7AB
:10A2400044F20040C5F60200006800F4807100206E
:10A25000B0EB112F09D0FFE70A98C069802804D01D
:10A26000FFE701208DF82F003EE3FFE744F20C41A9
:10A27000C5F60201086820F07C500A9A126A40EA8A
:10A2800002600860FFE7FFE75CE00A98C06998B3E6
:10A29000FFE744F20041C5F60201086840F0800083
:10A2A0000860FCF7DDFB0990FFE744F20040C5F6CB
:10A2B0000200006800F480710020B0EB112F0CD177
:10A2C000FFE7FCF7CDFB0999401A032804D3FFE709
:10A2D00003208DF82F0007E3E7E7FFE744F20C4186
:10A2E000C5F60201086820F07C500A9A126A40EA1A
:10A2F00002600860FFE724E044F20041C5F6020175
:10A30000086820F080000860FCF7AAFB0990FFE7CE
:10A3100044F20040C5F60200006800F4807100209D
:10A32000B0EB112F0CD0FFE7FCF79AFB0999401A0C
:10A33000032804D3FFE703208DF82F00D4E2E7E7DA
:10A34000FFE7FFE7FFE70A980078000700284FD5EE
:10A35000FFE70A98406928B3FFE744F27441C5F665
:10A360000201086840F001000860FCF779FB0990E1
:10A37000FFE744F27440C5F60200006800F00201F5
:10A380000020B0EB510F0CD1FFE7FCF769FB0999F6
:10A39000401A032804D3FFE703208DF82F00A3E21F
:10A3A000E7E724E044F27441C5F60201086820F0B2
:10A3B00001000860FCF754FB0990FFE744F2744089
:10A3C000C5F60200006800F002010020B0EB510F5A
:10A3D0000CD0FFE7FCF744FB0999401A032804D38B
:10A3E000FFE703208DF82F007EE2E7E7FFE7FFE7B6
:10A3F0000A980078800600284FD5FFE70A98806900
:10A4000028B3FFE744F20041C5F60201086840F4B2
:10A4100080500860FCF724FB0990FFE744F20040FD
:10A42000C5F60200006800F400510020B0EB513F77
:10A430000CD1FFE7FCF714FB0999401A032804D359
:10A44000FFE703208DF82F004EE2E7E724E044F217
:10A450000041C5F60201086820F480500860FCF74E
:10A46000FFFA0990FFE744F20040C5F602000068D9
:10A4700000F400510020B0EB513F0CD0FFE7FCF797
:10A48000EFFA0999401A032804D3FFE703208DF857
:10A490002F0029E2E7E7FFE7FFE70A980078400787
:10A4A000002840F1A780FFE744F60001C5F602014D
:10A4B000086840F480700860FCF7D2FA0990FFE762
:10A4C00044F60000C5F602000068C00500280CD460
:10A4D000FFE7FCF7C5FA0999401A652804D3FFE79E
:10A4E00003208DF82F00FFE1EAE7FFE70A98806874
:10A4F000012809D1FFE744F27041C5F6020108685E
:10A5000040F00100086031E00A98806868B9FFE710
:10A5100044F27041C5F60201086820F001000860AD
:10A52000086820F0040008601FE00A988068052889
:10A530000DD1FFE744F27041C5F60201086840F012
:10A5400004000860086840F0010008600CE044F274
:10A550007041C5F60201086820F001000860086833
:10A5600020F004000860FFE7FFE7FFE7FFE70A9835
:10A570008068F8B1FFE7FCF773FA0990FFE744F24F
:10A580007040C5F60200006800F002010020B0EB48
:10A59000510F0ED1FFE7FCF763FA0999401A41F217
:10A5A0008931884204D3FFE703208DF82F009BE117
:10A5B000E5E71EE0FCF754FA0990FFE744F270402B
:10A5C000C5F60200006800F002010020B0EB510F58
:10A5D0000ED0FFE7FCF744FA0999401A41F289319D
:10A5E000884204D3FFE703208DF82F007CE1E5E7E4
:10A5F000FFE7FFE70A98406A002800F07181FFE753
:10A6000044F21040C5F60200006800F03800182837
:10A6100000F0E080FFE70A98406A022840F0B4802A
:10A62000FFE744F20041C5F60201086820F080709F
:10A630000860FCF715FA0990FFE744F20040C5F600
:10A640000200006800F000710020B0EB516F0CD0E8
:10A65000FFE7FCF705FA0999401A032804D3FFE73E
:10A6600003208DF82F003FE1E7E7FFE744F22841A0
:10A67000C5F60201086840F2F33290430A9B9A6AD9
:10A68000DB6A42EA0312104308600A99086BD1F8AA
:10A6900034C08B6BCA6B01386FF35F204FF60061DB
:10A6A000CFF6FF7101EB4C2189B208440021CFF6AF
:10A6B000FF7101EB034101F4FE0108444FF07F41BB
:10A6C00001EB026101F0FE41084444F23041C5F65D
:10A6D00002010860FFE744F22C41C5F60201009137
:10A6E000086820F00100086044F23442C5F6020216
:10A6F00010684FF6F87398430A9B9B6C40EAC300BE
:10A700001060086820F00C000A9A126C1043086070
:10A71000086820F002000A9A526C1043086008682A
:10A7200040F480300860086840F400300860086831
:10A7300040F480200860086840F00100086044F29E
:10A740000041C5F60201086840F080700860FCF71F
:10A7500087F90990FFE744F20040C5F6020000685F
:10A7600000F000710020B0EB516F0CD1FFE7FCF757
:10A7700077F90999401A032804D3FFE703208DF8DD
:10A780002F00B1E0E7E724E044F20041C5F6020102
:10A79000086820F080700860FCF762F90990FFE714
:10A7A00044F20040C5F60200006800F0007100208D
:10A7B000B0EB516F0CD0FFE7FCF752F90999401A42
:10A7C000032804D3FFE703208DF82F008CE0E7E790
:10A7D000FFE784E044F22840C5F6020000680890D4
:10A7E00044F23040C5F60200006807900A98406ABB
:10A7F000012837D0FFE7089800F003000A99896A1A
:10A8000088422FD1FFE7089800F47C710A98C06A4B
:10A81000B0EB111F26D1FFE707986FF35F200A996D
:10A82000096B013988421DD1FFE7BDF81C100A9859
:10A83000406B0138B0EB512F14D1FFE7079800F4BB
:10A84000FE010A98806B0138B0EB114F0AD1FFE787
:10A85000079800F0FE410A98C06B0138B0EB116F09
:10A8600004D0FFE701208DF82F003DE044F2344092
:10A87000C5F60200006880B2C00808900A98806C93
:10A880000899884229D0FFE744F22C41C5F602011D
:10A89000086820F001000860FCF7E2F80990FFE783
:10A8A000FCF7DEF80999401A08B9FFE7F8E744F227
:10A8B0003441C5F6020108684FF6F87290430A9ACF
:10A8C000926C40EAC200086044F22C41C5F60201D5
:10A8D000086840F001000860FFE7FFE7FFE7FFE7D7
:10A8E00000208DF82F00FFE79DF82F000CB080BDF1
:10A8F00080B586B00490039102920193049820B928
:10A90000FFE701208DF8170056E00498D0F8880082
:10A9100040B9FFE70499002081F88400049802F010
:10A920007BFDFFE704992420C1F8880004980168A2
:10A93000086820F0010008600498806A20B1FFE7F1
:10A94000049806F0ADF8FFE7049806F02DFE012804
:10A9500004D1FFE701208DF817002DE0049801686D
:10A96000886840F48040886004980068806820F41B
:10A9700000400399084304990968886002984005DB
:10A9800000900199009840EA014000900498006806
:10A9900000686FF31940009908430499096808603A
:10A9A00004980168086840F001000860049806F007
:10A9B0001BF98DF81700FFE79DF8170006B080BD62
:10A9C00081B0009001B0704780B588B007900798BB
:10A9D000006800690690079800684069059006982D
:10A9E000059908400490079800688068039000204B
:10A9F0000290079890F881008DF80700079800688A
:10AA0000303000909DF815000007002810D5FFE7B2
:10AA10009DF81800000700280AD5FFE7079801688D
:10AA2000886940F400608861079800F0C1FB91E1FB
:10AA30009DF810004006002815D4FFE79DF810008F
:10AA4000800600280FD4FFE79DF81000400700287B
:10AA500009D5FFE70798416F88470798016F884736
:10AA600001200290FFE79DF810004006002811D455
:10AA7000FFE79DF81000C00760B1FFE79DF81000E8
:10AA80004007002806D4FFE70798016F8847012098
:10AA90000290FFE79DF810008006002812D4FFE71F
:10AAA0009DF81000800700280CD5FFE79DF81000E6
:10AAB0004007002806D4FFE70798416F8847012028
:10AAC0000290FFE7029808B1FFE743E19DF810000C
:10AAD0000007002840F18980FFE70798016888692E
:10AAE00040F00800886107980168886940F010000C
:10AAF000886107980168886940F400608861079858
:10AB00000168086920F008000861079800688068FB
:10AB100010F4404F3AD1FFE7FFE70798B0F86A001A
:10AB200098B3FFE70798C06810280BD3FFE7079892
:10AB30000068006B0799496E08600799486E0430F9
:10AB400048661BE00798C06808280AD3FFE700980A
:10AB500000880799496E08800799486E0230486658
:10AB60000BE00798006890F830000799496E08706C
:10AB70000799486E01304866FFE7FFE70799B1F88B
:10AB80006A000138A1F86A00C7E7FFE7079804F0F8
:10AB9000A7FD0799012081F881000798D0F884006B
:10ABA00020B1FFE70798FFF70BFFD3E09DF8070000
:10ABB000052804D1FFE7079800F002FB14E09DF898
:10ABC0000700042804D1FFE7079800F0EDFA0AE037
:10ABD0009DF80700032804D1FFE7079800F0ECFA7E
:10ABE00000E0FFE7FFE7FFE7B4E0BDF8100010F476
:10ABF000587F00F0AF80FFE79DF810004006002866
:10AC00000ED5FFE70799D1F8840040F00400C1F8A1
:10AC1000840007980168886940F040008861FFE778
:10AC20009DF81100800700280ED5FFE70799D1F89D
:10AC3000840040F00100C1F8840007980168886929
:10AC400040F400708861FFE79DF81100C00770B103
:10AC5000FFE70799D1F8840040F00800C1F88400AC
:10AC600007980168886940F480708861FFE79DF863
:10AC70001000800600280ED5FFE70799D1F8840060
:10AC800040F08000C1F8840007980168886940F0AE
:10AC900020008861FFE70798D0F88400002858D08A
:10ACA000FFE707980168086820F00100086007982E
:10ACB0000168086940F26B3290430861039800F420
:10ACC0004040B0F5404F3BD1FFE7079801688868E6
:10ACD00020F4404088600798C06FB0B1FFE7079844
:10ACE000C16F4FF2F970C0F6000008650798C06F99
:10ACF000F7F77AFD40B1FFE70799D1F8840040F0FB
:10AD00004000C1F88400FFE7FFE70798806FB0B10B
:10AD1000FFE70798816F4FF2F970C0F600000865F1
:10AD20000798806FF7F760FD40B1FFE70799D1F80A
:10AD3000840040F04000C1F88400FFE7FFE707E02F
:10AD40000799012081F881000798FFF739FEFFE796
:10AD5000FFE7FFE708B080BD80B586B00490049897
:10AD600020B9FFE701208DF817003AE10498406A06
:10AD700008B9FFE7FFE7049900208862049800689B
:10AD800043F20001C4F2010188421BD0FFE704989E
:10AD9000006843F60001C4F20001884212D0FFE7C8
:10ADA0000498006843F60041C4F20001884209D0CB
:10ADB000FFE70498C068102804D3FFE701208DF84E
:10ADC00017000EE1049804F02FFD0290049800682B
:10ADD00043F20001C4F20101884216D0FFE7049853
:10ADE000006843F60001C4F2000188420DD0FFE77D
:10ADF0000498006843F60041C4F20001884204D080
:10AE0000FFE7029808281FD8FFE70498006843F27C
:10AE10000001C4F20101884212D0FFE704980068E3
:10AE200043F60001C4F20001884209D0FFE704980C
:10AE3000006843F60041C4F20001884208D1FFE7F0
:10AE40000298112804D3FFE701208DF81700C8E00D
:10AE5000049890F8810040B9FFE70499002081F838
:10AE60008000049800F0C4F8FFE70499022081F8FC
:10AE7000810004980168086820F0010008600498C7
:10AE80000068806800F4F810039004988069B0F1BD
:10AE9000806F1BD1FFE704984068B0F5800F04D1A4
:10AEA000FFE70498806B50B1FFE70498406868B9E9
:10AEB000FFE70498806BB0F1805F07D1FFE704984B
:10AEC0000168086840F480500860FFE704988079C2
:10AED0004006002810D5FFE70498C06807280BD368
:10AEE000FFE704980068006820F48070049A1168F5
:10AEF000126D1043086006E004980168086820F4A9
:10AF000080700860FFE7049B1968DA68D869D3F895
:10AF100028C040EA0C00DDF80CC040EA0C00DB6BF6
:10AF2000184310438860049A0192506B516A084399
:10AF3000916B0843916908431168D2F804C0936883
:10AF4000D2F810E040EA0E00D2F814E040EA0E0019
:10AF5000D2F820E040EA0E0040EA0C00D2F84CC0E3
:10AF600040EA0C001843936C1843926D1043C8607C
:10AF70000498406898B9FFE7049800688068012148
:10AF800061F3CC200499096888600498006880689F
:10AF9000022161F34A20049909688860FFE7049858
:10AFA0000168086D20F0010008650498807940066A
:10AFB00000280BD5FFE704980068C06820F0004027
:10AFC000049A1168526D1043C860FFE7049900208D
:10AFD000C1F88400049A012182F881108DF81700CD
:10AFE000FFE79DF8170006B080BD000000000000DC
:10AFF00080B5C0B03F9000203E903D903C903B908B
:10B000003A900CA8B821F5F7C9F93F98006843F6C3
:10B010000001C4F20001884240F0C480FFE7002034
:10B020000D904FF480510C9123900CA8FDF730FB4C
:10B0300018B1FFE7F6F78CFCFFE7FFE744F2E840C2
:10B04000C5F60200016841F480410160006800F427
:10B0500080400B900B98FFE7FFE744F2E040C5F615
:10B060000200016841F004010160006800F0040082
:10B070000A900A98FFE7FFE744F2E040C5F60200B5
:10B08000016841F002010160006800F002000990CF
:10B090000998FFE706203A90022003903B90002099
:10B0A00007903C90032004903D90052005903E9031
:10B0B00040F60000C5F602003AA90691FBF7B8FA7F
:10B0C000DDF80CC0049A05980699079B4FF4005EC2
:10B0D000CDF8E8E0CDF8ECC03C933D923E9040F2D4
:10B0E0000040C5F60200FBF7A3FA079944F6E820F2
:10B0F000C2F2004008904022C4F2020202602722FD
:10B1000042608160C1604FF480620261416181618F
:10B11000C1614FF4403202624162F8F79DFF18B1FD
:10B12000FFE7F6F715FCFFE7FFE73F9844F6E82155
:10B13000C2F20041C1673F988863FFE744F6603080
:10B14000C2F2004002902821C4F2020101602821CD
:10B150004160402181600021C1604FF48062026142
:10B1600041618161C1614FF4003202624162F8F7CE
:10B1700073FF18B1FFE7F6F7EBFBFFE7FFE73F9838
:10B1800044F66031C2F2004181673F988863FFE76F
:10B190002420019000221146FBF782FD0198FBF765
:10B1A00073FDFFE740B080BD81B0009001B07047F3
:10B1B00081B0009001B0704781B0009001B070473D
:10B1C00080B584B003900398006843F20001C4F294
:10B1D0000101884213D1FFE740F26431C2F200411D
:10B1E000029148680989FBF70FFC0299D1F81031E8
:10B1F000B1F80A2101F10A008A31984739E0039831
:10B20000006843F60001C4F20001884213D1FFE751
:10B2100040F27841C2F20041019148680989FBF788
:10B22000F3FB0199D1F81031B1F80A2101F10A00BC
:10B230008A3198471CE00398006843F60041C4F245
:10B240000001884213D1FFE740F28C51C2F2004165
:10B25000009148680989FBF7D7FB0099D1F81031B4
:10B26000B1F80A2101F10A008A319847FFE7FFE7A8
:10B27000FFE704B080BD000080B582B00190019866
:10B2800004F04AFB02B080BD81B0009001B070476D
:10B2900081B0009001B0704781B0009001B070475C
:10B2A00084B00290019100200090FFE7029890F88E
:10B2B0003C00012804D1FFE702208DF80F0082E056
:10B2C0000299012081F83C00FFE7FFE7009820F099
:10B2D000FF000199C96808430090009820F440706D
:10B2E0000199896808430090009820F480600199D2
:10B2F000496808430090009820F4006001990968AB
:10B3000008430090009820F480500199096908438F
:10B310000090009820F4005001994969084300907A
:10B32000009820F480400199096B08430090009830
:10B3300020F470200199896940EA0140009000984A
:10B3400020F080500199C969084300900298006874
:10B350000021C4F20101884209D0FFE70298006889
:10B3600040F20041C4F2010188421ED1FFE700987B
:10B3700020F470000199896A40EA01500090009819
:10B3800020F080700199096A08430090009820F02D
:10B3900000700199496A08430090009820F000501D
:10B3A0000199C96A08430090FFE70098029909686B
:10B3B0004864FFE70299002081F83C00FFE7002085
:10B3C0008DF80F00FFE79DF80F0004B070470000F4
:10B3D00085B003900291FFE7039890F83C000128A4
:10B3E00004D1FFE702208DF81300ABE003990120A0
:10B3F00081F83C00FFE7FFE70399022081F83D0058
:10B400000398006840680190039800688068009085
:10B41000039800680021C4F20101884209D0FFE7C7
:10B420000398006840F20041C4F2010188420AD149
:10B43000FFE7019820F4700001900298416801989C
:10B4400008430190FFE7019820F0700001900298F6
:10B4500001680198084301900198039909684860C0
:10B46000039800680021C4F2010188424ED0FFE732
:10B4700003980068B0F1804F48D0FFE70398006858
:10B4800040F20041C4F2000188423FD0FFE7039838
:10B49000006840F60001C4F20001884236D0FFE7A0
:10B4A0000398006840F60041C4F2000188422DD0A4
:10B4B000FFE70398006840F20041C4F201018842AE
:10B4C00024D0FFE70398006841F60001C4F20001B0
:10B4D00088421BD0FFE70398006844F20001C4F2E1
:10B4E0000101884212D0FFE7039800684EF2000184
:10B4F000C4F20001884209D0FFE7039800684EF2C9
:10B500000041C4F2000188420ED1FFE7009820F00C
:10B51000800000900298816800980843009000988D
:10B52000039909688860FFE70399012081F83D00CD
:10B53000FFE70399002081F83C00FFE700208DF829
:10B540001300FFE79DF8130005B0704700000000EE
:10B5500080B582B00090009820B9FFE701208DF8F7
:10B56000070045E0009890F83D0040B9FFE70099DA
:10B57000002081F83C00009800F03EF8FFE70099B9
:10B58000022081F83D00009951F8040B04F008FBFB
:10B590000099012081F84800FFE70099012081F817
:10B5A0003E00009981F83F00009981F84000009921
:10B5B00081F84100009981F84200009981F8430028
:10B5C000FFE7FFE70099012081F84400009981F826
:10B5D0004500009981F84600009981F84700FFE78F
:10B5E0000099012081F83D0000208DF80700FFE759
:10B5F0009DF8070002B080BD80B586B00590059823
:10B6000000680021C4F20101884210D1FFE7FFE782
:10B6100044F2F040C5F60200016841F0010101600A
:10B62000006800F0010004900498FFE753E00598DB
:10B630000068B0F1804F10D1FFE7FFE744F2E84027
:10B64000C5F60200016841F001010160006800F0E8
:10B65000010003900398FFE73CE00598006840F282
:10B660000041C4F20001884210D1FFE7FFE744F235
:10B67000E840C5F60200016841F00201016000687F
:10B6800000F0020002900298FFE722E005980068AF
:10B6900040F60041C4F20001884219D1FFE7FFE7FC
:10B6A00044F2E840C5F60200016841F0080101607B
:10B6B000006800F0080001900198FFE73220009038
:10B6C00001210022FBF7ECFA0098FBF7DDFAFFE717
:10B6D000FFE7FFE7FFE706B080BD000000000000C5
:10B6E00083B00190019890F83D00012804D0FFE755
:10B6F00001208DF80B0083E00199022081F83D00C4
:10B7000001980168C86840F00100C86001980068AD
:10B710000021C4F2010188424ED0FFE70198006881
:10B72000B0F1804F48D0FFE70198006840F2004137
:10B73000C4F2000188423FD0FFE70198006840F65C
:10B740000001C4F20001884236D0FFE7019800688A
:10B7500040F60041C4F2000188422DD0FFE7019875
:10B76000006840F20041C4F20101884224D0FFE7A2
:10B770000198006841F60001C4F2000188421BD024
:10B78000FFE70198006844F20001C4F20101884219
:10B7900012D0FFE7019800684EF20001C4F20001E8
:10B7A000884209D0FFE7019800684EF20041C4F2D8
:10B7B0000001884219D1FFE70198006880680721DD
:10B7C000C0F2010108400090009806280CD0FFE765
:10B7D0000098B0F5803F07D0FFE70198016808683E
:10B7E00040F001000860FFE706E001980168086882
:10B7F00040F001000860FFE700208DF80B00FFE734
:10B800009DF80B0003B0704780B586B0049003919B
:10B8100000208DF80B00FFE7049890F83C00012809
:10B8200004D1FFE702208DF81700D1E00499012030
:10B8300081F83C00FFE7FFE70499022081F83D0012
:10B84000049800688068019001984FF68871CFF6DF
:10B85000CE7108400190019820F47F40019001983A
:10B86000049909688860039800680090002800F037
:10B870009580FFE70098102800F09080FFE700987F
:10B88000202800F08B80FFE70098302800F08680A9
:10B89000FFE70098402874D0FFE70098502856D062
:10B8A000FFE7009860285FD0FFE7009870282AD053
:10B8B000FFE70098B0F5805F24D0FFE70098B0F56F
:10B8C000005F35D0FFE70098B0F5801F66D0FFE736
:10B8D0000098B0F1101F61D0FFE700982021C0F25E
:10B8E000100188425AD0FFE700983021C0F21001C1
:10B8F000884253D0FFE700984021C0F210018842EF
:10B900004CD052E055E004980068039B5A6899684F
:10B91000DB6804F0C1FA049800688068019001981F
:10B9200040F077000190019804990968886040E030
:10B9300004980068039B5A689968DB6804F0ACFAC5
:10B9400004980168886840F48040886031E0049879
:10B950000068039A5168D26804F052FF04980068A6
:10B96000502104F0B5FA24E004980068039A516865
:10B97000D26804F06DFF04980068602104F0A8FA12
:10B9800017E004980068039A5168D26804F038FF01
:10B9900004980068402104F09BFA0AE004980068CB
:10B9A0000399096804F094FA03E001208DF80B0074
:10B9B000FFE70499012081F83D00FFE7049900208A
:10B9C00081F83C00FFE79DF80B008DF81700FFE7BA
:10B9D0009DF8170006B080BD81B0009001B070479F
:10B9E00080B584B0039003980068C0680290039803
:10B9F0000068006901909DF804008007002824D5A4
:10BA0000FFE79DF80800800700281DD5FFE7039891
:10BA100001686FF00200086103990120087703981C
:10BA200000688069800720B1FFE70398FFF7D4FF23
:10BA300006E0039800F080F9039800F0B1FAFFE700
:10BA4000039900200877FFE7FFE79DF8040040070F
:10BA5000002825D5FFE79DF80800400700281ED5DF
:10BA6000FFE7039801686FF0040008610399022062
:10BA7000087703980068806910F4407F04D0FFE7DE
:10BA80000398FFF7A9FF06E0039800F055F9039823
:10BA900000F086FAFFE7039900200877FFE7FFE749
:10BAA0009DF804000007002824D5FFE79DF8080052
:10BAB000000700281DD5FFE7039801686FF0080014
:10BAC000086103990420087703980068C06980071B
:10BAD00020B1FFE70398FFF77FFF06E0039800F02F
:10BAE0002BF9039800F05CFAFFE703990020087730
:10BAF000FFE7FFE79DF80400C006002825D5FFE713
:10BB00009DF80800C00600281ED5FFE703980168CD
:10BB10006FF0100008610399082008770398006807
:10BB2000C06910F4407F04D0FFE70398FFF754FF8B
:10BB300006E0039800F000F9039800F031FAFFE7FF
:10BB4000039900200877FFE7FFE79DF80400C0078E
:10BB500078B1FFE79DF80800C00748B1FFE70398F8
:10BB600001686FF001000861039800F071FBFFE7C6
:10BB7000FFE7019800F08000802806D0FFE79DF8DD
:10BB800005008006002810D5FFE79DF80800000694
:10BB9000002809D5FFE7039801686FF40250086197
:10BBA0000398FFF775FBFFE7FFE79DF80500C00767
:10BBB00080B1FFE79DF808000006002809D5FFE7DF
:10BBC000039801686FF4807008610398FFF75CFBCD
:10BBD000FFE7FFE79DF804004006002810D5FFE7C7
:10BBE0009DF808004006002809D5FFE70398016882
:10BBF0006FF040000861039800F0B2FBFFE7FFE739
:10BC00009DF804008006002810D5FFE79DF8080085
:10BC10008006002809D5FFE7039801686FF020002F
:10BC200008610398FFF738FBFFE7FFE704B080BD2A
:10BC300080B58AB009900020089007900690059082
:10BC40000490099800680021C4F20101884221D1C2
:10BC5000FFE7FFE744F2E040C5F60200016841F06B
:10BC600010010160006800F0100003900398FFE7E6
:10BC70004FF4085004900220059000200690079091
:10BC80000120089041F20000C5F6020004A9FAF76D
:10BC9000CFFC4DE009980068B0F1804F1FD1FFE75D
:10BCA000FFE744F2E040C5F60200016841F00101FF
:10BCB0000160006800F0010002900298FFE7052093
:10BCC0000490022005900020069007900120089023
:10BCD0000020C5F6020004A9FAF7AAFC27E009989B
:10BCE000006840F20041C4F2000188421ED1FFE723
:10BCF000FFE744F2E040C5F60200016841F00201AE
:10BD00000160006800F0020001900198FFE7022046
:10BD100004900590002106910791089040F20040A0
:10BD2000C5F6020004A9FAF783FCFFE7FFE7FFE787
:10BD30000AB080BD0000000081B0009001B07047E3
:10BD400080B586B004900391029200208DF8070020
:10BD5000FFE7049890F83C00012804D1FFE7022097
:10BD60008DF81700C0E00499012081F83C00FFE73E
:10BD7000FFE702980090142800F2A7800099DFE8FE
:10BD800001F00BA4A4A424A4A4A43EA4A4A457A496
:10BD9000A4A471A4A4A48A0004980068039904F0E0
:10BDA00047F904980168886940F0080088610498A0
:10BDB0000168886920F0040088610398026904988A
:10BDC000016888691043886183E0049800680399DA
:10BDD00004F0D6F904980168886940F4006088612D
:10BDE00004980168886920F480608861039802697A
:10BDF00004980168886940EA0220886169E0049833
:10BE00000068039904F074FA04980168C86940F066
:10BE10000800C86104980168C86920F00400C8617E
:10BE20000398026904980168C8691043C86150E02A
:10BE300004980068039904F013FB04980168C8692A
:10BE400040F40060C86104980168C86920F480600B
:10BE5000C8610398026904980168C86940EA022031
:10BE6000C86136E004980068039904F069FB0498FF
:10BE70000168486D40F00800486504980168486D05
:10BE800020F0040048650398026904980168486D31
:10BE9000104348651DE004980068039904F0B8FB5E
:10BEA00004980168486D40F4006048650498016892
:10BEB000486D20F480604865039802690498016821
:10BEC000486D40EA0220486503E001208DF8070034
:10BED000FFE7FFE70499002081F83C00FFE79DF8A9
:10BEE00007008DF81700FFE79DF8170006B080BD2A
:10BEF00080B582B00090009820B9FFE701208DF84E
:10BF0000070045E0009890F83D0040B9FFE7009930
:10BF1000002081F83C00009800F03EF8FFE700990F
:10BF2000022081F83D00009951F8040B03F038FE1F
:10BF30000099012081F84800FFE70099012081F86D
:10BF40003E00009981F83F00009981F84000009977
:10BF500081F84100009981F84200009981F843007E
:10BF6000FFE7FFE70099012081F84400009981F87C
:10BF70004500009981F84600009981F84700FFE7E5
:10BF80000099012081F83D0000208DF80700FFE7AF
:10BF90009DF8070002B080BD81B0009001B07047ED
:10BFA00081B0009001B0704780B590B00E900D91B7
:10BFB0000D9828B9FFE70E9890F83E000B9034E0FA
:10BFC0000D98042805D1FFE70E9890F83F000A90DD
:10BFD00028E00D98082805D1FFE70E9890F840005A
:10BFE00009901CE00D980C2805D1FFE70E9890F8F9
:10BFF0004100089010E00D98102805D1FFE70E9839
:10C0000090F84200079004E00E9890F843000790E3
:10C01000FFE707980890FFE708980990FFE709985D
:10C020000A90FFE70A980B90FFE70B98012804D0CD
:10C03000FFE701208DF83F0003E10D9828B9FFE7E5
:10C040000E99022081F83E0038E00D98042806D1B0
:10C05000FFE70E99022081F83F0006902CE00D9832
:10C06000082806D1FFE70E99022081F840000590CC
:10C070001FE00D980C2806D1FFE70E99022081F8E9
:10C080004100049012E00D98102806D1FFE70E99A8
:10C09000022081F84200039005E00E99022081F809
:10C0A00043000390FFE703980490FFE7049805908E
:10C0B000FFE705980690FFE70698FFE70E980068EF
:10C0C0000D990122019203F0CBFE01980E990968A7
:10C0D0000022C4F20102914202902DD0FFE70E9897
:10C0E0000168012040F20042C4F201029142029034
:10C0F00022D0FFE70E980168012044F20002C4F24A
:10C1000001029142029017D0FFE70E9801680120CA
:10C1100044F20042C4F20102914202900CD0FFE7C7
:10C120000E9800684BF60001CBF6FE710844B0FA99
:10C1300080F040090290FFE70298C00738B1FFE79E
:10C140000E980168486C40F400404864FFE70E9880
:10C1500000680021C4F2010188424ED0FFE70E982A
:10C160000068B0F1804F48D0FFE70E98006840F2B9
:10C170000041C4F2000188423FD0FFE70E980068FA
:10C1800040F60001C4F20001884236D0FFE70E9865
:10C19000006840F60041C4F2000188422DD0FFE75C
:10C1A0000E98006840F20041C4F20101884224D098
:10C1B000FFE70E98006841F60001C4F200018842D2
:10C1C0001BD0FFE70E98006844F20001C4F20101A1
:10C1D000884212D0FFE70E9800684EF20001C4F2C8
:10C1E0000001884209D0FFE70E9800684EF2004136
:10C1F000C4F20001884219D1FFE70E9800688068F8
:10C200000721C0F2010108400C900C9806280CD0C0
:10C21000FFE70C98B0F5803F07D0FFE70E98016864
:10C22000086840F001000860FFE706E00E9801682A
:10C23000086840F001000860FFE700208DF83F002B
:10C24000FFE79DF83F0010B080BD00000000000037
:10C2500080B582B00190019800680021C4F201010C
:10C26000884207D1FFE740F2A060C2F20040406878
:10C27000804773E001980068B0F1804F07D1FFE775
:10C2800040F2A860C2F200404068804765E0019833
:10C29000006840F20041C4F20001884207D1FFE784
:10C2A00040F2B060C2F200404068804754E001981C
:10C2B000006840F60001C4F20001884207D1FFE7A0
:10C2C00040F2B860C2F200404068804743E0019805
:10C2D000006840F60041C4F20001884207D1FFE740
:10C2E00040F2C060C2F200404068804732E00198EE
:10C2F000006841F20001C4F20001884207D1FFE763
:10C3000040F2C860C2F200404068804721E00198D6
:10C31000006841F20041C4F20001884207D1FFE702
:10C3200040F2D060C2F200404068804710E00198BF
:10C33000006840F20041C4F20101884207D1FFE7E2
:10C3400040F2D860C2F2004040688047FFE7FFE754
:10C35000FFE7FFE7FFE7FFE7FFE7FFE702B080BD8A
:10C3600081B0009001B0704783B00190FFE7019861
:10C3700090F88400012804D1FFE702208DF80B001B
:10C380002CE00199012081F88400FFE7FFE7019983
:10C390002420C1F888000198006800680090019886
:10C3A0000168086820F001000860009820F0005043
:10C3B000009001990020486600980199096808607A
:10C3C00001992020C1F88800FFE70199002081F839
:10C3D0008400FFE700208DF80B00FFE79DF80B00BD
:10C3E00003B070470000000080B586B00490039150
:10C3F000ADF80A200498D0F88C00202844D1FFE73B
:10C40000039820B1FFE7BDF80A0020B9FFE701203B
:10C410008DF817003CE004990120C86604990020BB
:10C42000086704980399BDF80A2005F0E5FD8DF82A
:10C4300009009DF8090010BBFFE70498C06E0128B1
:10C4400018D1FFE70498016810200862FFE7FFE7B2
:10C450000498006850E8000F40F010000190FFE7DA
:10C4600001990498026842E800100028F0D1FFE723
:10C47000FFE703E001208DF80900FFE7FFE79DF8E3
:10C4800009008DF8170003E002208DF81700FFE780
:10C490009DF8170006B080BD80B588B00790ADF854
:10C4A0001A100798006841F20001C4F201018842A5
:10C4B0002DD1FFE7BDF81A0040F2F071C2F2004141
:10C4C0000491A1F808010798B1F804218431FFF71D
:10C4D0008BFF0499B1F80801B1F8041188420BDC14
:10C4E000FFE740F2F070C2F20040D0F80C21BDF836
:10C4F0001A108430904709E040F2F070C2F2004018
:10C50000B0F804118430F3F749FFFFE719E3079807
:10C51000006844F20041C4F20001884240F06B819F
:10C52000FFE7BDF81A00ADF81800BDF81800812823
:10C530000BDBFFE745F6E851C2F200410868013025
:10C5400008608020ADF81800FFE745F6E051C2F220
:10C550000041086801300860BDF8180045F6E45154
:10C56000C2F200410880BDF8182045F6F451C2F22D
:10C57000004108681044086045F66050C2F200406F
:10C58000039080210AF050FB0398BDF8181003F0C7
:10C590001FF845F63C20C2F20040D0F8800098B366
:10C5A000FFE745F63C20C2F20040D0F88000C069A9
:10C5B000B0F5807F28D0FFE745F63C20C2F200406E
:10C5C00045F66051C2F200418022FFF70DFF8DF861
:10C5D00017009DF81700022808D1FFE745F6EC5137
:10C5E000C2F200410868013008600CE09DF81700B5
:10C5F00040B1FFE745F6F051C2F200410868013052
:10C600000860FFE7FFE7FFE745F63C20C2F2004085
:10C61000D0F8800000681021C4F20201884200F0C6
:10C62000D180FFE745F63C20C2F20040D0F8800000
:10C6300000682821C4F20201884200F0C380FFE7AD
:10C6400045F63C20C2F20040D0F88000006840214E
:10C65000C4F20201884200F0B580FFE745F63C20B5
:10C66000C2F20040D0F8800000685821C4F20201F4
:10C67000884200F0A780FFE745F63C20C2F2004068
:10C68000D0F8800000687021C4F20201884200F0F6
:10C690009980FFE745F63C20C2F20040D0F88000C8
:10C6A00000688821C4F20201884200F08B80FFE715
:10C6B00045F63C20C2F20040D0F880000068A0217E
:10C6C000C4F2020188427DD0FFE745F63C20C2F269
:10C6D0000040D0F880000068B821C4F2020188420E
:10C6E00070D0FFE745F63C20C2F20040D0F8800051
:10C6F000006840F21041C4F20201884262D0FFE7B4
:10C7000045F63C20C2F20040D0F88000006840F2BC
:10C710002841C4F20201884254D0FFE745F63C208C
:10C72000C2F20040D0F88000006840F24041C4F2FC
:10C730000201884246D0FFE745F63C20C2F20040A5
:10C74000D0F88000006840F25841C4F202018842EB
:10C7500038D0FFE745F63C20C2F20040D0F8800018
:10C76000006840F27041C4F2020188422AD0FFE71B
:10C7700045F63C20C2F20040D0F88000006840F24C
:10C780008841C4F2020188421CD0FFE745F63C20F4
:10C79000C2F20040D0F88000006840F2A041C4F22C
:10C7A000020188420ED0FFE745F63C20C2F200406D
:10C7B000D0F88000006840F2B841C4F2020188421B
:10C7C0000CD1FFE745F63C20C2F20040D0F88000D3
:10C7D0000168086820F0080008600BE045F63C207E
:10C7E000C2F20040D0F880000168086820F0040020
:10C7F0000860FFE7A4E10798006845F20001C4F271
:10C800000001884240F0F980FFE7BDF81A0040F6C9
:10C810003041C2F20041A1F80801B1F80801B1F8B5
:10C82000041188420BDCFFE740F63040C2F20040C2
:10C83000D0F80C21BDF81A1084309047FFE7079814
:10C8400040F63041C2F20041B1F804215200843177
:10C8500092B2FFF7C9FD44F6D830C2F2004000683A
:10C860001021C4F20201884200F0B280FFE744F6D2
:10C87000D830C2F2004000682821C4F20201884288
:10C8800000F0A680FFE744F6D830C2F2004000680E
:10C890004021C4F20201884200F09A80FFE744F68A
:10C8A000D830C2F2004000685821C4F20201884228
:10C8B00000F08E80FFE744F6D830C2F200400068F6
:10C8C0007021C4F20201884200F08280FFE744F642
:10C8D000D830C2F2004000688821C4F202018842C8
:10C8E00076D0FFE744F6D830C2F200400068A021BD
:10C8F000C4F2020188426BD0FFE744F6D830C2F29E
:10C9000000400068B821C4F20201884260D0FFE70D
:10C9100044F6D830C2F20040006840F21041C4F240
:10C920000201884254D0FFE744F6D830C2F20040FA
:10C93000006840F22841C4F20201884248D0FFE773
:10C9400044F6D830C2F20040006840F24041C4F2E0
:10C95000020188423CD0FFE744F6D830C2F20040E2
:10C96000006840F25841C4F20201884230D0FFE72B
:10C9700044F6D830C2F20040006840F27041C4F280
:10C980000201884224D0FFE744F6D830C2F20040CA
:10C99000006840F28841C4F20201884218D0FFE7E3
:10C9A00044F6D830C2F20040006840F2A041C4F220
:10C9B000020188420CD0FFE744F6D830C2F20040B2
:10C9C000006840F2B841C4F2020188420AD1FFE790
:10C9D00044F6D830C2F200400168086820F0080030
:10C9E000086009E044F6D830C2F2004001680868E7
:10C9F00020F004000860FFE7A1E00798006847F610
:10CA00000001C4F20001884211D1FFE7BDF81A000D
:10CA100040F65061C2F20041A1F808010798B1F850
:10CA200004215200843192B2FFF7DEFC86E00798C1
:10CA3000006847F60041C4F20001884223D1FFE7B5
:10CA4000BDF81A0040F66071C2F200410291A1F8EF
:10CA500008010798B1F804218431FFF7C5FC029959
:10CA6000B1F80801B1F8041188420BDCFFE740F689
:10CA70006070C2F20040D0F80C21BDF81A1084306A
:10CA80009047FFE759E00798006841F60001C4F2BB
:10CA90000101884223D1FFE7BDF81A0041F270017D
:10CAA000C2F200410191A1F808010798B1F80421F0
:10CAB0008431FFF799FC0199B1F80801B1F804112C
:10CAC00088420BDCFFE741F27000C2F20040D0F870
:10CAD0000C21BDF81A1084309047FFE72CE007982E
:10CAE000006841F60041C4F20101884223D1FFE70A
:10CAF000BDF81A0040F2E061C2F200410091A1F8D5
:10CB000008010798B1F804218431FFF76DFC009902
:10CB1000B1F80801B1F8041188420BDCFFE740F2DC
:10CB2000E060C2F20040D0F80C21BDF81A10843049
:10CB30009047FFE7FFE7FFE7FFE7FFE7FFE7FFE7D4
:10CB4000FFE708B080BD000081B0009001B07047E1
:10CB500080B584B002900191FFE7029890F88400BC
:10CB6000012804D1FFE702208DF80F0032E002997E
:10CB7000012081F88400FFE7FFE702992420C1F833
:10CB800088000298006800680090029801680868B0
:10CB900020F00100086002980068806820F0606062
:10CBA00001990843029909688860029803F034FFEC
:10CBB000009802990968086002992020C1F888004D
:10CBC000FFE70299002081F88400FFE700208DF83C
:10CBD0000F00FFE79DF80F0004B080BD00000000CB
:10CBE00080B584B002900191FFE7029890F884002C
:10CBF000012804D1FFE702208DF80F0032E00299EE
:10CC0000012081F88400FFE7FFE702992420C1F8A2
:10CC1000880002980068006800900298016808681F
:10CC200020F00100086002980068806820F06040F1
:10CC300001990843029909688860029803F0ECFEA4
:10CC4000009802990968086002992020C1F88800BC
:10CC5000FFE70299002081F88400FFE700208DF8AB
:10CC60000F00FFE79DF80F0004B080BD000000003A
:10CC700081B0009001B0704781B0009001B0704762
:10CC800081B000900098006845F20001C4F20001F4
:10CC9000884201D1FFE7FFE701B0704700000000C4
:10CCA00080B592B0119011980068C06910901198E9
:10CCB000006800680F901198006880680E901098C6
:10CCC00040F60F0108400D900D98E0B9FFE79DF880
:10CCD00040008006002815D5FFE79DF83C0080063F
:10CCE000002806D4FFE79DF83B00C006002809D5C0
:10CCF000FFE71198406F20B1FFE71198416F884717
:10CD0000FFE72FE3FFE70D98002800F00C81FFE715
:10CD10000E980121C1F20001084209D1FFE70F98E6
:10CD200040F22011C0F20041084200F0FC80FFE711
:10CD30009DF84000C00788B1FFE79DF83D00C0079F
:10CD400060B1FFE711980168012008621199D1F8DC
:10CD5000900040F00100C1F89000FFE79DF840000E
:10CD60008007002811D5FFE79DF83800C00760B1A3
:10CD7000FFE711980168022008621199D1F890002C
:10CD800040F00400C1F89000FFE79DF84000400724
:10CD9000002811D5FFE79DF83800C00760B1FFE714
:10CDA00011980168042008621199D1F8900040F0B0
:10CDB0000200C1F89000FFE79DF84000000700283E
:10CDC00019D5FFE79DF83C008006002807D4FFE74F
:10CDD0000E980121C1F2000108420CD0FFE7119822
:10CDE0000168082008621199D1F8900040F008000D
:10CDF000C1F89000FFE79DF841000007002813D517
:10CE0000FFE79DF83F00400700280DD5FFE7119888
:10CE100001684FF4006008621199D1F8900040F069
:10CE20002000C1F89000FFE71198D0F8900000288A
:10CE300078D0FFE79DF840008006002815D5FFE771
:10CE40009DF83C008006002806D4FFE79DF83B00D3
:10CE5000C006002809D5FFE71198406F20B1FFE711
:10CE60001198416F8847FFE7FFE71198D0F89000CD
:10CE70000C9011980068806800F04000402806D0AF
:10CE8000FFE79DF8300010F0280F42D0FFE711981F
:10CE900004F086F81198006880684006002833D5B1
:10CEA000FFE7FFE7FFE71198006850E8020F20F066
:10CEB00040000B90FFE70B991198026842E80210BE
:10CEC0000028F0D1FFE7FFE71198D0F88000B0B15B
:10CED000FFE71198D0F8801040F63150C0F60100FD
:10CEE00008651198D0F88000F5F77EFC30B1FFE7B7
:10CEF0001198D0F88000016D8847FFE703E0119892
:10CF0000FFF7BEFEFFE703E01198FFF7B9FEFFE76A
:10CF100007E01198FFF7B4FE11990020C1F89000C6
:10CF2000FFE7FFE71EE21198C06E012840F0BB81C9
:10CF3000FFE79DF84000C006002840F1B481FFE7FC
:10CF40009DF83C00C006002840F1AD81FFE7119834
:10CF50000168102008621198006880684006002867
:10CF600040F13F81FFE71198D0F880000068102160
:10CF7000C4F20201884200F0A280FFE71198D0F8C5
:10CF8000800000682821C4F20201884200F09780E6
:10CF9000FFE71198D0F8800000684021C4F2020138
:10CFA000884200F08C80FFE71198D0F8800000687C
:10CFB0005821C4F20201884200F08180FFE71198F5
:10CFC000D0F8800000687021C4F20201884276D057
:10CFD000FFE71198D0F8800000688821C4F20201B0
:10CFE00088426CD0FFE71198D0F880000068A0213B
:10CFF000C4F20201884262D0FFE71198D0F88000A5
:10D000000068B821C4F20201884258D0FFE71198A5
:10D01000D0F88000006840F21041C4F2020188425A
:10D020004DD0FFE71198D0F88000006840F2284109
:10D03000C4F20201884242D0FFE71198D0F8800084
:10D04000006840F24041C4F20201884237D0FFE755
:10D050001198D0F88000006840F25841C4F20201F3
:10D0600088422CD0FFE71198D0F88000006840F289
:10D070007041C4F20201884221D0FFE71198D0F834
:10D080008000006840F28841C4F20201884216D054
:10D09000FFE71198D0F88000006840F2A041C4F288
:10D0A000020188420BD0FFE71198D0F88000006899
:10D0B00040F2B841C4F20201884207D1FFE711985B
:10D0C000D0F8800000684068019006E01198D0F820
:10D0D0008000006840680190FFE70198ADF82A00E1
:10D0E000BDF82A0000287BD0FFE7BDF82A0011997F
:10D0F000B1F85C10884273DAFFE7BDF82A00119995
:10D10000A1F85E001198D0F88000C069B0F5807F6A
:10D1100059D0FFE7FFE7FFE71198006850E8000FDC
:10D1200020F480700990FFE709991198026842E89D
:10D1300000100028F0D1FFE7FFE7FFE7FFE71198B5
:10D14000006850E8020F20F001000890FFE70899FE
:10D150001198026842E802100028F0D1FFE7FFE7CB
:10D16000FFE7FFE71198006850E8020F20F0400049
:10D170000790FFE707991198026842E8021000281B
:10D18000F0D1FFE7FFE711992020C1F88C00119939
:10D190000020C866FFE7FFE71198006850E8000F1D
:10D1A00020F010000690FFE706991198026842E807
:10D1B00000100028F0D1FFE7FFE71198D0F88000B9
:10D1C000F4F756FEFFE71199022008671198B0F8AE
:10D1D0005C10B0F85E20891A89B2FFF75DF9FFE7AD
:10D1E000C0E01199B1F85C00B1F85E10401AADF8DA
:10D1F00016001198B0F85E00002853D0FFE7BDF884
:10D20000160000284ED0FFE7FFE7FFE711980068FF
:10D2100050E8000F20F490700490FFE704991198F3
:10D22000026842E800100028F0D1FFE7FFE7FFE7BF
:10D23000FFE71198006850E8020F4FF6FE71CEF636
:10D24000FF7108400390FFE703991198026842E8D4
:10D2500002100028EDD1FFE7FFE711992020C1F867
:10D260008C0011990020C86611994867FFE7FFE715
:10D270001198006850E8000F20F010000290FFE7BE
:10D2800002991198026842E800100028F0D1FFE7E7
:10D29000FFE71199022008671198BDF81610FFF7F3
:10D2A000FBF8FFE75EE09DF84200C00600280FD5BE
:10D2B000FFE79DF83A004006002809D5FFE71198DE
:10D2C00001684FF4801008621198FFF7D5FC49E01F
:10D2D0009DF840000006002815D5FFE79DF83C00AA
:10D2E0000006002806D4FFE79DF83A000006002853
:10D2F00009D5FFE71198806F20B1FFE71198816F82
:10D300008847FFE72EE09DF84000400600280AD538
:10D31000FFE79DF83C004006002804D5FFE7119880
:10D3200003F08EFE1EE09DF84200000600280AD59C
:10D33000FFE79DF83F004006002804D5FFE711985D
:10D34000FFF796FC0EE09DF84300C00750B1FFE7E1
:10D350009DF83F000006002804D5FFE71198FFF76D
:10D36000F3FBFFE712B080BD80B582B0009000985B
:10D3700020B9FFE701208DF8070046E0009880699A
:10D3800008B1FFE700E0FFE70098D0F8880040B957
:10D39000FFE70099002081F88400009800F03CF835
:10D3A000FFE700992420C1F8880000980168086808
:10D3B00020F0010008600098806A20B1FFE7009823
:10D3C00003F06EFBFFE7009804F0EEF8012804D1AB
:10D3D000FFE701208DF8070017E000980168486812
:10D3E00020F49040486000980168886820F02A0086
:10D3F000886000980168086840F0010008600098A3
:10D4000003F0F2FB8DF80700FFE79DF8070002B07C
:10D4100080BD00000000000080B5E2B061900020F7
:10D4200060905F905E905D905C902EA8B821F2F7BE
:10D43000B5FF6198006845F20001C4F2000188421E
:10D4400040F09680FFE700202F9002212E914B9014
:10D450002EA8FBF71DF918B1FFE7F4F779FAFFE7FB
:10D46000FFE744F2E840C5F60200016841F480118C
:10D470000160006800F480102D902D98FFE7FFE711
:10D4800044F2E040C5F60200016841F00401016089
:10D49000006800F004002C902C98FFE7FFE744F2AE
:10D4A000E040C5F60200016841F008010160006833
:10D4B00000F008002B902B98FFE74FF480505C9011
:10D4C00002201A905D9000201D905E905F900820D1
:10D4D0001B90609040F60000C5F602005CA91C910C
:10D4E000F9F7A6F81A9B1B981C991D9A4FF0040C8B
:10D4F000CDF870C15D935E925F92609040F60040FF
:10D50000C5F60200F9F794F81D9944F6D830C2F236
:10D5100000401E901022C4F20202026041224260CA
:10D520008160C1604FF48062026141618161C161CB
:10D530004FF4403202624162F6F78EFD18B1FFE708
:10D54000F4F706FAFFE7FFE7619844F6D831C2F234
:10D550000041C0F8801061988863FFE7352019907A
:10D5600006210022F9F79CFB1998F9F78DFB78E367
:10D570006198006847F60001C4F20001884271D149
:10D58000FFE700202F9002212E914B902EA8FBF751
:10D590007FF818B1FFE7F4F7DBF9FFE7FFE744F2A4
:10D5A000E840C5F60200016841F080410160006872
:10D5B00000F080402A902A98FFE7FFE744F2E0401D
:10D5C000C5F60200016841F010010160006800F03A
:10D5D000100029902998FFE74FF4C0705C9002205A
:10D5E0005D90002017905E905F900720609041F260
:10D5F0000000C5F602005CA9F9F71AF8179944F67D
:10D600005040C2F2004018908822C4F20202026028
:10D610004F2242608160C1604FF4806202614161CB
:10D6200081614FF48072C26101624162F6F714FDBC
:10D6300018B1FFE7F4F78CF9FFE7FFE7619844F6CC
:10D640005041C2F20041C0F8801061988863FFE742
:10D650005220169006210122F9F722FB1698F9F7BD
:10D6600013FBFDE26198006847F60041C4F2000137
:10D67000884240F09980FFE700202F9002212E91F0
:10D680004B902EA8FBF704F818B1FFE7F4F760F908
:10D69000FFE7FFE744F2E840C5F60200016841F009
:10D6A00000410160006800F0004028902898FFE7E2
:10D6B000FFE744F2E040C5F60200016841F01001C6
:10D6C0000160006800F0100027902798FFE7032012
:10D6D0005C9002205D90002014905E905F90082086
:10D6E000609041F20000C5F602005CA9F8F7A0FFC7
:10D6F000149944F6C840C2F200401590A022C4F22A
:10D7000002020260512242608160C1604FF4806277
:10D710000261416181614FF48072C26101624162C4
:10D72000F6F79AFC18B1FFE7F4F712F9FFE7FFE705
:10D73000619844F6C841C2F20041C0F88010619877
:10D740008863FFE744F64050C2F200401390B821CE
:10D75000C4F2020101605221416040218160002138
:10D76000C1604FF48062026141618161C161016207
:10D770004162F6F771FC18B1FFE7F4F7E9F8FFE74B
:10D78000FFE7619844F64051C2F20041C1676198D9
:10D790008863FFE75320129006210022F9F780FAF0
:10D7A0001298F9F771FA5AE26198006841F600019F
:10D7B000C4F20101884240F09C80FFE700202F90D6
:10D7C00001212E914C902EA8FAF762FF18B1FFE7C5
:10D7D000F4F7BEF8FFE7FFE744F2F040C5F60200B9
:10D7E000016841F040010160006800F040002690AF
:10D7F0002698FFE7FFE744F2E040C5F60200016823
:10D8000041F008010160006800F0080025902598AB
:10D81000FFE74FF440405C9002205D9000201090A4
:10D820005E905F900B20609040F60040C5F60200CD
:10D830005CA9F8F7FDFE109944F6B850C2F200401A
:10D84000119040F21042C4F202020260742242605F
:10D850008160C1604FF480620261416181614FF477
:10D860008072C26101624162F6F7F6FB18B1FFE710
:10D87000F4F76EF8FFE7FFE7619844F6B851C2F29B
:10D880000041C0F8801061988863FFE744F630607B
:10D89000C2F200400F9040F22841C4F20201016040
:10D8A00075214160402181600021C1604FF4806298
:10D8B000026141618161C16101624162F6F7CCFBA5
:10D8C00018B1FFE7F4F744F8FFE7FFE7619844F683
:10D8D0003061C2F20041C16761988863FFE79B2015
:10D8E0000E9006210022F9F7DBF90E98F9F7CCF932
:10D8F000B4E16198006841F20001C4F2010188427C
:10D9000070D1FFE700202F9001212E914C902EA87E
:10D91000FAF7BEFE18B1FFE7F4F71AF8FFE7FFE7E2
:10D9200044F2F040C5F60200016841F010010160C8
:10D93000006800F0100024902498FFE7FFE744F20D
:10D94000E040C5F60200016841F001010160006895
:10D9500000F0010023902398FFE74FF4C0605C9033
:10D9600002205D9000200C905E905F9007206090F8
:10D970000020C5F602005CA9F8F75AFE0C9944F69F
:10D980002070C2F200400D907022C4F202020260C8
:10D99000292242608160C1604FF48062026141616E
:10D9A00081614FF48072C26101624162F6F754FBFB
:10D9B00018B1FFE7F3F7CCFFFFE7FFE7619844F604
:10D9C0002071C2F20041C0F8801061988863FFE7BF
:10D9D00025200B9001210022F9F762F90B98F9F745
:10D9E00053F93AE16198006844F20041C4F2000141
:10D9F000884240F09F80FFE700202F9002212E9167
:10DA00004B902EA8FAF744FE18B1FFE7F3F7A0FFFA
:10DA1000FFE7FFE744F2E840C5F60200016841F481
:10DA200000310160006800F4003022902298FFE786
:10DA3000FFE744F2E040C5F60200016841F008014A
:10DA40000160006800F0080021902198FFE7702035
:10DA50005C9002205D90002009905E905F9007200E
:10DA6000609040F60040C5F602005CA9F8F7E0FDC2
:10DA7000099944F69870C2F200400A9040F2404280
:10DA8000C4F2020202602B2242608160C1604FF446
:10DA900080620261416181614FF48072C2614FF422
:10DAA000803202624162F6F7D7FA18B1FFE7F3F766
:10DAB0004FFFFFE7FFE7619844F69871C2F200411B
:10DAC000C0F8801061988863FFE745F21000C2F249
:10DAD0000040089040F25841C4F2020101602C213C
:10DAE0004160402181600021C1604FF48062026189
:10DAF00041618161C1614FF4803202624162F6F797
:10DB0000ABFA18B1FFE7F3F723FFFFE7FFE76198F0
:10DB100045F21001C2F20041C16761988863FFE7D6
:10DB20002620079003210022F9F7BAF80798F9F7A1
:10DB3000ABF891E06198006841F60041C4F2010140
:10DB4000884240F08880FFE700202F9001212E912D
:10DB50004C902EA8FAF79CFD18B1FFE7F3F7F8FEFA
:10DB6000FFE7FFE744F2F040C5F60200016841F02C
:10DB700080010160006800F0800020902098FFE79D
:10DB8000FFE744F2E040C5F60200016841F01001F1
:10DB90000160006800F010001F901F98FFE704204C
:10DBA00004905C90022101915D91002105915E91AC
:10DBB0005F91609041F20000C5F6020002905CA9FE
:10DBC0000391F8F735FD019B02980399059A4FF0F0
:10DBD000080CCDF870C15D935E925F920B2260924B
:10DBE000F8F726FD049A059944F6A860C2F20040B1
:10DBF00006905823C4F202030360762343608160D9
:10DC0000C1604FF480630361416181614FF48073AF
:10DC1000C3610162426203228262C1620163F6F75C
:10DC20001BFA18B1FFE7F3F793FEFFE7FFE76198F0
:10DC300044F6A861C2F20041C0F880106198886380
:10DC4000FFE79C20009006210022F9F729F80098B0
:10DC5000F9F71AF8FFE7FFE7FFE7FFE7FFE7FFE75E
:10DC6000FFE762B080BD000081B0009001B0704756
:10DC700081B0009001B0704780B586B004900391E8
:10DC8000ADF80A200498D0F88800202870D1FFE76A
:10DC9000039820B1FFE7BDF80A0020B9FFE7012093
:10DCA0008DF8170068E0039804990865BDF80A002C
:10DCB0000499A1F85400BDF80A000499A1F856008F
:10DCC00004990020C1F8900004992120C1F888002F
:10DCD0000498C06F88B3FFE70498C16F40F60970DD
:10DCE000C0F60100C8630498C16F40F68970C0F6A1
:10DCF000010008640498C16F40F65950C0F6010055
:10DD0000C8640498C16F0020086504980268016D1A
:10DD1000C06F2832BDF80A30F6F74EFE60B1FFE75B
:10DD200004991020C1F8900004992020C1F88800BF
:10DD300001208DF817001FE0FFE7049801684020DC
:10DD40000862FFE7FFE70498006850E8020F40F020
:10DD500080000190FFE701990498026842E80210F0
:10DD60000028F0D1FFE7FFE700208DF8170003E05F
:10DD700002208DF81700FFE79DF8170006B080BD60
:10DD800081B0009001B0704781B0009001B0704741
:10DD90001EF0040F0CBFEFF30880EFF30980F3F7D8
:10DDA000BFBF00000000000083B0029001918DF819
:10DDB000032000208DF802008DF80200FFE79DF897
:10DDC00002009DF80310884229DAFFE70298000F4D
:10DDD000092809D8FFE70298000F303001999DF813
:10DDE000022001F8120009E00299372000EB1170BF
:10DDF00001999DF8022001F81200FFE70298000146
:10DE0000029001989DF8021000EB4101002048703B
:10DE1000FFE79DF8020001308DF80200CFE703B064
:10DE2000704700000000000080B590B0FFE744F2AA
:10DE3000D840C5F60200016841F0010101600068A8
:10DE400000F001000F900F98FFE7FFE744F2D84081
:10DE5000C5F60200016841F002010160006800F0AF
:10DE600002000E900E98FFE70B20019000220C920A
:10DE70001146F8F715FF0198F8F706FF0C9A0C20E9
:10DE800002901146F8F70CFF0298F8F7FDFE0C9A85
:10DE90000D2003901146F8F703FF0398F8F7F4FEFE
:10DEA0000C9A0E2004901146F8F7FAFE0498F8F741
:10DEB000EBFE0C9A0F2005900121F8F7F1FE059872
:10DEC000F8F7E2FE0C9A102006901146F8F7E8FEEB
:10DED0000698F8F7D9FE0C9A112007901146F8F72A
:10DEE000DFFE0798F8F7D0FE0C9A2F200890114615
:10DEF000F8F7D6FE0898F8F7C7FE0C9A3820099074
:10DF00001146F8F7CDFE0998F8F7BEFE0C9A3920B5
:10DF10000A901146F8F7C4FE0A98F8F7B5FE0C9A75
:10DF20003A200B901146F8F7BBFE0B98F8F7ACFEC1
:10DF30000C9A3B200D901146F8F7B2FE0D98F8F7B9
:10DF4000A3FE10B080BD000080B582B045F288000D
:10DF5000C2F2004000904AF20001C4F200010160E8
:10DF6000002201928260C2600274427401218174B5
:10DF70004FF0030EC0F814E00A2383614FF01D0C2C
:10DF8000C0F81CC00362C0F824E08362C0F82CC053
:10DF9000036342638163C2630C230364042141640D
:10DFA0008264C164026541658265C265036642663A
:10DFB0008166F7F7A5FE18B1FFE7F3F7C9FCFFE7A5
:10DFC00002B080BD0000000080B582B045F228108C
:10DFD000C2F2004000904AF20041C4F20001016028
:10DFE000002201928260C260027442740121817435
:10DFF0004FF0030EC0F814E00A2383614FF01D0CAC
:10E00000C0F81CC00362C0F824E08362C0F82CC0D2
:10E01000036340F2563343638163C26302640421A5
:10E0200041640C238364C164026541658265C265F5
:10E03000036642668166F7F763FE18B1FFE7F3F700
:10E0400087FCFFE702B080BD80B582B045F2C81002
:10E05000C2F2004000904DF20041C4F200010160A4
:10E06000002201928260C2600274427401218174B4
:10E070004FF0030EC0F814E00A2383614FF01D0C2B
:10E08000C0F81CC00362C0F824E08362C0F82CC052
:10E09000036340F2AB6343638163C2630C23036495
:10E0A000042141648264C164026541658265C26580
:10E0B000036642668166F7F723FE18B1FFE7F3F7C0
:10E0C00047FCFFE702B080BD80B59AB000201990F0
:10E0D0001890179016901590FFE744F2E040C5F6AF
:10E0E0000200016841F010010160006800F01000BA
:10E0F00014901498FFE7FFE744F2E040C5F60200F1
:10E10000016841F004010160006800F00400139010
:10E110001398FFE7FFE744F2E040C5F6020001680C
:10E1200041F080010160006800F0800012901298B8
:10E13000FFE7FFE744F2E040C5F60200016841F066
:10E1400001010160006800F0010011901198FFE7E3
:10E15000FFE744F2E040C5F60200016841F0020129
:10E160000160006800F0020010901098FFE7FFE7E0
:10E1700044F2E040C5F60200016841F00801016088
:10E18000006800F008000F900F98FFE740F60000CD
:10E19000C5F60200009048F2090101220692F8F744
:10E1A00047FC069A41F20000C5F6020002904FF4C7
:10E1B00000410191F8F73CFC069A40F20040C5F698
:10E1C000020004904FF482610391F8F731FC069A43
:10E1D00040F60040C5F6020009904FF480610591B9
:10E1E000F8F726FC0098019A0699159216910021DD
:10E1F0000D911791189115A90A91F8F719FA00983D
:10E20000069A0A9909230B931593169217920222E4
:10E2100008921892F8F70CFA08980A992022159299
:10E220004FF488120792169217900020C5F602004C
:10E23000F8F7FEF90298069A0A994FF4A05315933D
:10E240004FF4041316931792F8F7F2F9DDF804C0AF
:10E250000298069B0A990D9ACDF854C0169317930D
:10E260001892F8F7E5F9DDF80CC00498069B0A99B6
:10E270000D9ACDF854C0169317931892F8F7D8F961
:10E280000498079B089A0A9940F6080CCDF854C0E8
:10E2900016931792F8F7CCF9DDF814C0069B09988D
:10E2A0000A990D9ACDF854C0169317931892F8F75F
:10E2B000BFF9079B089A09980A994FF0800CCDF88E
:10E2C00054C016931792F8F7B3F90B980D9A1146AC
:10E2D000F8F7E6FC0B98F8F7D7FC0D9A17200C908E
:10E2E0001146F8F7DDFC0C98F8F7CEFC0D9A2820C3
:10E2F0000E901146F8F7D4FC0E98F8F7C5FC1AB04A
:10E3000080BD00000000000080B545F26820C2F228
:10E31000004044F60001C5F600010160042141609F
:10E3200040F6FF71C1607D218160F8F7A1FB18B153
:10E33000FFE7F3F70DFBFFE780BD000000000000E2
:10E3400080B582B045F25C70C2F20040009043F6A6
:10E350000001C4F2000101604FF48001416000211E
:10E36000019181600722C2604FF0007202614FF09C
:10E37000807242614FF0806282614FF04052C26110
:10E38000016241628162C1624FF0804242638163F7
:10E39000C163016441648164C16401654165816553
:10E3A000FCF7DAFC18B1FFE7F3F7D2FAFFE702B0A7
:10E3B00080BD00000000000080B59EB000200190EC
:10E3C0001D901C901B901A90199018901790169001
:10E3D00015901490139012901190109003A834216E
:10E3E000F1F7DCFF019945F2E470C2F200400290BF
:10E3F0000022C4F20102026040F65F1242608160B6
:10E4000040F2CF72C260016141618161FDF7A0F805
:10E4100018B1FFE7F3F79CFAFFE74FF480501A902A
:10E4200045F2E470C2F200401AA9FDF7EDF918B107
:10E43000FFE7F3F78DFAFFE745F2E470C2F2004020
:10E44000FDF756FD18B1FFE7F3F782FAFFE700206A
:10E4500017901890199045F2E470C2F2004017A985
:10E46000FCF7B6FF18B1FFE7F3F772FAFFE7602099
:10E4700010900022119212921392149215921692F9
:10E4800045F2E470C2F2004010A9FDF759FC18B142
:10E49000FFE7F3F75DFAFFE745F2E470C2F20040F0
:10E4A00010A90822FDF74CFC18B1FFE7F3F750FA6A
:10E4B000FFE70020009003900490059006900790DD
:10E4C0004FF40051089109900B904FF000710C919E
:10E4D0000D900F9045F2E470C2F2004003A9FCF7E2
:10E4E000DFFE18B1FFE7F3F733FAFFE745F2E47018
:10E4F000C2F20040FDF79CFB1EB080BD0000000092
:10E5000080B590B0002101910F910E910D910C9169
:10E510000B910A9109910891079106910591049137
:10E520000391029145F63000C2F200404FF0804264
:10E53000026040F65F124260816040F2CF72C260BA
:10E5400001618161FDF704F818B1FFE7F3F700FA04
:10E55000FFE74FF480500C9045F63000C2F20040C7
:10E560000CA9FDF751F918B1FFE7F3F7F1F9FFE74F
:10E5700045F63000C2F20040FDF7BAFC18B1FFE7E3
:10E58000F3F7E6F9FFE7002009900B9045F630001D
:10E59000C2F2004009A9FCF71BFF18B1FFE7F3F72F
:10E5A000D7F9FFE7602002900022039204920692BE
:10E5B00045F63000C2F2004002A9FDF7C1FB18B1D8
:10E5C000FFE7F3F7C5F9FFE745F63000C2F2004078
:10E5D00002A90822FDF7B4FB18B1FFE7F3F7B8F979
:10E5E000FFE745F63000C2F20040FDF721FB10B016
:10E5F00080BD00000000000080B590B000210191B6
:10E600000F910E910D910C910B910A910991089126
:10E6100007910691059104910391029145F67C00C2
:10E62000C2F2004040F20042C4F20002026017222F
:10E630004260816042F20F72C2600161802181619B
:10E64000FCF786FF18B1FFE7F3F782F9FFE74FF415
:10E6500080500C9045F67C00C2F200400CA9FDF7FA
:10E66000D3F818B1FFE7F3F773F9FFE745F67C003D
:10E67000C2F20040FDF73CFC18B1FFE7F3F768F980
:10E68000FFE7002009900B9045F67C00C2F20040A5
:10E6900009A9FCF79DFE18B1FFE7F3F759F9FFE769
:10E6A00060200290002003900490069045F67C00C4
:10E6B000C2F2004002A90C22FDF742FB18B1FFE7AD
:10E6C000F3F746F9FFE745F67C00C2F20040FDF79C
:10E6D000AFFA10B080BD000080B588B00021009175
:10E6E000079106910591049103910291019145F6DC
:10E6F000C800C2F2004040F60042C4F200020260CC
:10E70000EF224260816040F2E732C26001618161C4
:10E71000FCF71EFF18B1FFE7F3F71AF9FFE74FF414
:10E720008050049045F6C800C2F2004004A9FDF7ED
:10E730006BF818B1FFE7F3F70BF9FFE70020019042
:10E74000039045F6C800C2F2004001A9FCF740FE64
:10E7500018B1FFE7F3F7FCF8FFE708B080BD000051
:10E7600080B582B045F6D020C2F20040019045F25B
:10E770000001C4F20001016048F2A061C0F2010191
:10E7800041604FF4805181604FF40051C1604FF4FB
:10E79000806101610C21416100218161C1610162DF
:10E7A00041628162FEF7E0FD18B1FFE7F3F7D0F8B0
:10E7B000FFE745F6D020C2F200400021FEF710FA34
:10E7C00018B1FFE7F3F7C4F8FFE745F6D020C2F22F
:10E7D00000400021FEF7BCF918B1FFE7F3F7B8F8E5
:10E7E000FFE745F6D020C2F20040FDF7BDFD18B1AD
:10E7F000FFE7F3F7ADF8FFE702B080BD00000000CF
:10E8000080B582B045F66430C2F20040009047F611
:10E810000001C4F2000101604FF4E13141600021C8
:10E8200001918160C16001610C2242618161C1611D
:10E83000016241628162FEF797FD18B1FFE7F3F7CD
:10E8400087F8FFE745F66430C2F200400021FEF78A
:10E85000C7F918B1FFE7F3F77BF8FFE745F6643037
:10E86000C2F200400021FEF773F918B1FFE7F3F799
:10E870006FF8FFE745F66430C2F20040FDF774FD23
:10E8800018B1FFE7F3F764F8FFE702B080BD0000BE
:10E8900080B582B045F6F830C2F20040009047F6ED
:10E8A0000041C4F2000101604FF4E13141600021F8
:10E8B00001918160C16001610C2242618161C1618D
:10E8C000016241628162FEF74FFD18B1FFE7F3F785
:10E8D0003FF8FFE745F6F830C2F200400021FEF7AE
:10E8E0007FF918B1FFE7F3F733F8FFE745F6F830A3
:10E8F000C2F200400021FEF72BF918B1FFE7F3F751
:10E9000027F8FFE745F6F830C2F20040FDF72CFD8E
:10E9100018B1FFE7F3F71CF8FFE702B080BD000075
:10E9200080B582B045F68C40C2F20040009041F6BE
:10E930000001C4F2010101604FF4E13141600021A6
:10E9400001918160C16001610C2242618161C161FC
:10E95000016241628162FEF707FD18B1FFE7F2F73D
:10E96000F7FFFFE745F68C40C2F200400021FEF7BA
:10E9700037F918B1FFE7F2F7EBFFFFE745F68C40F8
:10E98000C2F200400021FEF7E3F818B1FFE7F2F70A
:10E99000DFFFFFE745F68C40C2F20040FDF7E4FCE4
:10E9A00018B1FFE7F2F7D4FFFFE702B080BD000027
:10E9B00080B582B045F6A810C2F20040019041F641
:10E9C0000041C4F2010101604FF4E13141600021D6
:10E9D0008160C16001610C2242618161C16101629B
:10E9E0004162102181624FF48051C163FEF7BCFC8B
:10E9F00018B1FFE7F2F7ACFFFFE745F6A810C2F247
:10EA000000400021FEF7ECF818B1FFE7F2F7A0FF95
:10EA1000FFE745F6A810C2F200400021FEF798F883
:10EA200018B1FFE7F2F794FFFFE745F6A810C2F22E
:10EA30000040FDF799FC18B1FFE7F2F789FFFFE707
:10EA400002B080BD0000000080B582B045F6141011
:10EA5000C2F20040009041F20001C4F201010160E5
:10EA60004FF4E1314160002101918160C160016199
:10EA70000C2242618161C161016241628162FEF7E3
:10EA800073FC18B1FFE7F2F763FFFFE745F61410D8
:10EA9000C2F200400021FEF7A3F818B1FFE7F2F739
:10EAA00057FFFFE745F61410C2F200400021FEF7C1
:10EAB0004FF818B1FFE7F2F74BFFFFE745F61410E8
:10EAC000C2F20040FDF750FC18B1FFE7F2F740FF3B
:10EAD000FFE702B080BD000080B582B045F63C2063
:10EAE000C2F20040009044F20041C4F20001016013
:10EAF0004FF4E1314160002301938360C3600361FF
:10EB00000C2141618361C3610362436283621946E0
:10EB10001A46FBF7EDFE18B1FFE7F2F719FFFFE722
:10EB200045F63C20C2F200400021FEF759F818B12A
:10EB3000FFE7F2F70DFFFFE745F63C20C2F2004089
:10EB40000021FEF705F818B1FFE7F2F701FFFFE734
:10EB500045F63C20C2F20040FDF706FC18B1FFE785
:10EB6000F2F7F6FEFFE702B080BD000000000000F3
:10EB700080B544F60C00C2F2004040F23801C2F207
:10EB80000041012204F0F0FC18B1FFE7F2F7E0FECB
:10EB9000FFE744F60C00C2F2004040F2A001C2F2CE
:10EBA000004105F00DFA18B1FFE7F2F7D1FEFFE7DB
:10EBB00044F60C00C2F2004040F23C11C2F20041A7
:10EBC00003F0BEFE18B1FFE7F2F7C2FEFFE744F61E
:10EBD0000C00C2F2004005F083FB18B1FFE7F2F72A
:10EBE000B7FEFFE7F9F784FA80BD000000000000DF
:10EBF0001EF0040F0CBFEFF30880EFF30980F3F76A
:10EC00008FB8000000000000FFE7FEE700000000F2
:10EC100088B0079006910592079800F007000490CD
:10EC20000498C0F10700052803D3FFE704200190F2
:10EC300004E00498C0F107000190FFE701980390F9
:10EC400004980430062803D8FFE70020009003E072
:10EC5000049803380090FFE7009802900698039903
:10EC6000012202FA01F101390840029B98400599FE
:10EC70009A40013A1140084308B070470000000074
:10EC800080B545F27820C2F20040F8F73DFB80BD28
:10EC900080B586B0059004910598006803900398AC
:10ECA00002900398006C01900298049900EB4110C7
:10ECB000D0F8080B0090019843F20B01C4F6547190
:10ECC00088420FD3FFE79DF801000006002809D510
:10ECD000FFE70298049900EB41114FF40040C1F89E
:10ECE000080BFFE70598F9F743F9019843F20B0188
:10ECF000C4F6547188420DD3FFE705988079012846
:10ED000008D1FFE70599086801F29C42012106F04D
:10ED100013F9FFE7002006B080BD000000000000EE
:10ED200080B588B007900691079800680490049811
:10ED300003900498006C02900398069900EB411030
:10ED4000D0F8080B019007988079012840F0818065
:10ED5000FFE79DF804000007002818D5FFE7029898
:10ED600043F20B01C4F6547188420FD3FFE79DF8BC
:10ED700005000006002809D5FFE70398069900EB77
:10ED800041114FF40040C1F8080BFFE760E09DF827
:10ED900004008006002808D5FFE70398069900EBD9
:10EDA00041112020C1F8080B51E09DF8040010F03B
:10EDB000280F4AD1FFE7029843F20B01C4F65471C1
:10EDC00088420FD3FFE79DF805000006002809D50B
:10EDD000FFE70398069900EB41114FF40040C1F89A
:10EDE000080B31E00798069901EBC10100EB8100A7
:10EDF00000F5157005900598006A0399069A01EBD5
:10EE00004211D1F8101B6FF3DF41401A0599486198
:10EE1000069898B9FFE70598006940B9FFE7079998
:10EE2000086801F29C42012106F086F805E0059988
:10EE3000C8684A691044C860FFE7FFE707989DF873
:10EE40001810F7F7EDFFFFE700E0FFE7FFE7FFE748
:10EE500047E0029843F20A11C4F65471884224D163
:10EE6000FFE79DF805000006002809D5FFE7039895
:10EE7000069900EB41114FF40040C1F8080B13E074
:10EE80009DF804008006002808D5FFE7039806993E
:10EE900000EB41112020C1F8080BFFE707989DF80F
:10EEA0001810F7F7BDFFFFE71AE0069890B9FFE7E3
:10EEB0000798069901EBC10100EB8100D0F86402CC
:10EEC00040B9FFE70799086801F29C42002106F06B
:10EED00033F8FFE707989DF81810F7F7A1FFFFE751
:10EEE000FFE7002008B080BD80B58CB00A90099182
:10EEF0000A9800680890089807900A98099901EB09
:10EF0000C10100EB81001430069006980169406948
:10EF1000884204D9FFE701208DF82F0079E0069997
:10EF200008694969401A05900598069989688842D8
:10EF300004D9FFE7069880680590FFE7059803303D
:10EF400080080490FFE70798099900EB4110D0F87A
:10EF5000180981B2049A0020914202900FD3FFE772
:10EF600006980269416900209142029007D2FFE7AA
:10EF700006980069002818BF01200290FFE7029858
:10EF8000C00770B3FFE7069908694969401A059000
:10EF9000059806998968884204D9FFE70698806831
:10EFA0000590FFE7059803308008049008980699BB
:10EFB000C9689DF82420BDF81430DDF828C09CF8FD
:10EFC00006C0EE46CEF800C006F042FE059A06994D
:10EFD000C8681044C860059A069948691044486199
:10EFE000B1E706990869496988420ED8FFE7099890
:10EFF00000F00F01012088400390039A0799D1F88F
:10F0000034089043C1F83408FFE700208DF82F0042
:10F01000FFE79DF82F000CB080BD0000000000004D
:10F02000704700000000000080B586B00490039196
:10F0300000208DF8070044F22840C5F60200006861
:10F0400000F00300032804D1FFE701208DF817002A
:10F05000CBE044F20041C5F60201086820F0806070
:10F060000860F7F7FDFC0290FFE744F20040C5F6A8
:10F070000200006800F000610020B0EBD16F0CD0FE
:10F08000FFE7F7F7EDFC0299401A032804D3FFE7E6
:10F0900003208DF81700A8E0E7E7FFE744F22841D6
:10F0A000C5F60201086820F47C30049A126840EA30
:10F0B0000230086004994868D1F808C0CB680A6932
:10F0C00001386FF35F204FF60061CFF6FF7101EB5F
:10F0D0004C2189B208440021CFF6FF7101EB0341B6
:10F0E00001F4FE0108444FF07F4101EB026101F0A1
:10F0F000FE41084444F23841C5F602010860FFE7CA
:10F1000044F22C41C5F602010091086820F0C000CD
:10F11000049A526910430860086820F02000049A9D
:10F12000926910430860086820F01000086044F2FB
:10F130003C42C5F6020210684FF6F8739843049BF0
:10F14000DB6940EAC3001060086840F01000086006
:10F15000039848B9FFE744F22C41C5F6020108685C
:10F1600040F40020086016E00398012809D1FFE769
:10F1700044F22C41C5F60201086840F48010086092
:10F1800008E044F22C41C5F60201086840F4001082
:10F190000860FFE7FFE744F20041C5F60201086896
:10F1A00040F080600860F7F75BFC0290FFE744F2F4
:10F1B0000040C5F60200006800F000610020B0EBDE
:10F1C000D16F0CD1FFE7F7F74BFC0299401A0328E7
:10F1D00004D3FFE703208DF8170006E0E7E7FFE719
:10F1E0009DF807008DF81700FFE79DF8170006B09F
:10F1F00080BD00000000000080B586B0049003913F
:10F2000000208DF8070044F22840C5F6020000688F
:10F2100000F00300032804D1FFE701208DF8170058
:10F22000CBE044F20041C5F60201086820F08050AE
:10F230000860F7F715FC0290FFE744F20040C5F6BE
:10F240000200006800F000510020B0EB517F0CD0AC
:10F25000FFE7F7F705FC0299401A032804D3FFE7FC
:10F2600003208DF81700A8E0E7E7FFE744F2284104
:10F27000C5F60201086820F07C70049A126840EA22
:10F280000250086004994868D1F808C0CB680A6940
:10F2900001386FF35F204FF60061CFF6FF7101EB8D
:10F2A0004C2189B208440021CFF6FF7101EB0341E4
:10F2B00001F4FE0108444FF07F4101EB026101F0CF
:10F2C000FE41084444F24041C5F602010860FFE7F0
:10F2D00044F22C41C5F602010091086820F4406018
:10F2E000049A526910430860086820F40070049A78
:10F2F000926910430860086820F48070086044F246
:10F300004442C5F6020210684FF6F8739843049B16
:10F31000DB6940EAC3001060086840F48070086050
:10F32000039848B9FFE744F22C41C5F6020108688A
:10F3300040F48000086016E00398012809D1FFE737
:10F3400044F22C41C5F60201086840F40000086050
:10F3500008E044F22C41C5F60201086840F08070D4
:10F360000860FFE7FFE744F20041C5F602010868C4
:10F3700040F080500860F7F773FB0290FFE744F21B
:10F380000040C5F60200006800F000510020B0EB1C
:10F39000517F0CD1FFE7F7F763FB0299401A03286E
:10F3A00004D3FFE703208DF8170006E0E7E7FFE747
:10F3B0009DF807008DF81700FFE79DF8170006B0CD
:10F3C00080BD00000000000080B582B045F63C2002
:10F3D000C2F20040019045F66051C2F20041802225
:10F3E000FDF702F80198D0F8800000681021C4F2FF
:10F3F0000201884200F0D180FFE745F63C20C2F2CE
:10F400000040D0F8800000682821C4F20201884240
:10F4100000F0C380FFE745F63C20C2F20040D0F880
:10F42000800000684021C4F20201884200F0B580EB
:10F43000FFE745F63C20C2F20040D0F880000068AB
:10F440005821C4F20201884200F0A780FFE745F688
:10F450003C20C2F20040D0F8800000687021C4F265
:10F460000201884200F09980FFE745F63C20C2F295
:10F470000040D0F8800000688821C4F20201884270
:10F4800000F08B80FFE745F63C20C2F20040D0F848
:10F4900080000068A021C4F2020188427DD0FFE70D
:10F4A00045F63C20C2F20040D0F880000068B82148
:10F4B000C4F20201884270D0FFE745F63C20C2F258
:10F4C0000040D0F88000006840F21041C4F2020110
:10F4D000884262D0FFE745F63C20C2F20040D0F8F7
:10F4E0008000006840F22841C4F20201884254D0F2
:10F4F000FFE745F63C20C2F20040D0F880000068EB
:10F5000040F24041C4F20201884246D0FFE745F68E
:10F510003C20C2F20040D0F88000006840F2584120
:10F52000C4F20201884238D0FFE745F63C20C2F21F
:10F530000040D0F88000006840F27041C4F202013F
:10F5400088422AD0FFE745F63C20C2F20040D0F8BE
:10F550008000006840F28841C4F2020188421CD059
:10F56000FFE745F63C20C2F20040D0F8800000687A
:10F5700040F2A041C4F2020188420ED0FFE745F6F6
:10F580003C20C2F20040D0F88000006840F2B84150
:10F59000C4F2020188420CD1FFE745F63C20C2F2DA
:10F5A0000040D0F880000168086820F0080008607A
:10F5B0000BE045F63C20C2F20040D0F88000016824
:10F5C000086820F004000860FFE702B080BD00007A
:10F5D00080B582B00190ADF802100199BDF802200B
:10F5E00042F28060C2F2004041F6142318440BF04E
:10F5F00057FC02B080BD000080B584B00390ADF828
:10F600000A10039820B1FFE7BDF80A0008B9FFE728
:10F6100059E0BDF80A00212808DBFFE745F628611C
:10F62000C2F200410868013008604CE045F63C2019
:10F63000C2F20040D0F88800202808D0FFE745F645
:10F640002061C2F200410868013008603BE0039984
:10F65000BDF80A2045F60060C2F200400190F0F7C4
:10F6600084FE0198BDF80A1007F036FA0199BDF83A
:10F670000A2045F63C20C2F20040FEF7FDFA8DF864
:10F6800009009DF8090040B9FFE745F62C61C2F278
:10F69000004108680130086015E09DF80900022863
:10F6A00008D1FFE745F62061C2F200410868013049
:10F6B000086007E045F62461C2F2004108680130A5
:10F6C0000860FFE7FFE704B080BD00000000000015
:10F6D00080B545F25C70C2F20040FBF775F980BD61
:10F6E00082B001900198006840690090019801681B
:10F6F000886940F00800886101980168886940F0D5
:10F700001000886101980168086820F00100086015
:10F7100001980168086940F26F32904308610198CE
:10F720000168886820F440408860019890F8810062
:10F73000042815D0FFE79DF80000800600280ED5AC
:10F74000FFE70199D1F8840040F08000C1F88400FF
:10F7500001980168886940F020008861FFE7FFE7B1
:10F76000019890F88100032815D0FFE79DF800006C
:10F77000400600280ED5FFE70199D1F8840040F03B
:10F780000400C1F8840001980168886940F04000D5
:10F790008861FFE7FFE79DF80100800700280ED58C
:10F7A000FFE70199D1F8840040F00100C1F884001E
:10F7B00001980168886940F400708861FFE79DF84E
:10F7C0000100C00770B1FFE70199D1F8840040F053
:10F7D0000800C1F8840001980168886940F48070CD
:10F7E0008861FFE701990020A1F862000199A1F862
:10F7F0006A0002B07047000080B582B001900198A5
:10F80000806B009000990020A1F86A000099A1F88F
:10F8100062000099012081F881000098FBF7D0F880
:10F8200002B080BD0000000083B002900298C16B5E
:10F83000012000EB511001900298C0680130009047
:10F8400000980730C008009000980199484303B021
:10F85000704700000000000082B001900091019804
:10F86000006843F20001C4F2010188420AD1FFE7B7
:10F87000019840F26431C2F2004108600098C1F87A
:10F88000100127E00198006843F60001C4F200016E
:10F8900088420AD1FFE7019840F27841C2F2004164
:10F8A00008600098C1F8100113E00198006843F661
:10F8B0000041C4F2000188420AD1FFE7019840F2FA
:10F8C0008C51C2F2004108600098C1F81001FFE7B6
:10F8D000FFE7FFE702B0704770470000000000003C
:10F8E00084B003900398009000980078ADF8080069
:10F8F00000980130009000980078ADF80600BDF83F
:10F900000610BDF8080040EA0120ADF80A00BDF875
:10F910000A0004B07047000080B582B000900098E3
:10F920000138B0F1807F03D3FFE70120019019E097
:10F93000009801384EF21401CEF2000108604FF039
:10F94000FF300F210DF028FE4EF21801CEF200011B
:10F95000002008604EF21002CEF200020721116072
:10F960000190FFE7019802B080BD00000000000098
:10F9700080B5F7F7DDF880BD80B59EB00BA84C21AF
:10F98000F0F70CFD002001900A9009900890079074
:10F9900006900590049003900220F8F755FBFFE7CE
:10F9A0000020029044F61800C5F60200016821F418
:10F9B00040410160006800F4404002900298FFE777
:10F9C000FFE744F61800C5F60200006800F4005096
:10F9D000B0F5005F01D0FFE7F3E729200B904FF46B
:10F9E00080300C90012110911191022014901590FB
:10F9F0001690282217921891042119911A900C2020
:10FA00001B9000201C901D900BA8FAF761FA18B10A
:10FA1000FFE7F1F79DFFFFE73F20039003210491EB
:10FA200000200590082006904020079008904FF491
:10FA3000806209920A9003A8F9F722FE18B1FFE745
:10FA4000F1F786FFFFE71EB080BD00000000000058
:10FA50004EF68851CEF20001086840F4700008604C
:10FA600042F20000C5F20020006800F00F000628F6
:10FA70000AD8FFE742F20001C5F200210868072218
:10FA800062F303000860FFE744F20041C5F602019B
:10FA9000086840F00100086044F21042C5F6020216
:10FAA0000020106008684EF67F52CEF6F622104015
:10FAB000086042F20000C5F20020006800F00F006C
:10FAC00008280AD3FFE742F20001C5F200210868C6
:10FAD000072262F303000860FFE744F21841C5F60D
:10FAE00002010020086044F21C41C5F602010860D2
:10FAF00044F22041C5F60201086044F22842C5F6EE
:10FB0000020240F20021C0F20221116044F22C42B4
:10FB1000C5F602020021C0F2FF11116044F230422A
:10FB2000C5F6020240F28021C0F20111116044F2D8
:10FB30003442C5F60202106044F23842C5F60202B1
:10FB4000116044F23C42C5F60202106044F24042A9
:10FB5000C5F60202116044F24441C5F60201086094
:10FB600044F20042C5F60202116821F480211160BE
:10FB700044F26041C5F60201086044F20001C5F29A
:10FB8000002143F2D200086070470000000000002E
:10FB900080B545F6C800C2F20040FBF721FF80BDEA
:10FBA00083B00290019102980068009002980021B1
:10FBB000C4F20101884225D0FFE70298B0F1804FDE
:10FBC00020D0FFE7029840F20041C4F200018842D1
:10FBD00018D0FFE7029840F60001C4F20001884205
:10FBE00010D0FFE7029840F60041C4F200018842BD
:10FBF00008D0FFE7029840F20041C4F201018842B8
:10FC00000AD1FFE7009820F0700000900198416849
:10FC1000009808430090FFE702980021C4F2010118
:10FC200088424DD0FFE70298B0F1804F48D0FFE7FF
:10FC3000029840F20041C4F20001884240D0FFE740
:10FC4000029840F60001C4F20001884238D0FFE774
:10FC5000029840F60041C4F20001884230D0FFE72C
:10FC6000029840F20041C4F20101884228D0FFE727
:10FC7000029844F20001C4F20101884220D0FFE75B
:10FC8000029844F20041C4F20101884218D0FFE713
:10FC9000029844F60001C4F20101884210D0FFE747
:10FCA00002984EF20001C4F20001884208D0FFE73A
:10FCB00002984EF20041C4F2000188420AD1FFE7E7
:10FCC000009820F4407000900198C16800980843A3
:10FCD0000090FFE7009820F08000019949690843EF
:10FCE0000090009802990860019880680299C862A3
:10FCF000019800680299886202980021C4F201010B
:10FD0000884220D0FFE7029840F20041C4F201018E
:10FD1000884218D0FFE7029844F20001C4F20101C2
:10FD2000884210D0FFE7029844F20041C4F201017A
:10FD3000884208D0FFE7029844F60001C4F20101AE
:10FD4000884205D1FFE70198006902990863FFE73F
:10FD500002990120486102980069C00730B1FFE7AD
:10FD60000299086920F001000861FFE703B07047BD
:10FD700080B584B042F24460C2F2004001780131A3
:10FD8000017042F24362C2F20042117801311170F7
:10FD900042F24562C2F200421178013111700078DE
:10FDA00005283AD1FFE742F24461C2F20041002047
:10FDB000087045F28800C2F20040019040F2A8129B
:10FDC000C2F200424FF40071029108230393F0F74E
:10FDD0009BFE039B019840F2A012C2F2004240F247
:10FDE000FF11F0F791FE0299039B45F22810C2F231
:10FDF000004040F2F812C2F20042F0F785FE039B89
:10FE000045F2C810C2F2004040F29822C2F200420D
:10FE10004FF48071F0F778FEFFE742F24360C2F2E0
:10FE200000400078042807D1FFE742F24361C2F2A4
:10FE3000004100200870FFE742F24560C2F2004036
:10FE40000078142807D1FFE742F24561C2F2004171
:10FE500000200870FFE704B080BD00000000000033
:10FE600084B0039002910192029800F01F010120DA
:10FE700088400090009A0399086A904308620198AC
:10FE8000029901F01F0100FA01F20399086A104378
:10FE9000086204B07047000085B00490039102929C
:10FEA0000193049880680090009820F47F400090AF
:10FEB00003980299019A41EA0221014300980843FC
:10FEC000009000980499886005B070470000000019
:10FED00083B00290019102988068009000984FF6DC
:10FEE0008F71CFF6CF7108400090019800990843B8
:10FEF00040F00700009000980299886003B07047B6
:10FF000082B001900091019800680021C4F20101C3
:10FF1000884209D1FFE7019840F2A061C2F2004196
:10FF200008600098486081E001980068B0F1804F57
:10FF300009D1FFE7019840F2A861C2F200410860D0
:10FF40000098486071E00198006840F20041C4F2F6
:10FF50000001884209D1FFE7019840F2B061C2F286
:10FF600000410860009848605EE00198006840F633
:10FF70000001C4F20001884209D1FFE7019840F274
:10FF8000B861C2F200410860009848604BE00198F7
:10FF9000006840F60041C4F20001884209D1FFE741
:10FFA000019840F2C061C2F20041086000984860C8
:10FFB00038E00198006841F20001C4F20001884273
:10FFC00009D1FFE7019840F2C861C2F20041086020
:10FFD0000098486025E00198006841F20041C4F2B1
:10FFE0000001884209D1FFE7019840F2D061C2F2D6
:10FFF000004108600098486012E00198006840F2F3
:020000040801F1
:100000000041C4F20101884209D1FFE7019840F2A2
:10001000D861C2F20041086000984860FFE7FFE73E
:10002000FFE7FFE7FFE7FFE7FFE7FFE702B0704703
:1000300085B0049003910498006A01900499086ABD
:1000400020F00100086204984068009004988069DC
:10005000029002984FF68F71CFF6FE710840029021
:10006000029820F003000290039801680298084368
:100070000290019820F00200019003988168019895
:100080000843019004980021C4F20101884220D065
:10009000FFE7049840F20041C4F20101884218D001
:1000A000FFE7049844F20001C4F20101884210D035
:1000B000FFE7049844F20041C4F20101884208D0ED
:1000C000FFE7049844F60001C4F2010188420ED112
:1000D000FFE7019820F0080001900398C16801989B
:1000E00008430190019820F004000190FFE7049874
:1000F0000021C4F20101884220D0FFE7049840F2B9
:100100000041C4F20101884218D0FFE7049844F28C
:100110000001C4F20101884210D0FFE7049844F2C4
:100120000041C4F20101884208D0FFE7049844F678
:100130000001C4F20101884213D1FFE7009820F4C6
:1001400080700090009820F400700090039841693E
:100150000098084300900398816900980843009034
:10016000FFE7009804994860029804998861039811
:1001700040680499486301980499086205B0704783
:1001800085B0049003910498006A01900499086A6C
:1001900020F010000862049840680090049880697C
:1001A0000290029848F6FF71CFF6FF610840029076
:1001B000029820F44070029003980168029840EA87
:1001C00001200290019820F020000190039881689E
:1001D000019840EA0110019004980021C4F2010145
:1001E000884229D0FFE7049840F20041C4F201019F
:1001F000884221D0FFE7049844F20001C4F20101D3
:10020000884203D1FFE70020B0B9FFE7049844F229
:100210000041C4F20101884203D1FFE7002058B930
:10022000FFE7049844F60001C4F20101884212D1AC
:10023000FFE7012078B9FFE7019820F080000190E6
:100240000398C168019840EA01100190019820F0DC
:1002500040000190FFE704980021C4F201018842A8
:1002600020D0FFE7049840F20041C4F20101884227
:1002700018D0FFE7049844F20001C4F2010188425B
:1002800010D0FFE7049844F20041C4F20101884213
:1002900008D0FFE7049844F60001C4F20101884247
:1002A00015D1FFE7009820F480600090009820F4BA
:1002B0000060009003984169009840EA8100009036
:1002C00003988169009840EA81000090FFE7009858
:1002D00004994860029804998861039840680499D9
:1002E000886301980499086205B070470000000017
:1002F00085B0049003910498006A01900499086AFB
:1003000020F4807008620498406800900498C069E6
:10031000029002984FF68F71CFF6FE71084002905E
:10032000029820F0030002900398016802980843A5
:100330000290019820F40070019003988168019860
:1003400040EA0120019004980021C4F20101884292
:1003500029D0FFE7049840F20041C4F2010188422D
:1003600021D0FFE7049844F20001C4F20101884261
:1003700003D1FFE70020B0B9FFE7049844F2004141
:10038000C4F20101884203D1FFE7002058B9FFE71A
:10039000049844F60001C4F20101884212D1FFE73B
:1003A000012078B9FFE7019820F4006001900398DC
:1003B000C168019840EA01200190019820F4806012
:1003C0000190FFE704980021C4F20101884220D087
:1003D000FFE7049840F20041C4F20101884218D0BE
:1003E000FFE7049844F20001C4F20101884210D0F2
:1003F000FFE7049844F20041C4F20101884208D0AA
:10040000FFE7049844F60001C4F20101884215D1C7
:10041000FFE7009820F480500090009820F40050EE
:10042000009003984169009840EA011000900398F9
:100430008169009840EA01100090FFE70098049954
:10044000486002980499C861039840680499C86399
:1004500001980499086205B0704700000000000090
:1004600085B0049003910498006A01900499086A89
:1004700020F4805008620498406800900498C06995
:100480000290029848F6FF71CFF6FF610840029093
:10049000029820F44070029003980168029840EAA4
:1004A00001200290019820F4005001900398816887
:1004B000019840EA0130019004980021C4F2010142
:1004C000884220D0FFE7049840F20041C4F20101C5
:1004D000884218D0FFE7049844F20001C4F20101F9
:1004E000884210D0FFE7049844F20041C4F20101B1
:1004F000884208D0FFE7049844F60001C4F20101E5
:1005000088420BD1FFE7009820F4804000900398C8
:100510004169009840EA81100090FFE70098049933
:10052000486002980499C861039840680499086477
:1005300001980499086205B07047000000000000AF
:1005400085B0049003910498006A01900499086AA8
:1005500020F4803008620498406800900498406D50
:10056000029002984FF68F71CFF6FE71084002900C
:1005700003980168029808430290019820F4003023
:10058000019003988168019840EA01400190049825
:100590000021C4F20101884220D0FFE7049840F214
:1005A0000041C4F20101884218D0FFE7049844F2E8
:1005B0000001C4F20101884210D0FFE7049844F220
:1005C0000041C4F20101884208D0FFE7049844F6D4
:1005D0000001C4F2010188420BD1FFE7009820F42A
:1005E0008030009003984169009840EA0120009013
:1005F000FFE70098049948600298049948650398B9
:1006000040680499886501980499086205B07047AC
:1006100085B0049003910498006A01900499086AD7
:1006200020F4801008620498406800900498406D9F
:100630000290029848F6FF71CFF6FF6108400290E1
:1006400003980168029840EA01200290019820F482
:100650000010019003988168019840EA01500190D0
:1006600004980021C4F20101884220D0FFE70498D9
:1006700040F20041C4F20101884218D0FFE704981B
:1006800044F20001C4F20101884210D0FFE704984F
:1006900044F20041C4F20101884208D0FFE7049807
:1006A00044F60001C4F2010188420BD1FFE7009833
:1006B00020F48020009003984169009840EA81204E
:1006C0000090FFE7009804994860029804994865F3
:1006D000039840680499C86501980499086205B0B8
:1006E000704700000000000080B542F24660C2F290
:1006F000004001780131017042F24862C2F20042CA
:1007000011780131117042F24762C2F20042117851
:100710000131117042F24962C2F200421178013196
:10072000117042F24A62C2F2004211780131117036
:1007300042F24B62C2F2004211780131117000782E
:10074000022807D1FFE742F24661C2F200410020D1
:100750000870FFE742F24860C2F2004000780528C6
:1007600007D1FFE742F24861C2F200410020087061
:10077000FFE742F24760C2F200400078042807D148
:10078000FFE742F24761C2F2004100200870FFE734
:1007900042F24960C2F200400078142807D1FFE716
:1007A00042F24961C2F2004100200870FFE742F2C4
:1007B0004A60C2F200400078192810D1FFE742F2E7
:1007C0008060C2F2004041F6142108440AF078FB30
:1007D00042F24A61C2F2004100200870FFE742F293
:1007E0004B60C2F200400078322807D1FFE742F2A6
:1007F0004B61C2F2004100200870FFE780BD00009D
:1008000085B00490039102920498006A00900499C4
:10081000086A20F00100086204988069019001983C
:1008200020F0F00001900299019840EA0110019037
:10083000009820F00A000090039900980843009067
:1008400001980499886100980499086205B070477E
:1008500085B00490039102920498006A0090049974
:10086000086A20F0100008620498806901900198DD
:1008700020F4704001900299019840EA0130019003
:10088000009820F0A00000900399009840EA011021
:10089000009001980499886100980499086205B055
:1008A000704700000000000080B540F66070C2F2A2
:1008B0000040011D45F6F830C2F20040382200F039
:1008C00063FE80BD0000000080B582B001900198F9
:1008D000B0F86210023189B2F0F7F6F902B080BDCB
:1008E00080B582B04FF4F070F0F7BEFF45F288009B
:1008F000C2F2004046F60911C0F60101F0F77CF89B
:1009000045F22810C2F2004046F69911C0F60101E6
:10091000F0F772F845F2C810C2F2004046F619210D
:10092000C0F60101F0F768F845F25C70C2F20040D1
:1009300046F2B121C0F60101FEF78EFF45F6D02048
:10094000C2F2004046F20121C0F60101122200F07D
:10095000CBFB40F2C020C2F2004046F29121C0F62B
:10096000010104F019FF45F6F830C2F2004046F2EA
:10097000C121C0F60101382200F0B6FBFEF724FDCC
:1009800045F61410C2F2004046F2A951C0F601012A
:10099000802200F0A9FB45F6C800C2F20040019099
:1009A00046F2E121C0F60101FFF7AAFA42F28060A7
:1009B000C2F200409FED040A08F0AEFA0198FAF77F
:1009C0008FFE02B080BD00BF0000000000000000EC
:1009D000704700000000000080B545F6D020C2F24C
:1009E0000040FCF75DF980BD80B545F66430C2F289
:1009F0000040FCF755F980BD80B545F6F830C2F2ED
:100A00000040FCF74DF980BD80B545F68C40C2F240
:100A10000040FCF745F980BD82B001900198406E1E
:100A200040B9FFE701990120A1F86A000199A1F8F6
:100A3000680032E010208DF803008DF80200019864
:100A400000688068C0F342608DF80100019800687A
:100A50008068400F8DF800009DF802009DF800208E
:100A60004EF22073C0F60103995C48434EF21871B0
:100A7000C0F601018A5CB0FBF2F0019AA2F86A00AC
:100A80009DF803009DF801209B5C5843895CB0FBF6
:100A9000F1F00199A1F86800FFE702B0704700008B
:100AA00081B00090009890F82800000700280BD52E
:100AB000FFE700980068406820F40040009A116841
:100AC000926B10434860FFE7009890F82800C00739
:100AD00058B1FFE700980068406820F40030009AA1
:100AE0001168D26A10434860FFE7009890F8280028
:100AF000800700280BD5FFE700980068406820F4C5
:100B00008030009A1168126B10434860FFE700982C
:100B100090F82800400700280BD5FFE700980068F0
:100B2000406820F48020009A1168526B104348609E
:100B3000FFE7009890F82800C00600280BD5FFE7D3
:100B400000980068806820F48050009A1168D26B89
:100B500010438860FFE7009890F82800800600287E
:100B60000BD5FFE700980068806820F40050009AD9
:100B70001168126C10438860FFE7009890F8280015
:100B8000400600281CD5FFE700980068406820F464
:100B90008010009A1168526C104348600098406CB5
:100BA000B0F5801F0BD1FFE700980068406820F483
:100BB000C000009A1168926C10434860FFE7FFE79D
:100BC000009890F82800000600280BD5FFE7009851
:100BD0000068406820F40020009A1168D26C10432D
:100BE0004860FFE701B0704780B588B0069006996D
:100BF0000020C1F89000F5F733FF059006980068D3
:100C00000068000700282FD5FFE70698059B6A4675
:100C10006FF07E4111604FF40011002201F084FA60
:100C200008B3FFE7FFE7FFE70698006850E8000F0A
:100C300020F080000490FFE704990698026842E8DB
:100C400000100028F0D1FFE7FFE706992020C1F847
:100C50008800FFE70699002081F88400FFE7032061
:100C60008DF81F005FE0FFE7069800680068400706
:100C7000002842D5FFE70698059B6A466FF07E4143
:100C800011604FF48001002201F04EFAA0B3FFE79B
:100C9000FFE7FFE70698006850E8000F20F4907027
:100CA0000390FFE703990698026842E800100028C5
:100CB000F0D1FFE7FFE7FFE7FFE70698006850E89D
:100CC000020F20F001000290FFE7029906980268E7
:100CD00042E802100028F0D1FFE7FFE70699202044
:100CE000C1F88C00FFE70699002081F88400FFE737
:100CF00003208DF81F0016E0FFE706992020C1F8B9
:100D000088000699C1F88C0006990020C8660699EB
:100D10000867FFE70699002081F88400FFE70020BC
:100D20008DF81F00FFE79DF81F0008B080BD000090
:100D300080B582B001900198806B009000990020EE
:100D4000A1F85E000099A1F856000098FBF798FF03
:100D500002B080BD0000000080B584B0039003980D
:100D6000806B02900298D0F8880001900298D0F829
:100D70008C000090029800688068000600280CD55E
:100D8000FFE70198212808D1FFE702990020A1F888
:100D90005600029800F078F9FFE702980068806832
:100DA000400600280CD5FFE70098222808D1FFE76D
:100DB00002990020A1F85E00029800F0F1F8FFE728
:100DC0000299D1F8900040F01000C1F8900002980C
:100DD000FBF756FF04B080BD80B586B0059005983E
:100DE000806B04900598C069B0F5807F5BD0FFE709
:100DF00004990020A1F85E00FFE7FFE7049800686F
:100E000050E8000F20F480700390FFE703990498E6
:100E1000026842E800100028F0D1FFE7FFE7FFE793
:100E2000FFE70498006850E8020F20F001000290EC
:100E3000FFE702990498026842E802100028F0D106
:100E4000FFE7FFE7FFE7FFE70498006850E8020FBD
:100E500020F040000190FFE701990498026842E801
:100E600002100028F0D1FFE7FFE704992020C1F825
:100E70008C000498C06E012814D1FFE7FFE7FFE75C
:100E80000498006850E8000F20F010000090FFE781
:100E900000990498026842E800100028F0D1FFE7AA
:100EA000FFE7FFE7FFE70499002008670498C06E9A
:100EB000012806D1FFE70498B0F85C10FBF7ECFAC4
:100EC00003E00498FCF7D0FEFFE706B080BD000009
:100ED00080B582B001900198806B0090009901204C
:100EE00008670098C06E012807D1FFE70098B0F8A6
:100EF0005C104908FBF7D0FA03E00098FCF7B8FE55
:100F0000FFE702B080BD000080B584B00390039875
:100F1000806B02900398C069B0F5807F2BD0FFE70B
:100F200002990020A1F85600FFE7FFE70298006849
:100F300050E8020F20F080000190FFE7019902982D
:100F4000026842E802100028F0D1FFE7FFE7FFE760
:100F5000FFE70298006850E8000F40F04000009062
:100F6000FFE700990298026842E800100028F0D1DB
:100F7000FFE7FFE703E00298FCF702FFFFE704B09A
:100F800080BD00000000000080B582B00190019893
:100F9000806B00900098FCF7F7FE02B080BD000067
:100FA00084B00390FFE7FFE70398006850E8000F64
:100FB00020F490700290FFE702990398026842E8DB
:100FC00000100028F0D1FFE7FFE7FFE7FFE70398F5
:100FD000006850E8020F4FF6FE71CEF6FF71084030
:100FE0000190FFE701990398026842E80210002887
:100FF000EDD1FFE7FFE70398C06E012814D1FFE7AA
:10100000FFE7FFE70398006850E8000F20F01000AA
:101010000090FFE700990398026842E8001000285A
:10102000F0D1FFE7FFE7FFE703992020C1F88C002C
:1010300003990020C8660399486704B07047000010
:1010400080B582B00190FFE7FFE70198006850E8A3
:10105000000F20F040000090FFE70099019802681F
:1010600042E800100028F0D1FFE7FFE701992020B7
:10107000C1F888000199002088670198FCF780FE7C
:1010800002B080BD0000000083B00290FFE7FFE7E0
:101090000298006850E8000F20F0C0000190FFE7C0
:1010A00001990298026842E800100028F0D1FFE799
:1010B000FFE7FFE7FFE70298006850E8020F20F41F
:1010C00000000090FFE700990298026842E80210D1
:1010D0000028F0D1FFE7FFE702992020C1F888003F
:1010E00003B070470000000080B584B00390029107
:1010F000ADF806200398006841F20001C4F2010136
:10110000884240F0D380FFE7039840F2F071C2F2CA
:10111000004108600298C1F80C01BDF80600A1F872
:1011200004010398B1F804218431FBF75DF90398B9
:10113000D0F8800000681021C4F20201884200F05B
:10114000A280FFE70398D0F8800000682821C4F24D
:101150000201884200F09780FFE70398D0F88000F2
:1011600000684021C4F20201884200F08C80FFE751
:101170000398D0F8800000685821C4F20201884228
:1011800000F08180FFE70398D0F8800000687021AC
:10119000C4F20201884276D0FFE70398D0F88000BD
:1011A00000688821C4F2020188426CD0FFE70398EE
:1011B000D0F880000068A021C4F20201884262D009
:1011C000FFE70398D0F880000068B821C4F202015C
:1011D000884258D0FFE70398D0F88000006840F2BA
:1011E0001041C4F2020188424DD0FFE70398D0F8C5
:1011F0008000006840F22841C4F20201884242D0D7
:10120000FFE70398D0F88000006840F24041C4F244
:101210000201884237D0FFE70398D0F880000068C9
:1012200040F25841C4F2020188422CD0FFE70398F3
:10123000D0F88000006840F27041C4F20201884298
:1012400021D0FFE70398D0F88000006840F2884181
:10125000C4F20201884216D0FFE70398D0F880005C
:10126000006840F2A041C4F2020188420BD0FFE7BF
:101270000398D0F88000006840F2B841C4F202013F
:10128000884209D1FFE70398D0F880000168086818
:1012900020F00800086008E00398D0F8800001689A
:1012A000086820F004000860FFE769E1039800681F
:1012B00045F20001C4F20001884240F0E880FFE7F7
:1012C000039840F63041C2F2004108600298C1F82C
:1012D0000C01BDF80600A1F804010398B1F804213F
:1012E0005200843192B2FBF77FF844F6D830C2F254
:1012F000004000681021C4F20201884200F0B28070
:10130000FFE744F6D830C2F2004000682821C4F25A
:101310000201884200F0A680FFE744F6D830C2F20E
:10132000004000684021C4F20201884200F09A8027
:10133000FFE744F6D830C2F2004000685821C4F2FA
:101340000201884200F08E80FFE744F6D830C2F2F6
:10135000004000687021C4F20201884200F08280DF
:10136000FFE744F6D830C2F2004000688821C4F29A
:101370000201884276D0FFE744F6D830C2F200403E
:101380000068A021C4F2020188426BD0FFE744F656
:10139000D830C2F200400068B821C4F2020188428D
:1013A00060D0FFE744F6D830C2F20040006840F257
:1013B0001041C4F20201884254D0FFE744F6D8300D
:1013C000C2F20040006840F22841C4F202018842A3
:1013D00048D0FFE744F6D830C2F20040006840F23F
:1013E0004041C4F2020188423CD0FFE744F6D830C5
:1013F000C2F20040006840F25841C4F20201884243
:1014000030D0FFE744F6D830C2F20040006840F226
:101410007041C4F20201884224D0FFE744F6D8307C
:10142000C2F20040006840F28841C4F202018842E2
:1014300018D0FFE744F6D830C2F20040006840F20E
:10144000A041C4F2020188420CD0FFE744F6D83034
:10145000C2F20040006840F2B841C4F20201884282
:101460000AD1FFE744F6D830C2F2004001680868AC
:1014700020F00800086009E044F6D830C2F20040CD
:101480000168086820F004000860FFE777E003982F
:10149000006847F60001C4F20001884214D1FFE75A
:1014A000039840F65061C2F2004108600298C1F80A
:1014B0000C01BDF80600A1F804010398B1F804215D
:1014C0008431FAF791FF59E00398006847F600412C
:1014D000C4F20001884214D1FFE7039840F660711E
:1014E000C2F2004108600298C1F80C01BDF8060084
:1014F000A1F804010398B1F804218431FAF774FFCC
:101500003BE00398006841F60001C4F20101884203
:1015100014D1FFE7039841F27001C2F20041086064
:101520000298C1F80C01BDF80600A1F80401039867
:10153000B1F804218431FAF757FF1DE003980068E1
:1015400041F60041C4F20101884214D1FFE703983B
:1015500040F2E061C2F2004108600298C1F80C015B
:10156000BDF80600A1F804010398B1F80421843104
:10157000FAF73AFFFFE7FFE7FFE7FFE7FFE7FFE7DD
:1015800004B080BD0000000080B584B003900291DB
:10159000ADF8062003980299BDF80620FCF76CFB15
:1015A00004B080BD0000000080B59EB01D900020FA
:1015B0008DF867001D98006840F60041C5F60001EF
:1015C000884201D1FFE700E0FFE71D9988680B69B9
:1015D0004A69C9691843104308431C901D98006864
:1015E000006846F6F311CCF6FF7108401C990843D9
:1015F0001D99096808601D980068406820F44050F3
:101600001D9A1168D268104348601D9880691C902B
:101610001D98006840F60041C5F60001884206D0DA
:10162000FFE71D98016A1C9808431C90FFE71D986E
:10163000006880684FF2FF41C1F2FF1108401C9919
:1016400008431D99096888601D980068C06A20F0E9
:101650000F001D9A1168526A1043C862FFE71D9877
:10166000006841F20001C4F20101884240F041806B
:10167000FFE744F25440C5F60200006800F038006D
:101680000146109128282FD81099DFE801F0152D78
:101690002D2D2D2D2D2D192D2D2D2D2D2D2D1D2D9E
:1016A0002D2D2D2D2D2D212D2D2D2D2D2D2D252D7E
:1016B0002D2D2D2D2D2D290001208DF86D0017E0E9
:1016C00004208DF86D0013E008208DF86D000FE008
:1016D00010208DF86D000BE020208DF86D0007E0E4
:1016E00040208DF86D0003E080208DF86D00FFE74D
:1016F0006CE21D98006844F20041C4F20001884287
:101700002ED1FFE744F25440C5F60200006800F015
:10171000070001460F9105281DD80F99DFE801F059
:1017200003070B0F131700208DF86D0017E004203E
:101730008DF86D0013E008208DF86D000FE010208B
:101740008DF86D000BE020208DF86D0007E0402043
:101750008DF86D0003E080208DF86D00FFE734E226
:101760001D98006844F60001C4F2000188422ED1A1
:10177000FFE744F25440C5F60200006800F007009D
:1017800001460E9105281DD80E99DFE801F00307E8
:101790000B0F131700208DF86D0017E004208DF853
:1017A0006D0013E008208DF86D000FE010208DF81B
:1017B0006D000BE020208DF86D0007E040208DF8D3
:1017C0006D0003E080208DF86D00FFE7FCE11D98BF
:1017D000006844F60041C4F2000188422ED1FFE7C0
:1017E00044F25440C5F60200006800F007000146CC
:1017F0000D9105281DD80D99DFE801F003070B0FA7
:10180000131700208DF86D0017E004208DF86D008F
:1018100013E008208DF86D000FE010208DF86D00AA
:101820000BE020208DF86D0007E040208DF86D0062
:1018300003E080208DF86D00FFE7C4E11D9800688B
:1018400045F20001C4F2000188422ED1FFE744F2C4
:101850005440C5F60200006800F0070001460C91F4
:1018600005281DD80C99DFE801F003070B0F1317AB
:1018700000208DF86D0017E004208DF86D0013E056
:1018800008208DF86D000FE010208DF86D000BE042
:1018900020208DF86D0007E040208DF86D0003E0FA
:1018A00080208DF86D00FFE78CE11D98006841F203
:1018B0000041C4F20101884240F04180FFE744F258
:1018C0005440C5F60200006800F0380001460B9154
:1018D00028282FD80B99DFE801F0152D2D2D2D2D5F
:1018E0002D2D192D2D2D2D2D2D2D1D2D2D2D2D2D4C
:1018F0002D2D212D2D2D2D2D2D2D252D2D2D2D2D2C
:101900002D2D290001208DF86D0017E004208DF8A1
:101910006D0013E008208DF86D000FE010208DF8A9
:101920006D000BE020208DF86D0007E040208DF861
:101930006D0003E080208DF86D00FFE741E11D9808
:10194000006847F60001C4F2000188422ED1FFE78B
:1019500044F25440C5F60200006800F0070001465A
:101960000A9105281DD80A99DFE801F003070B0F3B
:10197000131700208DF86D0017E004208DF86D001E
:1019800013E008208DF86D000FE010208DF86D0039
:101990000BE020208DF86D0007E040208DF86D00F1
:1019A00003E080208DF86D00FFE709E11D980068D5
:1019B00047F60041C4F2000188422ED1FFE744F20D
:1019C0005440C5F60200006800F007000146099186
:1019D00005281DD80999DFE801F003070B0F13173D
:1019E00000208DF86D0017E004208DF86D0013E0E5
:1019F00008208DF86D000FE010208DF86D000BE0D1
:101A000020208DF86D0007E040208DF86D0003E088
:101A100080208DF86D00FFE7D1E01D98006841F649
:101A20000001C4F20101884240F04180FFE744F226
:101A30005440C5F60200006800F0380001460891E5
:101A400028282FD80899DFE801F0152D2D2D2D2DF0
:101A50002D2D192D2D2D2D2D2D2D1D2D2D2D2D2DDA
:101A60002D2D212D2D2D2D2D2D2D252D2D2D2D2DBA
:101A70002D2D290001208DF86D0017E004208DF830
:101A80006D0013E008208DF86D000FE010208DF838
:101A90006D000BE020208DF86D0007E040208DF8F0
:101AA0006D0003E080208DF86D00FFE786E01D9853
:101AB000006841F60041C4F20101884240F04180D3
:101AC000FFE744F25440C5F60200006800F0380019
:101AD0000146079128282FD80799DFE801F0152D36
:101AE0002D2D2D2D2D2D192D2D2D2D2D2D2D1D2D4A
:101AF0002D2D2D2D2D2D212D2D2D2D2D2D2D252D2A
:101B00002D2D2D2D2D2D290001208DF86D0017E094
:101B100004208DF86D0013E008208DF86D000FE0B3
:101B200010208DF86D000BE020208DF86D0007E08F
:101B300040208DF86D0003E080208DF86D00FFE7F8
:101B40003BE01D98006840F60041C5F60001884260
:101B50002ED1FFE744F25840C5F60200006800F0BD
:101B600007000146069105281DD80699DFE801F017
:101B700003070B0F131702208DF86D0017E00420E8
:101B80008DF86D0013E008208DF86D000FE0102037
:101B90008DF86D000BE020208DF86D0007E04020EF
:101BA0008DF86D0003E080208DF86D00FFE703E005
:101BB00080208DF86D00FFE7FFE7FFE7FFE7FFE715
:101BC000FFE7FFE7FFE7FFE7FFE7FFE7FFE71D9816
:101BD000006840F60041C5F60001884240F0B4803C
:101BE000FFE79DF86D0001460591022814D0FFE73C
:101BF0000598042814D0FFE70598082816D0FFE7B9
:101C00000598102818D0FFE70598202835D0FFE761
:101C10000598402837D03AE0F6F776FA11903CE084
:101C200015A8F6F785FA1698119036E012A8F6F77F
:101C3000D7FB1398119030E044F20040C5F6020043
:101C4000006800F020010020B0EB511F0ED0FFE72C
:101C500044F20040C5F602000068C0F3C10149F239
:101C60000000C0F2D030C840119005E049F20000F9
:101C7000C0F2D0301190FFE70FE040F60010C0F244
:101C80003D00119009E04FF40040119005E0002064
:101C9000119001208DF86700FFE71198002852D0BD
:101CA000FFE711981D994A6A4EF22871C0F60101AA
:101CB00031F81210B0FBF1F0189018981D9949688E
:101CC00001EB4101884207D3FFE718981D99496845
:101CD000B0EB013F04D9FFE701208DF8670031E048
:101CE00011981D994A6803924A6A4EF22871C0F60B
:101CF000010131F81220002304931946EEF704FB8A
:101D0000039A049B090241EA1061000210EB5200A1
:101D100041F10001EEF7F8FA1A901A98B0F5407FF9
:101D20000BD3FFE71A990020B0EB115F05D1FFE755
:101D30001A981D990968C86003E001208DF86700B2
:101D4000FFE7FFE7FFE746E11D98C069B0F5004FE8
:101D500040F0A880FFE79DF86D0001460291402801
:101D600000F263800299DFE801F0212560602960BC
:101D700060602F60606060606060356060606060BF
:101D8000606060606060606060605660606060605D
:101D90006060606060606060606060606060606043
:101DA000606060606060606060605C00F7F7E0FE4B
:101DB000119040E0F7F7F0FE11903CE015A8F6F71F
:101DC000B7F91698119036E012A8F6F709FB1398A8
:101DD000119030E044F20040C5F60200006800F0C7
:101DE00020010020B0EB511F0ED0FFE744F200406D
:101DF000C5F602000068C0F3C10149F20000C0F25C
:101E0000D030C840119005E049F20000C0F2D03057
:101E10001190FFE70FE040F60010C0F23D00119076
:101E200009E04FF40040119005E0002011900120DE
:101E30008DF86700FFE7119898B3FFE711981D9A96
:101E40005168536A4EF22872C0F6010232F813202C
:101E5000B0FBF2F0400000EB5100B0FBF1F01A9043
:101E60001A98102818D3FFE7BDF86A00A0B9FFE759
:101E70001A9820F00F00ADF86E001A9800F00E01CD
:101E8000BDF86E0040EA5100ADF86E00BDF86E007E
:101E90001D990968C86003E001208DF86700FFE71D
:101EA000FFE797E09DF86D0001460191402800F2A0
:101EB00063800199DFE801F021256060296060609E
:101EC0002F6060606060606035606060606060606E
:101ED000606060606060606056606060606060600C
:101EE00060606060606060606060606060606060F2
:101EF00060606060606060605C00F7F739FE1190C0
:101F000040E0F7F749FE11903CE015A8F6F710F90C
:101F10001698119036E012A8F6F762FA139811900D
:101F200030E044F20040C5F60200006800F02001F5
:101F30000020B0EB511F0ED0FFE744F20040C5F681
:101F400002000068C0F3C10149F20000C0F2D030C5
:101F5000C840119005E049F20000C0F2D030119065
:101F6000FFE70FE040F60010C0F23D00119009E0DD
:101F70004FF40040119005E00020119001208DF8F1
:101F80006700FFE7119820B3FFE711981D9A516889
:101F9000536A4EF22872C0F6010232F81320B0FBE9
:101FA000F2F000EB5100B0FBF1F01A901A981028F3
:101FB0000AD3FFE7BDF86A0030B9FFE7BDF8680053
:101FC0001D990968C86003E001208DF86700FFE7EC
:101FD000FFE7FFE7FFE71D990120A1F86A001D99BF
:101FE000A1F868001D99002048671D9988679DF831
:101FF00067001EB080BD000080B588B006900591D6
:10200000ADF81220059806998865BDF8120006996A
:10201000A1F85C0006990020C1F8900006992220E2
:10202000C1F88C000698D0F88000B0B3FFE706989E
:10203000D0F8801040F6D950C0F60100C863069869
:10204000D0F8801040F6D160C0F601000864069810
:10205000D0F8801040F65950C0F60100C8640698C8
:10206000D0F880100020086506980168826DD0F8CD
:1020700080002431BDF81230F2F79EFC60B1FFE71A
:1020800006991020C1F8900006992020C1F88C0014
:1020900001208DF81F0042E0FFE706980069A0B11B
:1020A000FFE7FFE7FFE70698006850E8000F40F4FD
:1020B00080700390FFE703990698026842E80010D9
:1020C0000028F0D1FFE7FFE7FFE7FFE7FFE706980B
:1020D000006850E8020F40F001000290FFE702990B
:1020E0000698026842E802100028F0D1FFE7FFE7F7
:1020F000FFE7FFE70698006850E8020F40F0400055
:102100000190FFE701990698026842E80210002852
:10211000F0D1FFE7FFE700208DF81F00FFE79DF8F3
:102120001F0008B080BD000080B586B0DDF820C07B
:10213000049003918DF80B200193FFE70498006849
:10214000C06903990840401AB0FA80F040099DF830
:102150000B10884266D1FFE708980130002860D054
:10216000FFE7F4F77DFC0199401A0899884203D8EB
:10217000FFE7089820B9FFE703208DF8170055E026
:102180000498006800684007002849D5FFE70398D5
:10219000802845D0FFE70398402841D0FFE7049806
:1021A0000068C06900F008010120B0EBD10F16D122
:1021B000FFE7049801680820009008620498FEF781
:1021C000EFFE00980499C1F89000FFE70499002001
:1021D00081F88400FFE701208DF8170026E00498BD
:1021E0000068C06900F400610120B0EBD12F16D166
:1021F000FFE7049801684FF4006008620498FEF756
:10220000CFFE04992020C1F89000FFE70499002038
:1022100081F88400FFE703208DF8170006E0FFE750
:10222000FFE78BE700208DF81700FFE79DF8170008
:1022300006B080BD0000000080B545F6A810C2F2CF
:102240000040FAF72DFD80BD80B545F61410C2F2AE
:102250000040FAF725FD80BD80B545F63C20C2F26E
:102260000040FAF71DFD80BD80B586B004908DF862
:102270000F100498D0F8C80201900498D0F8D41236
:1022800000EB8100D0F8C00220B9FFE703208DF8F1
:1022900017005FE00498D0F8D41200EB8100D0F86A
:1022A000C002029004989DF80F1001F00F0101EB9D
:1022B000810100EB8100806940B3FFE704989DF83D
:1022C0000F1001F00F0101EB810200EB8200826927
:1022D000019801EBC10100EB8100C169B2FBF1F093
:1022E00000FB112090B9FFE704989DF80F1001F052
:1022F0000F0101EB810100EB810000238361049851
:102300009DF80F101A4601F003FE1FE0029900200D
:10231000C1F814020498D0F8D41200EB8100D0F870
:10232000C402006988B1FFE70498D0F8D41200EB2A
:102330008100D0F8C40203690299D1F8080201F5BE
:1023400004719DF80F209847FFE7FFE700208DF804
:102350001700FFE79DF8170006B080BD00000000E1
:1023600080B584B002908DF807100298D0F8D4128E
:1023700000EB8100D0F8C00200900298D0F8D4128F
:1023800000EB8100D0F8C00220B9FFE703208DF8F0
:102390000F0019E002989DF8071001F029FB009941
:1023A000C1F80C020298D0F8D41200EB8100D0F8EA
:1023B000C402C2680099D1F8040201F50371904784
:1023C00000208DF80F00FFE79DF80F0004B080BDDE
:1023D00080B586B005908DF81310059840F2110174
:1023E000C2F200410091097801F016F900990598B0
:1023F000097801F00F0101EB810100EB8101002060
:1024000003908884059840F21201C2F200410191C4
:10241000097801F001F9019A03980599127802F000
:102420000F0202EB820201EB8201A1F86401059820
:1024300040F21001C2F200410291097801F0ECF87B
:10244000029A03980599137803F00F0303EB8303B3
:1024500001EB830188840599127802F00F0202EBE8
:10246000820201EB8201C8840598D0F8D41200EBF7
:102470008100D0F8C002F0B1FFE70598D0F8D4127F
:1024800000EB8100D0F8C402406880470598D0F87E
:10249000D41200EB8100D0F8C00202F0E5F90598F3
:1024A000D0F8D41200EB81010020C1F8C0020599D8
:1024B000C1F8BC02FFE7002006B080BD00000000AC
:1024C00080B584B002900298D0F8D41200EB81005D
:1024D000D0F8C0020190019820B9FFE703208DF8E1
:1024E0000F0025E00298D0F8D41200EB8100D0F85C
:1024F000C402C8B1FFE7019890F80002FF2813D08A
:10250000FFE70298D0F8D41200EB8100D0F8C402A3
:102510008368019991F8000291F801229847019986
:10252000FF2081F80002FFE700208DF80F00FFE791
:102530009DF80F0004B080BD81B0009000990A2082
:10254000088040F21C10C2F2004001B07047000049
:1025500080B586B0059040F2D800C2F200400190EC
:10256000822100F019FE014601980491012100F03A
:1025700013FE014601980391812100F00DFE0290A7
:10258000049820B1FFE7049910208871FFE70398B1
:1025900020B1FFE7039940208880FFE7029820B12F
:1025A000FFE7029940208880FFE7059943200880D3
:1025B00040F2D800C2F2004006B080BD000000002A
:1025C00080B586B0059040F2D800C2F2004001907C
:1025D000822100F0E1FD014601980491012100F003
:1025E000DBFD014601980391812100F0D5FD0290A9
:1025F000049820B1FFE7049910208871FFE7039841
:1026000028B1FFE703994FF400708880FFE7029834
:1026100028B1FFE702994FF400708880FFE7059921
:102620004320088040F2D800C2F2004006B080BDCE
:1026300080B586B0059040F2D800C2F2004001900B
:10264000822100F0A9FD014601980491012100F0CA
:10265000A3FD014601980391812100F09DFD0290A8
:10266000049820B1FFE7049910208871FFE70398D0
:1026700020B1FFE7039940208880FFE7029820B14E
:10268000FFE7029940208880FFE7059943200880F2
:1026900040F2D800C2F2004006B080BD0000000049
:1026A00080B590B00E908DF837104FF4077002F09F
:1026B000DFF80C900C9860B9FFE70E98D0F8D412B0
:1026C00000EB81010020C1F8C00202208DF83F001C
:1026D000F0E00C984FF40771EDF760FE0C980E993E
:1026E000D1F8D42201EB8201C1F8C0020E99D1F8D1
:1026F000D40201EB8000D0F8C002C1F8BC020E98F1
:10270000007C002840D1FFE70E9840F21101C2F290
:10271000004107910978022208924FF4007309934F
:1027200001F05AFA0799089A099B0E98097801F066
:102730000F0101EB810100EB810101200B908884E6
:102740000E9840F21201C2F200410A91097801F09C
:1027500043FA0A9A0B980E99127802F00F0202EBD4
:10276000820201EB8201A1F864010E9840F210018F
:10277000C2F20041097801F00F0101EB810100EB89
:1027800081011020C8843EE00E9840F21101C2F28F
:10279000004102910978022203924023049301F040
:1027A0001BFA0299039A049B0E98097801F00F0115
:1027B00001EB810100EB81010120069088840E98D5
:1027C00040F21201C2F200410591097801F004FAC9
:1027D000059A06980E99127802F00F0202EB820217
:1027E00001EB8201A1F864010E9840F21001C2F2DF
:1027F0000041097801F00F0101EB810100EB81013B
:102800001020C884FFE70E9840F21001C2F2004188
:10281000009109780322082301F0DEF900990E984F
:10282000097801F00F0101EB810100EB810101202A
:1028300088840C9900200190C1F804020E98D0F809
:10284000D41200EB8100D0F8C402006880470198E0
:102850000C99C1F814020C99C1F818020C98D0F820
:10286000040220B9FFE702208DF83F0022E00E9815
:10287000007C70B9FFE70E9840F21201C2F20041ED
:1028800009780C9AD2F804224FF4007301F0CCF9C5
:102890000CE00E9840F21201C2F2004109780C9A45
:1028A000D2F80422402301F0BFF9FFE700208DF8A1
:1028B0003F00FFE79DF83F0010B080BD0000000022
:1028C00080B584B002900298D0F8D41200EB810059
:1028D000D0F8C00201900298D0F8D41200EB810029
:1028E000D0F8C00220B9FFE703208DF80F0022E0E6
:1028F0000298007C70B9FFE7029840F21201C2F220
:1029000000410978019AD2F804224FF4007301F0D3
:102910008BF90CE0029840F21201C2F200410978F2
:10292000019AD2F80422402301F07EF9FFE700204B
:102930008DF80F00FFE79DF80F0004B080BD000088
:1029400083B001900091009820B9FFE703208DF833
:102950000B000BE000980199D1F8D42201EB820121
:10296000C1F8C40200208DF80B00FFE79DF80B00B2
:1029700003B070470000000084B0029001910298FB
:10298000D0F8D41200EB8100D0F8C002009000987B
:1029900020B9FFE703208DF80F0007E001980099A8
:1029A000C1F8040200208DF80F00FFE79DF80F002A
:1029B00004B070470000000085B0039002910192BE
:1029C0000398D0F8D41200EB8100D0F8C002009038
:1029D000009820B9FFE703208DF813000BE0029860
:1029E0000099C1F8080201980099C1F8100200206E
:1029F0008DF81300FFE79DF8130005B07047000045
:102A000080B58AB0089007910898D0F8D41200EBEE
:102A10008100D0F8C002069000208DF81500ADF8B6
:102A200012008DF81100069820B9FFE703208DF8F9
:102A30002700C7E00798007800F060000146039186
:102A400000285ED0FFE70398202840F0AE80FFE723
:102A50000798C088002846D0FFE70798007800064E
:102A6000002823D5FFE70898D0F8D41200EB8100A6
:102A7000D0F8C4028368079A50780699D28898479C
:102A80000798C088082803D3FFE70720029003E0D7
:102A90000798C0880290FFE70298ADF816000898E2
:102AA0000699BDF8162000F083F91BE007984078DE
:102AB000069981F800020798C0883F2804D8FFE7EC
:102AC0000798C088019002E040200190FFE701983C
:102AD000069981F801020898069991F8012200F000
:102AE00037F9FFE70CE00898D0F8D41200EB81002A
:102AF000D0F8C40283680799487800229847FFE716
:102B00005BE007984078014600910B2844D8009973
:102B1000DFE801F0064142424242424242421C3258
:102B2000089890F89C02032807D1FFE708980DF158
:102B30001201022200F03CF907E00898079900F022
:102B4000F7F803208DF81100FFE72DE0089890F8C2
:102B50009C02032807D1FFE708980DF11501012217
:102B600000F026F907E00898079900F0E1F8032043
:102B70008DF81100FFE717E0089890F89C020328F1
:102B800008D0FFE70898079900F0D2F803208DF8E5
:102B90001100FFE708E007E00898079900F0C8F87F
:102BA00003208DF81100FFE707E00898079900F06F
:102BB000BFF803208DF81100FFE79DF811008DF894
:102BC0002700FFE79DF827000AB080BD0000000045
:102BD00080B584B002900298D0F8D41200EB810046
:102BE000D0F8C002019001208DF80300019820B9AF
:102BF000FFE703208DF80F002AE00198D0F81402B7
:102C000008BBFFE701990120C1F814020198D0F830
:102C10001002029A40F21101C2F200410B7803F057
:102C20000F0303EB830302EB8302906102980978A0
:102C3000019BD3F80822D3F8103201F069F9002083
:102C40008DF80300FFE79DF803008DF80F00FFE704
:102C50009DF80F0004B080BD80B582B001908DF862
:102C6000031000208DF802000198D0F8B8124A68CD
:102C70009DF80310904720B1FFE703208DF8020074
:102C8000FFE79DF8020002B080BD000000000000D8
:102C900080B582B001900091019890F89C020138B3
:102CA00002280ED8FFE700984088012808D1FFE7E6
:102CB00001990020C1F8A402019800F095F8FFE7FF
:102CC00004E00198009900F033F8FFE702B080BDFE
:102CD00082B001908DF80310002002B07047000010
:102CE00082B001908DF80310002002B07047000000
:102CF00080B584B00390029101920398029A019BDF
:102D00000021009100F090FF009804B080BD000009
:102D100080B584B00390029101920398029A019BBE
:102D20000021009101F0F4F8009804B080BD00008B
:102D300080B582B0019000910198802101F094F853
:102D40000198002101F090F802B080BD0000000061
:102D500080B584B003900291019203990320C1F8D9
:102D6000940201980399C1F8580101980399C1F898
:102D70005C010398029A019B0021009100F054FF2E
:102D8000009804B080BD000080B582B00190019928
:102D90000520C1F8940201980023009319461A46B1
:102DA00000F042FF009802B080BD0000000000006B
:102DB00080B584B003900291019203990220C1F87A
:102DC000940201980399886101980399C861039856
:102DD000029A019B0021009101F09AF8009804B03A
:102DE00080BD00000000000080B582B00190019914
:102DF0000420C1F8940201980023009319461A4652
:102E000001F086F8009802B080BD000000000000CC
:102E100080B584B0039002910298C088012805D043
:102E2000FFE703980299FFF783FF21E0039890F8EA
:102E30009C12481E0191022804D3FFE70198032841
:102E40000AD00FE0039900208860039800F1080180
:102E50000122FFF7ADFF0AE00398011D0122FFF7F1
:102E6000A7FF04E003980299FFF762FFFFE7FFE77F
:102E700004B080BD0000000080B588B007900691C6
:102E80000020ADF8160004908DF80F000698C07869
:102E90000138014602910E2800F241810299DFE8D3
:102EA00011F02A00340051003E013E010B012301C4
:102EB0003E013E013E013E013E013E013E010F004A
:102EC0000798D0F8B402C06950B1FFE70798D0F86E
:102ED000B412CA69007C0DF116019047049009E014
:102EE00007980699FFF724FF9DF80F0001308DF831
:102EF0000F00FFE71DE10798D0F8B4120A68007CC4
:102F00000DF116019047049013E10798007C60B919
:102F1000FFE70798D0F8B802816A0DF116008847DC
:102F200004900499022048700BE00798D0F8B8028A
:102F3000C16A0DF116008847049004990220487078
:102F4000FFE7F6E00698807801460191052800F237
:102F5000A8800199DFE801F0031E39546F8A0798B1
:102F6000D0F8B402406850B1FFE70798D0F8B41227
:102F70004A68007C0DF116019047049009E007981B
:102F80000699FFF7D5FE9DF80F0001308DF80F0070
:102F9000FFE790E00798D0F8B402806850B1FFE7EF
:102FA0000798D0F8B4128A68007C0DF1160190479A
:102FB000049009E007980699FFF7BAFE9DF80F0004
:102FC00001308DF80F00FFE775E00798D0F8B402E4
:102FD000C06850B1FFE70798D0F8B412CA68007C07
:102FE0000DF116019047049009E007980699FFF744
:102FF0009FFE9DF80F0001308DF80F00FFE75AE0AB
:103000000798D0F8B402006950B1FFE70798D0F8EC
:10301000B4120A69007C0DF116019047049009E092
:1030200007980699FFF784FE9DF80F0001308DF890
:103030000F00FFE73FE00798D0F8B402406950B1B5
:10304000FFE70798D0F8B4124A69007C0DF1160129
:103050009047049009E007980699FFF769FE9DF8EC
:103060000F0001308DF80F00FFE724E00798D0F83B
:10307000B402806950B1FFE70798D0F8B4128A69AA
:10308000007C0DF116019047049009E0079806991D
:10309000FFF74EFE9DF80F0001308DF80F00FFE79F
:1030A00009E007980699FFF743FE9DF80F000130ED
:1030B0008DF80F00FFE73CE00798007C48B9FFE778
:1030C0000798D0F8B802416B0DF1160088470490BC
:1030D00009E007980699FFF72BFE9DF80F000130D5
:1030E0008DF80F00FFE724E00798007C60B9FFE748
:1030F0000798D0F8B802016B0DF1160088470490CC
:1031000004990720487009E007980699FFF710FE18
:103110009DF80F0001308DF80F00FFE709E00798D8
:103120000699FFF705FE9DF80F0001308DF80F009E
:10313000FFE79DF80F0008B1FFE72AE00698C08876
:1031400018B3FFE7BDF81600C8B1FFE7BDF81600D9
:103150000699C988884204DAFFE7BDF81600009096
:1031600003E00698C0880090FFE70098ADF81600CD
:1031700007980499BDF81620FFF71AFE04E0079897
:103180000699FFF7D5FDFFE703E00798FFF72CFE50
:10319000FFE708B080BD000080B586B005908DF8CF
:1031A0001310059803900598029000200190029951
:1031B00048880978884227DDFFE702980078ADF853
:1031C0000200FFE7BDF802000299498888421ADA36
:1031D000FFE703980DF1020100F036F80390039821
:1031E000407805280ED1FFE7039801900198807878
:1031F0009DF81310884201D1FFE704E00020019000
:10320000FFE7FFE7DEE7FFE7019806B080BD0000BB
:1032100083B0029000208DF8070002980090FFE72D
:103220000098007848B1FFE79DF8070001308DF85D
:103230000700009801300090F2E79DF8070003B006
:10324000704700000000000083B0029001910298D6
:10325000009000980278019908881044088002982C
:103260000099097808440090009803B07047000066
:1032700080B582B001900091019890F89C020138CD
:1032800002281FD8FFE70098C088022805D0FFE772
:1032900001980099FFF74CFD19E001990120C860E1
:1032A0000198D0F8A40230B1FFE70199C86840F056
:1032B0000200C860FFE7019800F10C010222FFF74D
:1032C00077FD04E001980099FFF732FDFFE702B0B7
:1032D00080BD00000000000080B586B0059004911C
:1032E000039200208DF80B00059808B9FFE74FE026
:1032F000059801900198FFF78BFF0146022000EB33
:103300004100B0F5007F04D9FFE74FF40070009052
:1033100008E00198FFF77CFF0146022000EB410026
:103320000090FFE7009803990880039800780499BB
:103330009DF80B2088549DF80B0001308DF80B0090
:1033400004999DF80B20032088549DF80B00013050
:103350008DF80B00FFE701980078C8B1FFE70198EE
:10336000007804999DF80B20885401980130019051
:103370009DF80B0001308DF80B0004999DF80B208F
:10338000002088549DF80B0001308DF80B00E2E717
:1033900006B080BD0000000082B08DF8070000205C
:1033A0008DF806009DF8070001460091032814D807
:1033B0000099DFE801F002060A0E00208DF80600F1
:1033C0000FE003208DF806000BE001208DF80600C9
:1033D00007E003208DF8060003E003208DF80600C7
:1033E000FFE79DF8060002B07047000000000000F3
:1033F00080B582B08DF8070000919DF8070060B994
:10340000FFE7009A4EF66620C0F6010041F28411F3
:10341000C2F20041FFF760FF0BE0009A4EF6662013
:10342000C0F6010041F28411C2F20041FFF754FFDF
:10343000FFE741F28410C2F2004002B080BD0000FC
:1034400082B08DF80700009100991220088040F2A8
:103450002810C2F2004002B07047000000000000D7
:1034600080B582B08DF8070000919DF8070060B923
:10347000FFE7009A4EF65820C0F6010041F2841191
:10348000C2F20041FFF728FF0BE0009A4EF65820E9
:10349000C0F6010041F28411C2F20041FFF71CFFA7
:1034A000FFE741F28410C2F2004002B080BD00008C
:1034B00082B08DF80700009100990420088040F246
:1034C0005010C2F2004002B070470000000000003F
:1034D00080B584B08DF80F000291029A4EF67120EB
:1034E000C0F6010041F28411C2F200410191FFF7E0
:1034F000F3FE019804B080BD80B582B08DF807005E
:1035000000919DF8070060B9FFE7009A4EF684200D
:10351000C0F6010041F28411C2F20041FFF7DCFE67
:103520000BE0009A4EF68420C0F6010041F28411AF
:10353000C2F20041FFF7D0FEFFE741F28410C2F271
:10354000004002B080BD000080B582B08DF8070059
:10355000009100991A200880EEF74AFC40F25410BE
:10356000C2F2004002B080BD80B584B002900191EB
:103570008DF80320029820B9FFE703208DF80F0093
:1035800023E002990020C1F8B8020299C1F8C402F0
:103590000299C1F8D002019828B1FFE70198029979
:1035A000C1F8B402FFE70299012081F89C029DF85E
:1035B000030002990870029800F02AFA8DF80200C0
:1035C0009DF802008DF80F00FFE79DF80F0004B092
:1035D00080BD00000000000080B582B001908DF831
:1035E000031000208DF802008DF801000198D0F83A
:1035F000C8029DF80310F3F7B7FC8DF802009DF8A0
:103600000200FFF7C9FE8DF801009DF8010002B02D
:1036100080BD00000000000080B582B001908DF8F0
:10362000031000208DF802008DF801000198D0F8F9
:10363000C8029DF80310F3F743FC8DF802009DF8D3
:103640000200FFF7A9FE8DF801009DF8010002B00D
:1036500080BD00000000000080B588B006908DF8A5
:10366000171004929DF81700002874D1FFE7069800
:10367000143003900698D0F8940202285DD1FFE739
:1036800003998868C968884212D9FFE70399886856
:10369000CA68801A886006980499039A9268FFF7AE
:1036A00037FB0698002319461A4600F0BDFA43E09E
:1036B00003988168C06888421ED1FFE70399486873
:1036C000C968884218D3FFE7039840680699D1F883
:1036D0009812884210D2FFE7069800220192114604
:1036E000FFF716FB019B0698C0F89832069819461A
:1036F0001A4600F099FA1EE0069890F89C020328FA
:1037000011D1FFE70698D0F8B802C06850B1FFE7C2
:1037100006990020C1F8D4020698D0F8B812C968FA
:103720008847FFE7FFE70698802100F09DFB069899
:10373000FFF72AFBFFE7FFE7FFE7069890F8A002F4
:1037400040B1FFE7069800F077FC0699002081F869
:10375000A002FFE740E006989DF8171041F08001B5
:10376000FFF7B6FA8DF80A009DF80A00FF2832D05C
:10377000FFE79DF80A0070BBFFE7069890F89C02EF
:10378000032827D1FFE706989DF80A1000EB810077
:10379000D0F8B8024069E0B1FFE79DF80A00069949
:1037A000C1F8D40206989DF80A1000EB8101D1F807
:1037B000B8124A699DF8171090478DF80B009DF8D4
:1037C0000B0028B1FFE79DF80B008DF81F0007E004
:1037D000FFE7FFE7FFE7FFE700208DF81F00FFE7A7
:1037E0009DF81F0008B080BD80B58AB008908DF8A4
:1037F0001F10069200208DF813009DF81F0000286E
:1038000040F08280FFE7089800F5AA7005900898BC
:10381000D0F89402032876D1FFE705998868C96833
:1038200088421DD9FFE705998868CA68801A8860B0
:10383000089802900698039005998868C96888429C
:1038400004D2FFE705988068019003E00598C068FE
:103850000190FFE703990298019AFFF749FA51E0B6
:10386000089890F8AA0200F01F000146009140B1AC
:10387000FFE70098012808D0FFE7009802280CD045
:1038800013E000208DF8120013E0089890F8AE12B3
:10389000FFF726FA8DF812000BE0089890F8AE12A8
:1038A000FFF716FA8DF8120003E000208DF81200E1
:1038B000FFE79DF8120008BBFFE7089890F89C020C
:1038C00003281AD1FFE708989DF8121000EB810039
:1038D000D0F8B802006978B1FFE79DF812000899A6
:1038E000C1F8D40208989DF8121000EB8101D1F8BC
:1038F000B81209698847FFE7FFE7FFE70898FFF775
:1039000073FAFFE7FFE740E008989DF81F1001F009
:103910007F01FFF7DDF98DF812009DF81200FF28F6
:1039200032D0FFE79DF8120070BBFFE7089890F8CF
:103930009C0203281ED1FFE708989DF8121000EBA7
:103940008100D0F8B802806998B1FFE79DF81200B5
:103950000899C1F8D40208989DF8121000EB810173
:10396000D1F8B8128A699DF81F1090478DF813009E
:10397000FFE7FFE79DF8130028B1FFE79DF813006C
:103980008DF8270005E0FFE7FFE700208DF827000E
:10399000FFE79DF827000AB080BD0000000000008E
:1039A00081B00090002001B07047000000000000CE
:1039B00080B582B0019000208DF8030001990120AC
:1039C00081F89C020198D0F8B80268B1FFE701982D
:1039D000D0F8B8124A680179904720B1FFE7032078
:1039E0008DF80300FFE7FFE79DF8030002B080BDFC
:1039F00080B582B001908DF803100198D0F8C8020C
:103A00009DF80310F3F714FB02B080BD0000000026
:103A100080B584B0039003980078012838D1FFE77F
:103A2000039945F27820C2F200400290C0F8E014F9
:103A30000399C1F8C8020021C4F204010160092100
:103A400001710222C2710021817142728172C172C0
:103A500001738173C1730174F4F7BAF818B1FFE709
:103A6000EDF776FFFFE745F27820C2F200400190C3
:103A700080210091F3F758F9009A01980021F3F79B
:103A80005FF9019801214FF4BA72F3F759F9FFE792
:103A9000002004B080BD000084B002908DF80710B3
:103AA0000298D0F8C80200909DF807000006002890
:103AB0000DD5FFE700989DF8071001F07F0101EB9D
:103AC000C10100EB8100807D8DF80F000DE00098B2
:103AD0009DF8071001F07F0101EBC10100EB8100AF
:103AE00090F856028DF80F00FFE79DF80F0004B024
:103AF000704700000000000080B584B002908DF88F
:103B000007100298D0F8D41200EB8100D0F8B80268
:103B100020B9FFE703208DF80F0020E0029890F80D
:103B20009C02032817D1FFE70298D0F8D41200EBCB
:103B30008100D0F8B802006A60B1FFE70298D0F8BF
:103B4000D41200EB8101D1F8B8120A6A9DF807106F
:103B50009047FFE7FFE700208DF80F00FFE79DF893
:103B60000F0004B080BD000080B584B002908DF8D5
:103B700007100298D0F8D41200EB8100D0F8B802F8
:103B800020B9FFE703208DF80F0020E0029890F89D
:103B90009C02032817D1FFE70298D0F8D41200EB5B
:103BA0008100D0F8B802406A60B1FFE70298D0F80F
:103BB000D41200EB8101D1F8B8124A6A9DF80710BF
:103BC0009047FFE7FFE700208DF80F00FFE79DF823
:103BD0000F0004B080BD000080B584B003908DF864
:103BE0000B108DF80A20ADF8083000208DF8070082
:103BF0008DF806000398D0F8C8029DF80B10BDF8A8
:103C000008209DF80A30F3F727FA8DF807009DF891
:103C10000700FFF7C1FB8DF806009DF8060004B011
:103C200080BD00000000000080B586B005908DF8D2
:103C300013100392029300208DF807008DF8060000
:103C40000598D0F8C8029DF81310039A029BF3F769
:103C50007BFA8DF807009DF80700FFF79DFB8DF8B4
:103C600006009DF8060006B080BD000000000000C0
:103C700080B586B0059000208DF81300059A0121CB
:103C800082F89C120599C1F894020599486005993B
:103C9000C1F8A402059981F8A0020598D0F8B802ED
:103CA000A0B1FFE70598D0F8B802406868B1FFE717
:103CB0000598D0F8B8124A680179904720B1FFE71B
:103CC00003208DF81300FFE7FFE7FFE705980022C8
:103CD0000192402303931146FFF77EFF019A039B55
:103CE000059901200290A1F864010598C0F860319F
:103CF00005988021FFF770FF02990398059A918437
:103D0000059908629DF8130006B080BD0000000010
:103D100081B00090009890F89C02042807D1FFE73A
:103D2000009890F89D02009981F89C02FFE700201E
:103D300001B070470000000080B582B0019001988A
:103D400090F89C02032813D1FFE70198D0F8B8023D
:103D500068B1FFE70198D0F8B802C06930B1FFE759
:103D60000198D0F8B812C9698847FFE7FFE7FFE775
:103D7000002002B080BD000082B001908DF80310D9
:103D80009DF8030001990874002002B070470000FC
:103D900080B582B001908DF8031000208DF80200EC
:103DA0008DF801000198D0F8C8029DF80310F4F7CF
:103DB000AFF88DF802009DF80200FFF7EDFA8DF8DC
:103DC00001009DF8010002B080BD0000000000006D
:103DD00080B584B003900291039800F2AA20029962
:103DE00000F0BAF803990120C1F894020399B1F8E0
:103DF000B002C1F89802039890F8AA0200F01F00E0
:103E00000146009140B1FFE7009801280CD0FFE780
:103E10000098022810D017E0039800F2AA2100F0C1
:103E200067FA8DF8070019E0039800F2AA2100F064
:103E30009FFC8DF8070011E0039800F2AA2100F022
:103E4000BFFA8DF8070009E0039890F8AA1201F074
:103E5000800100F009F88DF80700FFE79DF80700E2
:103E600004B080BD0000000080B582B001908DF8E4
:103E7000031000208DF802008DF801000198D0F8A1
:103E8000C8029DF80310F3F797F98DF802009DF82A
:103E90000200FFF781FA8DF801009DF8010002B0E1
:103EA00080BD00000000000080B582B001900020BD
:103EB0008DF803008DF802000198D0F8C802F4F7DD
:103EC00063F88DF803009DF80300FFF765FA8DF89D
:103ED00002009DF8020002B080BD0000000000005A
:103EE00081B00090009890F89C02042807D0FFE76A
:103EF000009890F89C02009981F89D02FFE70099D4
:103F0000042081F89C02002001B0704700000000EE
:103F100080B586B005908DF81310039202930020AF
:103F20008DF807008DF806000598D0F8C8029DF8B6
:103F30001310039A029BF3F7AFF98DF807009DF871
:103F40000700FFF729FA8DF806009DF8060006B075
:103F500080BD00000000000080B584B00390029195
:103F60000298019001980078039908700198013037
:103F700001900198007803994870019801300190F0
:103F80000198FBF7ADFC039948800198013001903E
:103F90000198013001900198FBF7A2FC03998880F9
:103FA0000198013001900198013001900198FBF7D0
:103FB00097FC0399C88004B080BD00000000000099
:103FC00080B584B0029001910020ADF80200019804
:103FD00020B9FFE703208DF80F0026E00198029931
:103FE000C1F8B8020298D0F8D41200EB8100D0F8E2
:103FF000B802C06A78B1FFE70298D0F8D41200EB9B
:104000008100D0F8B802C16A0DF102008847029918
:10401000C1F8D002FFE70299D1F8D8020130C1F807
:10402000D80200208DF80F00FFE79DF80F0004B0C4
:1040300080BD00000000000081B00090002001B0B1
:10404000704700000000000080B584B0039002912A
:1040500002988088B8BBFFE70298C08898BBFFE74A
:10406000029840887F282ED8FFE70298807800F0D9
:104070007F008DF80700039890F89C02032805D173
:10408000FFE703980299FEF753FE1BE09DF8070037
:10409000039981F89E0203989DF80710FFF778FEB8
:1040A0000398FEF7A1FE9DF8070028B1FFE70399EA
:1040B000022081F89C0204E00399012081F89C020F
:1040C000FFE7FFE704E003980299FEF731FEFFE700
:1040D00004B080BD0000000080B582B001908DF872
:1040E000031000208DF802000198D0F8B80250B1FA
:1040F000FFE70198D0F8B8120A689DF803109047BE
:104100008DF80200FFE79DF8020002B080BD0000BC
:1041100080B586B00490039100208DF80B000398C1
:10412000817841F28010C2F20040017000780228CC
:1041300008D3FFE704980399FEF7FAFD03208DF8F2
:104140001700A0E0049890F89C0201460191022813
:1041500004D0FFE7019803282FD07FE041F28010C0
:10416000C2F20040007818B3FFE741F28011C2F2BA
:1041700000410878049A506004980978FFF7ACFF72
:104180008DF80B009DF80B0048B1FFE704980399E8
:10419000FEF7CEFD0499022081F89C0207E0049806
:1041A000FEF722FE0499032081F89C02FFE703E05A
:1041B0000498FEF719FEFFE760E041F28010C2F2BA
:1041C0000040007898B9FFE70499022081F89C022A
:1041D00041F28011C2F200410878049A50600498BC
:1041E0000978FEF739FD0498FEF7FEFD35E041F24F
:1041F0008010C2F20040007804994968884227D0B4
:10420000FFE704980179FEF727FD41F28011C2F221
:1042100000410878049A506004980978FFF75CFF21
:104220008DF80B009DF80B0068B1FFE70498039927
:10423000FEF77EFD04980179FEF70EFD0499022039
:1042400081F89C0203E00498FEF7CEFDFFE703E04F
:104250000498FEF7C9FDFFE7FFE70FE00498039914
:10426000FEF766FD049841F28011C2F20041097820
:10427000FEF7F2FC03208DF80B00FFE79DF80B0022
:104280008DF81700FFE79DF8170006B080BD00000D
:1042900080B582B00190009100984088012808D133
:1042A000FFE701990120C1F8A4020198FEF79CFDE7
:1042B00013E000984088022809D1FFE70098407970
:1042C000019981F8A0020198FEF78EFD04E00198A3
:1042D0000099FEF72DFDFFE7FFE702B080BD00006B
:1042E00080B582B001900198FFF7DEFD02B080BD7D
:1042F00080B586B00590049100208DF80F000498D9
:10430000007800F0600001460291A8B1FFE7029832
:10431000202804D0FFE70298402846D1FFE70598FF
:10432000D0F8D41200EB8101D1F8B8128A68049950
:1043300090478DF80F003DE00498407801460191C8
:1043400009282CD80199DFE801F01B252A202A0A28
:10435000052A160F05980499FEF78EFD24E00598AE
:104360000499FFF771FE1FE005980499FFF7D0FE4E
:104370008DF80F0018E005980499FEF749FD13E049
:1043800005980499FEF774FF0EE005980499FFF76D
:104390007FFF09E005980499FEF77AFC04E0059890
:1043A0000499FEF7C5FCFFE704E005980499FEF7C1
:1043B000BFFCFFE79DF80F0006B080BD00000000C5
:1043C00080B58CB00B900A9100208DF821000A98DE
:1043D00080888DF823000A98007800F0600001467C
:1043E0000791B8B3FFE70798202805D0FFE70798A3
:1043F000402840F0B281FFE70B989DF82310FEF7AC
:1044000067FC8DF822009DF82200FF2821D0FFE7ED
:104410009DF82200E8B9FFE79DF822000B99C1F84A
:10442000D4020B989DF8221000EB8100D0F8B8025E
:10443000806868B1FFE70B989DF8221000EB8101BE
:10444000D1F8B8128A680A9990478DF82100FFE7E1
:10445000FFE787E10A98407801460691002800F0BE
:10446000BD80FFE7069801284CD0FFE70698032897
:1044700040F06D81FFE70B9890F89C020146059192
:10448000022804D0FFE70598032819D034E09DF8EE
:10449000230078B1FFE79DF8230080280AD0FFE7CA
:1044A0000B989DF82310FFF7DFFC0B988021FFF796
:1044B000DBFC04E00B980A99FEF73AFCFFE720E0EA
:1044C0000A984088A0B9FFE79DF8230078B1FFE77C
:1044D0009DF8230080280AD0FFE70A98C08830B9E9
:1044E000FFE70B989DF82310FFF7BEFCFFE7FFE7FF
:1044F0000B98FEF779FC04E00B980A99FEF718FC7C
:10450000FFE729E10B9890F89C02014604910228EC
:1045100004D0FFE70498032819D059E09DF8230040
:1045200078B1FFE79DF8230080280AD0FFE70B98B9
:104530009DF82310FFF798FC0B988021FFF794FC5F
:1045400004E00B980A99FEF7F3FBFFE745E00A98B1
:104550004088E0BBFFE79DF82300400630B1FFE74D
:104560000B989DF82310FFF737F8FFE70B98FEF73D
:104570003BFC0B989DF82310FEF7AAFB8DF8220058
:104580009DF82200FF2821D0FFE79DF82200E8B91E
:10459000FFE79DF822000B99C1F8D4020B989DF813
:1045A000221000EB8100D0F8B802806868B1FFE704
:1045B0000B989DF8221000EB8101D1F8B8128A689F
:1045C0000A9990478DF82100FFE7FFE7FFE704E035
:1045D0000B980A99FEF7ACFBFFE7BDE00B9890F84B
:1045E0009C0201460391022804D0FFE703980328A8
:1045F00038D0A6E09DF8230050B1FFE79DF82300D6
:10460000802805D0FFE70B980A99FEF791FB9DE003
:104610009DF82300000600280CD5FFE70B989DF8B5
:10462000231001F07F0101EB810100EB81001430C8
:1046300002900CE00B989DF8231001F07F0101EB34
:10464000810100EB810000F5AA700290FFE702985B
:1046500009900999002008600B9809990222FEF739
:10466000A7FB73E09DF823000006002812D5FFE7A2
:104670000B989DF8231001F00F0101EB810100EB75
:104680008100808C28B9FFE70B980A99FEF750FB50
:104690005CE012E00B989DF8231001F00F0101EB94
:1046A000810100EB8100B0F8640128B9FFE70B98A5
:1046B0000A99FEF73DFB49E0FFE79DF8230000065D
:1046C00000280CD5FFE70B989DF8231001F07F011F
:1046D00001EB810100EB8100143001900CE00B989C
:1046E0009DF8231001F07F0101EB810100EB8100B7
:1046F00000F5AA700190FFE7019809909DF823004A
:1047000028B1FFE79DF82300802804D1FFE709992D
:10471000002008600FE00B989DF82310FFF7BCF90C
:1047200020B1FFE709990120086003E00999002002
:104730000860FFE7FFE70B9809990222FEF738FBB4
:1047400004E00B980A99FEF7F3FAFFE704E00B98F0
:104750000A99FEF7EDFAFFE704E00B980A99FEF7D5
:10476000E7FAFFE79DF821000CB080BD00000000D3
:1047700080B584B00390029100208DF80700029864
:10478000007800F060000146009140B1FFE700981A
:10479000202804D0FFE7009840285AD1FFE703986B
:1047A00090F89C02013802284DD8FFE70298007962
:1047B000012842D8FFE7039802990979FEF790FA99
:1047C0008DF806009DF80600FF2825D0FFE79DF82C
:1047D000060008BBFFE703989DF8061000EB810078
:1047E000D0F8B802806890B1FFE79DF80600039901
:1047F000C1F8D40203989DF8061000EB8101D1F8AE
:10480000B8128A68029990478DF8070003E00320E8
:104810008DF80700FFE703E003208DF80700FFE7AE
:104820000298C08840B9FFE79DF8070020B9FFE76C
:104830000398FEF7D9FAFFE704E003980299FEF720
:1048400077FAFFE704E003980299FEF771FAFFE7B1
:1048500004E003980299FEF76BFAFFE79DF8070062
:1048600004B080BD0000000081B0009001B070472E
:1048700081B0009041F28430C2F2004001B0704734
:1048800084B0039002910398019002980078009000
:1048900002984078012830D1FFE70298007800F0B4
:1048A0000F01012000FA01F20199D1F81C08104310
:1048B000C1F81C080198009900EB4110D0F80009DC
:1048C0000004002818D4FFE7029988686FF3DF20FE
:1048D000097940EA8140009A40EA8250019901EB4F
:1048E0004211D1F80029104348F20002C1F200023F
:1048F0001043C1F80009FFE72EE00298007800F0AD
:104900000F01012000FA01F20199D1F81C0840EAD8
:104910000240C1F81C080198009900EB4110D0F842
:10492000000B0004002816D4FFE7029988686FF393
:10493000DF20097940EA81400199009A01EB421198
:10494000D1F8002B104348F20002C1F200021043DC
:10495000C1F8000BFFE7FFE7002004B0704700003C
:1049600082B00190019800900099D1F8000940F2BE
:10497000FF729043C1F800090099D1F8040840F48F
:104980008070C1F80408002002B0704700000000E9
:1049900080B58AB0DDF830C0CDF814C0049303921E
:1049A00002919DF814108DF824100299039A049B2B
:1049B00008930792069101909DF81D00012823D1CC
:1049C000FFE70199886B20F4803088630199C868FB
:1049D0004FF6BF72CFF6BD721040C8600199C8682B
:1049E00020F44010C8609DF82400012806D1FFE79C
:1049F0000199C86840F48010C860FFE7019800F092
:104A00003FF88DF803001AE00199C86840F04000B3
:104A1000C860019800F034F88DF803009DF821007B
:104A200030B9FFE70199886B40F48030886305E076
:104A30000199886B20F480308863FFE7FFE79DF8D9
:104A40001A00012816D1FFE70199C86D80B2C86528
:104A50000199C86D0022C0F2EE321043C865019979
:104A6000886840F0060088600199886840F020005E
:104A70008860FFE79DF803000AB080BD00000000D9
:104A800083B0019000200090FFE700980130009073
:104A90000098B0F1706F04D9FFE703208DF80B0088
:104AA00026E0FFE701980069C00F0028EDD0FFE77E
:104AB000002000900199086940F001000861FFE7BB
:104AC0000098013000900098B0F1706F04D9FFE7B2
:104AD00003208DF80B000BE0FFE70198006900F060
:104AE00001000128ECD0FFE700208DF80B00FFE764
:104AF0009DF80B0003B0704784B0039002910398B7
:104B0000019002980078009002984078012845D1E1
:104B1000FFE70198009900EB4110D0F80009C00FA1
:104B2000A8B1FFE70198009900EB4111D1F8000905
:104B300040F00060C1F800090198009900EB4111B4
:104B4000D1F8000940F08040C1F80009FFE7029861
:104B5000007800F00F01012000FA01F3019AD2F869
:104B60003C189943C2F83C180299097801F00F01EA
:104B700000FA01F20199D1F81C089043C1F81C0811
:104B80000198009900EB4111D1F8000947F60002A5
:104B9000CEF633421040C1F8000946E00198009972
:104BA00000EB4110D0F8000BC00FA8B1FFE701984F
:104BB000009900EB4111D1F8000B40F00060C1F802
:104BC000000B0198009900EB4111D1F8000B40F067
:104BD0008040C1F8000BFFE70298007800F00F0159
:104BE000012000FA01F3019AD2F83C1821EA0341AE
:104BF000C2F83C180299097801F00F0100FA01F29D
:104C00000199D1F81C0820EA0240C1F81C0801985B
:104C1000009900EB4111D1F8000B47F60002CEF6E7
:104C2000F3721040C1F8000BFFE7002004B070479A
:104C300082B00190019800900099D1F8000E20F008
:104C40000300C1F8000E0099D1F8040820F002001A
:104C5000C1F80408002002B0704700000000000006
:104C600082B00190019800900099D1F8000E20F0D8
:104C70000300C1F8000E0099D1F8040840F00200CA
:104C8000C1F80408002002B07047000000000000D6
:104C900080B58CB0DDF838C0CDF81CC00693059205
:104CA00004919DF81C108DF82C100499059A069B10
:104CB0000A9309920891039000208DF80B00039944
:104CC00001910090FFE700980E280CD8FFE70398A9
:104CD000009900EB81010020C1F80401FFE7009872
:104CE00001300090EFE79DF82A00B8B9FFE701997D
:104CF000D1F8040840F00200C1F804080399886B59
:104D000020F4001088630399086840F040000860B0
:104D10000399086840F08000086005E00399886BFB
:104D200040F400108863FFE701990020C1F8000EED
:104D30009DF8250001280FD1FFE79DF8230028B931
:104D4000FFE70398002100F08FFE04E003980121A3
:104D500000F08AFEFFE704E00398032100F084FEE0
:104D6000FFE70398102100F0A7FC20B1FFE7012026
:104D70008DF80B00FFE7039800F062FC20B1FFE71D
:104D800001208DF80B00FFE701990020C1F8100801
:104D90000199C1F814080199C1F81C080090FFE7B7
:104DA00000989DF8201088423BD2FFE701980099B7
:104DB00000EB4110D0F80009C00FB0B1FFE7009838
:104DC00048B9FFE70198009900EB41114FF00060EE
:104DD000C1F8000908E00198009900EB41114FF07B
:104DE0009040C1F80009FFE707E00198009900EB47
:104DF00041110020C1F80009FFE70198009900EB7C
:104E000041110020C1F810090198009900EB4111EF
:104E10004FF67F30C1F80809FFE700980130009095
:104E2000BEE700200090FFE700989DF82010884220
:104E30003BD2FFE70198009900EB4110D0F8000B3E
:104E4000C00FB0B1FFE7009848B9FFE7019800999B
:104E500000EB41114FF00060C1F8000B08E0019831
:104E6000009900EB41114FF09040C1F8000BFFE7B3
:104E700007E00198009900EB41110020C1F8000BF8
:104E8000FFE70198009900EB41110020C1F8100BD9
:104E90000198009900EB41114FF67F30C1F8080BE3
:104EA000FFE7009801300090BEE70199D1F81008A3
:104EB00020F48070C1F810080399002088610399DC
:104EC0006FF0804048619DF8220030B9FFE70399F8
:104ED000886940F010008861FFE70399886943F60C
:104EE0000002C8F23C02104388619DF8260030B1F0
:104EF000FFE70399886940F008008861FFE79DF8A3
:104F00002A00012808D1FFE7039988690422C4F226
:104F1000000210438861FFE79DF80B000CB080BDD4
:104F200081B000900099886820F00100886000201E
:104F300001B070470000000086B004908DF80F109B
:104F40000292049801900498006C0090009843F23B
:104F50000B01C4F6547188420BD3FFE70198D0F8D7
:104F6000000BC00F20B1FFE700208DF817002EE0E6
:104F7000FFE701990020C1F8100B0199D1F8100B3F
:104F800040F40020C1F8100B0199D1F8100B40F04B
:104F90001800C1F8100B0199D1F8100B40F0C04077
:104FA000C1F8100B9DF80F0001280CD1FFE7029803
:104FB0000199C1F8140B0199D1F8000B40F0802041
:104FC000C1F8000BFFE700208DF81700FFE79DF800
:104FD000170006B07047000084B003900291039858
:104FE000019002980078009002984078012820D122
:104FF000FFE70198009900EB4111D1F8000920F476
:105000000010C1F8000902980079032805D0FFE7D5
:105010000298007902280BD1FFE70198009900EB74
:105020004111D1F8000940F08050C1F80009FFE7B4
:105030001FE00198009900EB4111D1F8000B20F41A
:105040000010C1F8000B02980079032805D0FFE793
:105050000298007902280BD1FFE70198009900EB34
:105060004111D1F8000B40F08050C1F8000BFFE770
:10507000FFE7002004B0704784B0039002910398CA
:10508000019002980078009002984078012822D17F
:10509000FFE70198009900EB4110D0F80009C00F1C
:1050A00070B9FFE7009858B1FFE70198009900EB4D
:1050B0004111D1F8000920F08040C1F80009FFE754
:1050C0000198009900EB4111D1F8000940F400105B
:1050D000C1F8000921E00198009900EB4110D0F8D7
:1050E000000BC00F70B9FFE7009858B1FFE70198B7
:1050F000009900EB4111D1F8000B20F08040C1F87D
:10510000000BFFE70198009900EB4111D1F8000B6B
:1051100040F40010C1F8000BFFE7002004B0704716
:1051200080B588B0079006918DF8172007980490F5
:1051300006980078039006984078012840F01C817A
:10514000FFE706980069F8B9FFE70498039900EBB8
:105150004111D1F810096FF3DC40C1F8100904982F
:10516000039900EB4111D1F8100940F40020C1F877
:1051700010090498039900EB4111D1F810096FF35D
:105180001200C1F8100969E00498039900EB41117D
:10519000D1F810096FF31200C1F8100904980399AF
:1051A00000EB4111D1F810096FF3DC40C1F8100990
:1051B0000398A8B9FFE7069881680069884204D976
:1051C000FFE7069988680861FFE70498039900EBF8
:1051D0004111D1F8100940F40020C1F8100915E080
:1051E00006988168006908440138B0FBF1F100209D
:1051F000C1F6F87000EAC1420498039900EB41112E
:10520000D1F810091043C1F81009FFE706980269A8
:105210006FF3DF420498039900EB4111D1F81009B4
:105220001043C1F8100906980079012815D1FFE74D
:105230000498039900EB4111D1F8100920F0C04007
:10524000C1F810090498039900EB4111D1F8100935
:1052500040F00050C1F81009FFE7FFE79DF8170084
:1052600001283BD1FFE70698C06948B1FFE70698DF
:10527000C0690499039A01EB4211C1F81409FFE7D0
:105280000698007901281ED1FFE70498D0F8080895
:10529000C00500280BD4FFE70498039900EB4111E7
:1052A000D1F8000940F00050C1F800090AE0049864
:1052B000039900EB4111D1F8000940F08050C1F88A
:1052C0000009FFE7FFE70498039900EB4111D1F8CB
:1052D000000940F00440C1F800094CE0049803992B
:1052E00000EB4111D1F8000940F00440C1F8000979
:1052F00006980079012813D0FFE70698006970B17D
:10530000FFE70698007800F00F01012000FA01F293
:105310000499D1F834081043C1F83408FFE729E0B4
:105320000498D0F80808C00500280BD4FFE70498BB
:10533000039900EB4111D1F8000940F00050C1F889
:1053400000090AE00498039900EB4111D1F8000923
:1053500040F08050C1F80009FFE70798069BD96824
:105360001A781B8A9DF817C0EE46CEF800C000F0F0
:105370006FFCFFE7FFE7C4E00498039900EB4111DD
:10538000D1F8100B6FF31200C1F8100B04980399B9
:1053900000EB4111D1F8100B6FF3DC40C1F8100B9A
:1053A000039818BBFFE70698006920B1FFE706994C
:1053B00088680861FFE70699886808620698026AAB
:1053C0006FF3DF420498039900EB4111D1F8100B01
:1053D0001043C1F8100B0498039900EB4111D1F868
:1053E000100B40F40020C1F8100B49E0069800694A
:1053F000C0B9FFE7069882686FF3DF42049803990B
:1054000000EB4111D1F8100B1043C1F8100B0498B8
:10541000039900EB4111D1F8100B40F40020C1F8C2
:10542000100B2CE006988168006908440138B0FB35
:10543000F1F0ADF80A0006998868BDF80A205043DB
:105440000862BDF80A100020C1F6F87000EAC142F7
:105450000498039900EB4111D1F8100B1043C1F8E7
:10546000100B0698026A6FF3DF420498039900EB71
:105470004111D1F8100B1043C1F8100BFFE7FFE703
:105480009DF8170001280ED1FFE70698C06848B1C3
:10549000FFE70698C0680499039A01EB4211C1F82E
:1054A000140BFFE7FFE70698007901281ED1FFE7FC
:1054B0000498D0F80808C00500280BD4FFE704982A
:1054C000039900EB4111D1F8000B40F00050C1F8F6
:1054D000000B0AE00498039900EB4111D1F8000B8E
:1054E00040F08050C1F8000BFFE7FFE704980399F4
:1054F00000EB4111D1F8000B40F00440C1F8000B63
:10550000FFE7002008B080BD85B004900391002023
:1055100002908DF8070004980090039840780128C5
:105520003ED1FFE700980399097800EB4110D0F8CD
:105530000009C00F98B3FFE700980399097800EBC2
:105540004111D1F8000940F00060C1F8000900984D
:105550000399097800EB4111D1F8000940F080402F
:10556000C1F80009FFE7029801300290029842F268
:105570001171884204D3FFE701208DF807000DE088
:10558000FFE700980399097800EB4110D0F8000973
:1055900000F00040B0F1004FE5D0FFE7FFE73DE04D
:1055A00000980399097800EB4110D0F8000BC00F68
:1055B00098B3FFE700980399097800EB4111D1F8FF
:1055C000000B40F00060C1F8000B009803990978C7
:1055D00000EB4111D1F8000B40F08040C1F8000B06
:1055E000FFE7029801300290029842F2117188425E
:1055F00004D3FFE701208DF807000DE0FFE70098D6
:105600000399097800EB4110D0F8000B00F000403E
:10561000B0F1004FE5D0FFE7FFE7FFE79DF8070097
:1056200005B070470000000081B0009000998868C4
:1056300040F001008860002001B0704700000000C9
:1056400083B0019000200090FFE7009801300090A7
:105650000098B0F1706F04D9FFE703208DF80B00BC
:1056600024E0FFE701980069C00F0028EDD0FFE7B4
:1056700000200090019910200861FFE70098013098
:1056800000900098B0F1706F04D9FFE703208DF807
:105690000B000BE0FFE70198006900F010001028F4
:1056A000ECD0FFE700208DF80B00FFE79DF80B0022
:1056B00003B070470000000084B002900191002008
:1056C0000090FFE70098013000900098B0F1706FF3
:1056D00004D9FFE703208DF80F0026E0FFE70298CA
:1056E0000069C00F0028EDD0FFE70020009001986E
:1056F0008001203002990861FFE700980130009096
:105700000098B0F1706F04D9FFE703208DF80F0007
:105710000BE0FFE70298006900F020002028ECD0A1
:10572000FFE700208DF80F00FFE79DF80F0004B0A1
:10573000704700000000000084B0039003980290BE
:105740000298D0F8080800F006000090009820B9F0
:10575000FFE700208DF8070010E00098022804D031
:10576000FFE70098062804D1FFE702208DF8070024
:1057700003E00F208DF80700FFE7FFE79DF8070023
:1057800004B070470000000081B0009000984069AC
:1057900000F0010001B0704782B0019000910098C4
:1057A0000199486602B0704783B002900298019058
:1057B0000198D0F8180800900198D0F81C180098AB
:1057C00008400090BDF8000003B0704700000000E2
:1057D00083B00290029801900198D0F818080090C8
:1057E0000198D0F81C18009808400090BDF80200FD
:1057F00003B070470000000086B005908DF81310CC
:10580000059803900398D0F8100801900398D0F8F9
:105810003408009000989DF8131001F00F01C84063
:1058200000F00101019840EAC110019003989DF831
:10583000131000EB4110D0F80809019908400290BC
:10584000029806B07047000084B003908DF80B10EA
:105850000398019001989DF80B1000EB4110D0F8CF
:10586000080B00900198D0F8141800980840009098
:10587000009804B07047000082B001900198406920
:10588000009001988169009808400090009802B04B
:10589000704700000000000089B008900791ADF843
:1058A0001A200898059007980490BDF81A008008FF
:1058B0000190BDF81A0000F00300ADF802000020CE
:1058C0000290FFE702980199884217D2FFE70598F6
:1058D0004FF48051405804990860049801300490B6
:1058E0000498013004900498013004900498013029
:1058F0000490FFE7029801300290E3E7BDF8020050
:1059000008B3FFE70020029005984FF480514058FB
:105910000390FFE703989DF80810C900C840049958
:105920000870029801300290049801300490BDF88C
:1059300002000138ADF80200FFE7BDF802000028C0
:10594000E8D1FFE7FFE7049809B0704700000000C6
:1059500080B586B004908DF80F1000200290049955
:10596000C86820F0C040C8609DF80F00012823D10E
:10597000FFE70499C86840F00050C860FFE70A20BC
:10598000EFF79EFB02980A300290FFE70498FFF7BA
:10599000FBFE014600200129019007D0FFE7029994
:1059A0000020C82938BF01200190FFE70198C007F7
:1059B0000028E4D1FFE72AE09DF80F0010BBFFE7C5
:1059C0000499C86840F08040C860FFE70A20EFF7FC
:1059D00077FB02980A300290FFE70498FFF7D4FEA5
:1059E00001460020009039B1FFE702990020C82944
:1059F00038BF01200090FFE70098C0070028E5D1DC
:105A0000FFE703E001208DF817000CE0FFE70298A4
:105A1000C82804D1FFE701208DF8170003E000201B
:105A20008DF81700FFE79DF8170006B080BD000055
:105A300083B002908DF80710029800900099D1F879
:105A4000000820F4FE60C1F800089DF8070000F08F
:105A50007F020099D1F8000840EA0210C1F800085E
:105A6000002003B07047000083B002908DF807104B
:105A7000029800909DF807200099D1F80008104383
:105A8000C1F80008002003B07047000000000000CB
:105A900084B0039002918DF807209DF8070002283A
:105AA00040F0B880FFE702984AF6C041C0F2D80142
:105AB00088420BD3FFE702984EF2BF11C0F2E40117
:105AC000884203D8FFE70F200090A2E002984EF230
:105AD000C011C0F2E40188420BD3FFE7029842F202
:105AE000FF31C0F2F401884203D8FFE70E20009096
:105AF0008EE0029842F20041C0F2F40188420BD3DA
:105B0000FFE7029847F27F31C0F20611884203D8BE
:105B1000FFE70D2000907AE0029847F28031C0F252
:105B2000061188420BD3FFE7029844F69F11C0F29A
:105B30001A11884203D8FFE70C20009066E0029813
:105B400044F6A011C0F21A1188420BD3FFE7029865
:105B500042F6FF41C0F23111884203D8FFE70B2023
:105B6000009052E0029842F60051C0F23111884292
:105B70000BD3FFE702984AF23F41C0F24C11884232
:105B800003D8FFE70A2000903EE002984AF2404125
:105B9000C0F24C1188420BD3FFE7029843F2FF5149
:105BA000C0F26E11884203D8FFE7092000902AE076
:105BB000029843F20061C0F26E1188420BD3FFE7F6
:105BC00002984AF61F31C0F2A611884203D8FFE7B7
:105BD0000820009016E002984AF62031C0F2A61183
:105BE00088420BD3FFE7029844F2FF71C0F2E8113C
:105BF000884203D8FFE70720009002E006200090CB
:105C0000FFE7FFE7FFE7FFE7FFE7FFE7FFE7FFE764
:105C1000FFE70AE09DF8070018B9FFE709200090A8
:105C200002E009200090FFE7FFE70399C86820F42D
:105C30007050C860009800F00F020399C86840EAED
:105C40008220C860002004B07047000000000000FF
:105C500080B588B084460A98CDF81CC006918DF8AE
:105C60001720ADF814308DF81300079803900698AC
:105C700002909DF8130048BBFFE7BDF81400033005
:105C80008008019000200090FFE700980199884269
:105C90001BD2FFE70298006803999DF8172001EBDB
:105CA00002314FF4805288500298013002900298DD
:105CB0000130029002980130029002980130029067
:105CC000FFE7009801300090DFE7FFE7002008B011
:105CD00080BD0000000000001EF0040F0CBFEFF3B9
:105CE0000880EFF30980ECF71BB80000000000000B
:105CF00080B507F0E5FC07F0A3FD80BD00000000C3
:105D000080B507F02DFD07F0BBFD07F0E1FD80BD7C
:105D100080B507F04DFD07F0C3FD80BD0000000019
:105D200080B507F0F5FC07F09BFD80BD000000008A
:105D300080B507F09DFC07F073FD80BD00000000FA
:105D400080B507F06DFC07F05BFD07F0B9FD80BD85
:105D500080B582B001900091009801994860019946
:105D6000002088600098800008F015F8019908600C
:105D70000198006800998900EAF710FB02B080BD25
:105D800082B001908DED000A01994FF07A50C86001
:105D900001990020C3F6A070086101994FF07E5070
:105DA0004861019988610098019908600199002073
:105DB000C4F27A40486002B0704700000000000062
:105DC00084B003908DED020A039890ED001A90EDD7
:105DD000050A20EE010A8DED010A039890ED011AE3
:105DE00090ED030A90ED052A22EE011AA1EE020AB7
:105DF0008DED000A9DED000A039890ED041A90EDD8
:105E0000062A20EE020AA0EE021A80EE010A80EDB8
:105E1000020A9DED010A03989DED022A90ED021AF7
:105E200090ED063AA3EE402AA1EE020A80ED000AA8
:105E3000039890ED021A90ED062ABFEE000AA1EE3B
:105E4000020A9DED001A20EE410A80ED010A04B01D
:105E5000704700000000000083B002908DED010A41
:105E6000CDED000A029890ED000A9DED011AB4EE06
:105E7000410AF1EE10FA04DAFFE70198029908608E
:105E80000FE0029890ED000A9DED001AB4EE410A71
:105E9000F1EE10FA04DDFFE7009802990860FFE7D1
:105EA000FFE703B07047000082B00190ADF8021028
:105EB000ADF8002001980088BDF80210884205DA8C
:105EC000FFE7BDF80200019908800CE00198008806
:105ED000BDF80010884205DDFFE7BDF8000001991C
:105EE0000880FFE7FFE702B07047000000000000F5
:105EF00086B005908DF81310059845F28801C2F21E
:105F0000004188425BD1FFE79DF81300013801464C
:105F100002910A2852D80299DFE801F0060C131A00
:105F200021272E353C42490040F2A810C2F2004021
:105F3000039043E040F2A810C2F200400230039008
:105F40003CE040F2A810C2F200400430039035E07B
:105F500040F2A810C2F20040063003902EE040F25A
:105F6000A010C2F20040039028E040F2A010C2F25C
:105F700000400230039021E040F2A010C2F2004045
:105F8000043003901AE040F2A010C2F20040063044
:105F9000039013E040F2B010C2F2004003900DE015
:105FA00040F2B010C2F200400230039006E040F22E
:105FB000B010C2F2004004300390FFE7C7E005983C
:105FC00045F22811C2F2004188425BD1FFE79DF8FB
:105FD00013000138014601910A2852D80199DFE8DF
:105FE00001F0060C131A21272E353C42490040F2DD
:105FF000F810C2F20040039043E040F2F810C2F201
:106000000040023003903CE040F2F810C2F2004041
:106010000430039035E040F2F810C2F20040063040
:1060200003902EE040F2F010C2F20040039028E00E
:1060300040F2F010C2F200400230039021E040F242
:10604000F010C2F20040043003901AE040F2F01069
:10605000C2F200400630039013E040F20020C2F28A
:10606000004003900DE040F20020C2F200400230F8
:10607000039006E040F20020C2F20040043003909A
:10608000FFE763E0059845F2C811C2F2004188427B
:106090005BD1FFE79DF813000138014600910A2803
:1060A00052D80099DFE801F0060C131A21272E358B
:1060B0003C42490040F24820C2F20040039043E0D5
:1060C00040F24820C2F20040023003903CE040F22F
:1060D0004820C2F200400430039035E040F24820EE
:1060E000C2F20040063003902EE040F24020C2F29F
:1060F0000040039028E040F24020C2F2004002300D
:10610000039021E040F24020C2F2004004300390AE
:106110001AE040F24020C2F200400630039013E043
:1061200040F25020C2F2004003900DE040F25020B7
:10613000C2F200400230039006E040F25020C2F26A
:10614000004004300390FFE7FFE7FFE7FFE7039815
:1061500006B070470000000087B08DED060ACDED57
:10616000050A8DED041A039002919DED060A9DED3E
:10617000052A30EE420A9DED041A31EE421A80EEF5
:10618000010A8DED010A9DED011A02990398091A81
:1061900000EE101AB8EEC02A00EE100AB8EEC00ADF
:1061A000A1EE020ABDEEC00A8DED000A009807B00C
:1061B000704700000000000083B0029001918DF84C
:1061C0000320FFE70198411E019198B1FFE79DF878
:1061D000030002994A1C0292097848408DF8020097
:1061E0009DF802104EF64010C0F60100405C8DF89C
:1061F0000300E7E79DF8030003B0704700000000CC
:1062000080B584B00390ADF80A10039942F2806023
:10621000C2F20040019000F6D85000F021FF019832
:1062200002F0FAFC04B080BD84B002900191ADF898
:106230000220029828B9FFE74FF6FF70ADF80E0074
:1062400021E0FFE70198411E0191B8B1FFE70298F4
:10625000411C029100788DF80100BDF802109DF8F4
:1062600001004840C2B24EF24070C0F6010030F862
:10627000120080EA1120ADF80200E3E7BDF8020049
:10628000ADF80E00FFE7BDF80E0004B07047000047
:1062900080B582B001900091019942F28060C2F213
:1062A000004000F6F46001F02BFC02B080BD00005D
:1062B00083B002900191ADF8022003B07047000056
:1062C00080B582B00190ADF80210019942F2806071
:1062D000C2F2004000F6F46001F022FC02B080BD82
:1062E00080B545F62050C2F20040016801310160DE
:1062F0000068B0F5FA6F07D9FFE745F63061C2F2E2
:10630000004101200870FFE742F28060C2F20040C5
:1063100002F09AFD45F26820C2F20040F0F7FCFB63
:1063200045F63060C2F200400078C007002851D026
:10633000FFE742F28060C2F2004002F00DFDF9F783
:1063400017FDFAF7D1F942F23460C2F20040016859
:106350000131016042F23C62C2F200421168013137
:10636000116042F23862C2F20042116801311160DC
:10637000006805280FD1FFE740F2C020C2F20040BC
:10638000FAF7A2FAFAF790FA42F23461C2F2004147
:1063900000200860FFE742F23C60C2F20040006863
:1063A000642807D1FFE742F23C61C2F200410020BD
:1063B0000860FFE742F23860C2F2004000684428FB
:1063C00007D1FFE742F23861C2F2004100200860C5
:1063D000FFE7FFE780BD000080B584B00290019127
:1063E00000208DF80300029820B1FFE701980228F1
:1063F00003D8FFE70020039014E0029801990139C7
:10640000FF22FFF7D9FE8DF803009DF80300029AE2
:106410000199114411F8011C401AB0FA80F04009AA
:106420000390FFE7039804B080BD00000000000067
:1064300084B0039002910398019002980090019813
:10644000407800990870019800780099487004B06D
:10645000704700000000000080B586B004900391F2
:106460000020ADF80A00049820B1FFE70398022845
:1064700003D8FFE70020059026E00498039902392D
:106480004FF6FF72FFF7D0FEADF80A009DF80A1034
:10649000049A0398104410F8022C002091420190B5
:1064A0000DD1FFE79DF80B00049A0399114411F8F0
:1064B000011C401AB0FA80F040090190FFE70198F2
:1064C00000F001000590FFE7059806B080BD0000D0
:1064D00082B0EFF3108072B6019042F22861C2F2EE
:1064E0000041087800F001008DF8030000200870DA
:1064F00062B69DF80300C00740B1FFE745F6305192
:10650000C2F20041086801300860FFE79DF803000F
:1065100000F0010002B0704782B0EFF3108072B655
:10652000019042F22961C2F20041087800F00100B6
:106530008DF803000020087062B69DF80300C007C4
:1065400040B1FFE745F64051C2F200410868013012
:106550000860FFE79DF8030000F0010002B07047FB
:1065600082B0EFF3108072B6019042F22A61C2F25B
:106570000041087800F001008DF803000020087049
:1065800062B69DF80300C00740B1FFE745F64851E9
:10659000C2F20041086801300860FFE79DF803007F
:1065A00000F0010002B0704780B582B00190ADF8F4
:1065B00002100199BDF8022042F28060C2F2004050
:1065C00003F0CAFB02B080BD82B0EFF3108072B658
:1065D000019042F22B61C2F20041087800F0010004
:1065E0008DF803000020087062B69DF80300C00714
:1065F00040B1FFE745F63851C2F20041086801306A
:106600000860FFE79DF8030000F0010002B070474A
:1066100080B588B040F2BC20C2F20040006800287B
:1066200059D0FFE740F26030C2F200400068002815
:1066300051D0FFE740F2BC20C2F20040006801F0F8
:1066400043FA002847D1FFE740F26030C2F2004031
:106650000490006803F068FB014604980439B1FA1D
:1066600081F149098DF81F10006803F085FBB0FA2D
:1066700080F040098DF81E009DF81F100020C9070A
:10668000059021B1FFE79DF81E000590FFE70598F2
:1066900000F001008DF81D009DF81D00C007C8B175
:1066A000FFE742F21560C2F200400078C00788B9E7
:1066B000FFE740F25D30C2F200400078C00748B109
:1066C000FFE740F25C30C2F200400078C00708B13A
:1066D000FFE7FFE7FFE740F2BC20C2F2004001689D
:1066E0000020039061B1FFE740F2BC20C2F20040FD
:1066F000006801F0E9F9B0FA80F040090390FFE783
:10670000039800F0010042F21561C2F200410870E6
:1067100042F21C60C2F200400078C00740B9FFE7B7
:1067200040F25E30C2F200400078C00738B1FFE7A7
:1067300042F24061C2F200410020088011E042F2C2
:106740004060C2F200400088B0F5967F08DAFFE7AB
:1067500042F24061C2F20041088801300880FFE740
:10676000FFE742F24060C2F2004001880020B1F52C
:10677000967F0146A8BF01218DF81C1040F25D31C3
:10678000C2F200410978C9070290B1B3FFE740F2B5
:106790005C30C2F2004001780020C907029061B36A
:1067A000FFE744F2D270C2F20040017800200129D4
:1067B000029022D1FFE742F21C60C2F20040017851
:1067C0000020C9070290C1B9FFE740F25E30C2F273
:1067D000004001780020C907029071B9FFE744F238
:1067E000CC70C2F20040016800200329029004DC52
:1067F000FFE79DF81C000290FFE7029800F00100FF
:106800008DF81B009DF81B0000F0010042F274613E
:10681000C2F20041086040F2BC20C2F200400068B1
:1068200098B3FFE740F2BC20C2F20040019000683C
:106830009DF81B1001F0010101F092F90198006828
:1068400001F09AF9002818BF01208DF81A009DF870
:106850001A00C00778B1FFE742F24260C2F200407E
:106860000078C00738B9FFE740F25E31C2F200415C
:1068700001200870FFE79DF81A0000F0010042F2C5
:106880004261C2F200410870FFE740F25E30C2F29E
:1068900000400078C00740B3FFE742F21460C2F244
:1068A00000400078C00700BBFFE742F22060C2F260
:1068B000004001680131016042F20862C2F2004208
:1068C000116801311160006805280DD3FFE742F21D
:1068D0003061C2F200410120087040F25E31C2F224
:1068E000004100200870FFE7FFE740F25E30C2F28F
:1068F0000040007800F0010042F21461C2F2004151
:10690000087008B080BD000080B582B00190019889
:106910000068A0F2012001460091042838D80099AF
:10692000DFE801F003101D362A00019800F128016C
:1069300042F28060C2F2004041F63422104404F07A
:10694000CFFE25E0019800F1280142F28060C2F2FA
:10695000004041F65832104404F0C2FE18E001989D
:1069600000F1280142F28060C2F2004041F67C4210
:10697000104404F0B5FE0BE0019800F1280142F24A
:106980008060C2F2004000F5ED5005F0D5F9FFE758
:1069900002B080BD0000000080B582B00190019877
:1069A0000068009040F2012188420CD0FFE7009877
:1069B00040F20221884213D0FFE7009840F2032101
:1069C00088421AD026E0019800F1280142F2806046
:1069D000C2F2004041F2AC62104404F0E9FB19E05D
:1069E000019800F1280142F28060C2F2004041F2B9
:1069F0007C42104404F0DCFB0CE0019800F128011B
:106A000042F28060C2F2004041F29452104404F01D
:106A1000CFFBFFE702B080BD80B582B00190019846
:106A20000068B0F5837F09D1FFE742F28060C2F2CF
:106A3000004000F6F46001F057F8FFE702B080BDB7
:106A400081B08DED000A9DED000AB0EEC00A01B0E4
:106A5000704700000000000082B08DED010A9DED3E
:106A6000010AB5EE400AF1EE10FA05DDFFE79DEDF3
:106A7000010A8DED000A06E09DED010AB1EE400A23
:106A80008DED000AFFE79DED000A02B0704700009F
:106A90004EF61450CEF200000068C0F3004070477C
:106AA0004EF61450CEF200000068C0F3004070476C
:106AB00010B50446012898BF012400BF204607F006
:106AC0006AF9002818BF10BD06F018FD08B180470C
:106AD000F4E7002010BD000080B588B0039002915B
:106AE000FFF7DEFF30B1FFE7039818B1FFE7029828
:106AF00008B9FFE734E0039820F01F0001900398E5
:106B0000029908441F3020F01F000090019900985E
:106B1000401A079106900698012820DBFFE70698A7
:106B2000079901F01F010844059007980490BFF3EE
:106B30004F8FFFE704984EF66871CEF200010860AF
:106B40000498203004900598203805900598002876
:106B5000F0DCFFE7BFF34F8FBFF36F8FFFE7FFE777
:106B600008B080BD0000000085B08DED040ACDEDB9
:106B7000030A8DED021ACDED011A9DED040A9DED7B
:106B8000031A30EE410A9FED131A80EE010A9DEDC3
:106B9000021A20EE010A8DED000A9DED000AB5EE05
:106BA000400AF1EE10FA03DAFFE700200090FFE759
:106BB0009DED000A9DED011AB4EE410AF1EE10FAC6
:106BC00003DDFFE701980090FFE79DED000A05B0A7
:106BD000704700BF0000B443F0B581B00C460546D5
:106BE000012898BF0125042998BF0424002768467E
:106BF00021462A460097E9F7D8FD009878B96E46F5
:106C000006F07CFC50B18047304621462A4600976A
:106C1000E9F7CBFD00980028F2D000E0002001B099
:106C2000F0BD00000000000080B588B00390029124
:106C3000FFF72EFF30B1FFE7039818B1FFE7029886
:106C400008B9FFE734E0039820F01F000190039893
:106C5000029908441F3020F01F000090019900980D
:106C6000401A079106900698012820DBFFE7069856
:106C7000079901F01F010844059007980490BFF39D
:106C80004F8FFFE704984EF65C71CEF2000108606A
:106C90000498203004900598203805900598002825
:106CA000F0DCFFE7BFF34F8FBFF36F8FFFE7FFE726
:106CB00008B080BD0000000081B00090009890ED09
:106CC000190A01B07047000081B00090009890ED63
:106CD0001A0A01B07047000087B0069005918DF840
:106CE00013208DF812309DF81200014603910128FF
:106CF00008D0FFE70398022820D0FFE70398032875
:106D000038D053E09DF8130001460291012808D0C5
:106D1000FFE70298022808D0FFE70298032808D06E
:106D20000BE005990020087007E005990420087021
:106D300003E0059901200870FFE737E09DF8130094
:106D400001460191012808D0FFE70198022808D0E8
:106D5000FFE70198032808D00BE00599022008708E
:106D600007E005990620087003E0059905200870E2
:106D7000FFE71BE09DF8130001460091012808D0B1
:106D8000FFE70098022808D0FFE70098032808D002
:106D90000BE005990220087007E0059904200870AF
:106DA00003E0059903200870FFE7FFE707B070478D
:106DB00010B59EB0079026980590259801902498CC
:106DC00002902398039022980690DDF884C02098C2
:106DD000CDF860C017901693159214910DF16600CE
:106DE00014A912220492E9F7C0FADDF804C0029B4C
:106DF0000399049ADDF814E00698CDF838E0CDF850
:106E000034C00C930B910A900DF13E000AA9E9F7EA
:106E1000ACFA0798099009980890DDF866006FF3BE
:106E2000DF20DDF83E106FF3DF21884230D1FFE72D
:106E3000DDF86600C0F3CA20DDF83E10C1F3CA21B8
:106E4000884225D1FFE7BDF86A10DDF86600800DA5
:106E500040EA81206FF3DF20BDF84220DDF83E10CC
:106E6000890D41EA82216FF3DF21884210D1FFE7CB
:106E7000BDF86A00C0F34A00BDF84210C1F34A01F0
:106E8000884205D1FFE70899002081F8610004E0FD
:106E90000899012081F86100FFE71EB010BD0000D5
:106EA00081B00090009890F8740001B07047000025
:106EB0002DE9F043A7B02690269811900168D1F8EB
:106EC0008430D1F88820D1F88CC0D1F890E0C0F897
:106ED0001CE0C0F818C04261024642F8103F099217
:106EE000B1F89410018401688431259125990968CD
:106EF0006FF3DF2100EE101AB8EEC00A90ED022AFF
:106F000090ED031A30EE420A80EE010A80ED190A74
:106F100025990968C1F3CA2100EE101AB8EEC00A1B
:106F200090ED022A90ED031A30EE420A80EE010A3B
:106F300080ED1A0A25998A880968890D41EA82211B
:106F40006FF3DF2100EE101AB8EEC00A90ED022AAE
:106F500090ED031A30EE420A80EE010A80ED1B0A22
:106F600025998988C1F34A0100EE101AB8EEC00ACB
:106F700090ED022A90ED031A30EE420A80EE010AEB
:106F800080ED1C0A00F17401259A9288920B00F1A1
:106F900022030893C38C9B0BFFF79EFE119800F110
:106FA0007501259A9288C38CC3F30133C2F3013271
:106FB000FFF792FE08991198259A128A6FF3DF2243
:106FC00000EE102AB8EEC00A90ED022A90ED031AE6
:106FD00030EE420A80EE010A80ED260A0DF18200B1
:106FE0000A9012220C92E9F7C0F909990C9A1CA890
:106FF0000B90E9F7BAF90A990C9A17A8E9F7B5F9CD
:107000000B990C9A17980E9018980F901998109049
:107010001A980D901B9C12A8E9F7A7F9DDF834C067
:107020000E990F9A109B1198129D139E149FDDF8D4
:107030005480DDF85890EE46CEF81890CEF81480C3
:10704000CEF81070CEF80C60CEF80850CEF80440A0
:10705000CEF800C0FFF7ACFE27B0BDE8F08300001B
:1070600080B584B00390029103980190C16C013106
:10707000C164FFF71DFF019901F122000968843105
:107080001222E9F772F904B080BD00000000000090
:1070900082B0019001990091C86C096D884210D1AD
:1070A000FFE70099486D896D88420AD1FFE7009992
:1070B000002081F86000B1F85C000130A1F85C00AC
:1070C00004E00099012081F86000FFE70099C86C96
:1070D0000865486D8865012081F8600002B070473E
:1070E00084B0039002910192039800900298006886
:1070F00041F20001C4F20101884207D1FFE7009983
:1071000040F2F070C2F20040086054E0029800685B
:1071100044F20041C4F20001884207D1FFE7009920
:1071200040F60010C2F20040086043E00298006898
:1071300044F60001C4F20001884207D1FFE700993C
:1071400040F61020C2F20040086032E00298006869
:1071500044F60041C4F20001884207D1FFE70099DC
:1071600040F62030C2F20040086021E0029800683A
:1071700045F20001C4F20001884207D1FFE70099FF
:1071800040F63040C2F20040086010E0029800680B
:1071900041F20041C4F20101884207D1FFE70099A2
:1071A00040F64050C2F200400860FFE7FFE7FFE70B
:1071B000FFE7FFE7FFE70198006841F20001C4F232
:1071C0000101884207D1FFE7009940F2F070C2F256
:1071D0000040486054E00198006844F20041C4F265
:1071E0000001884207D1FFE7009940F60010C2F283
:1071F0000040486043E00198006844F60001C4F292
:107200000001884207D1FFE7009940F61020C2F242
:107210000040486032E00198006844F60041C4F242
:107220000001884207D1FFE7009940F62030C2F202
:107230000040486021E00198006845F20001C4F276
:107240000001884207D1FFE7009940F63040C2F2C2
:107250000040486010E00198006841F20041C4F22B
:107260000101884207D1FFE7009940F64050C2F281
:1072700000404860FFE7FFE7FFE7FFE7FFE7FFE7C2
:1072800004B070470000000081B0009000984FF0FB
:10729000894181600021C4F22541C1600021C1649F
:1072A000016541658165A0F85C10A0F85E1080F86A
:1072B000601080F8611001B070470000000000000D
:1072C00081B0009000984FF4B671018040F2946153
:1072D00041804FF0894141600021C4F22541816025
:1072E0000021818101B0704780B584B003908DED9D
:1072F000020A03980190D0ED020A02A89FED050A48
:10730000FEF7AAFD01980299C16000F01DF804B0D3
:1073100080BD00BF0000000080B584B003900291E2
:107320008DF807208DED000A0399029808609DF8FA
:10733000070008710098886002989DF80710F4F71C
:1073400033FE04B080BD000087B00690069804901C
:1073500090ED021A90ED030AB0EE002A81EE021AB7
:1073600030EE410A80EE011A9FED322A9FED320A7B
:10737000A1EE020ABDEEC00A10EE101AADF816100A
:10738000007940B9FFE70498BDF81610006800685E
:1073900040F8341F4BE004980079042809D1FFE736
:1073A0000498BDF816100068006840F8381F039074
:1073B0003BE004980079082809D1FFE70498BDF85C
:1073C00016100068006840F83C1F02902AE00498FC
:1073D00000790C2809D1FFE70498BDF81610006861
:1073E000006840F8401F019019E0049800791028C7
:1073F00009D1FFE70498BDF816100068006840F84E
:10740000581F009008E00498BDF816100068006846
:1074100040F85C1F0090FFE700980190FFE701989B
:107420000290FFE702980390FFE70398FFE707B099
:10743000704700BF0000C842000016430000000073
:1074400081B0009000980021C16001B07047000039
:1074500081B000900098002101614161816101B01B
:10746000704700000000000081B00090009890F884
:107470003C0800F0010001B070470000000000006F
:1074800081B00090009800F6240090ED000A01B051
:10749000704700000000000083B002908DED010AEB
:1074A000029800909DED010A00F5006090ED001A31
:1074B000B4EE410AF1EE10FA05DAFFE70098D0F8D1
:1074C00000080190FFE700989DED010A00F6040016
:1074D00090ED001AB4EE410AF1EE10FA05DDFFE777
:1074E0000098D0F804080190FFE700990198C1F8CE
:1074F000240803B07047000080B584B0039003985F
:107500000190D0F8C80348B9FFE70199002081F83D
:107510002808A1F82A08C1F82C084EE00198D0F8F4
:10752000C80300F00DFB0146019880F82818D0F838
:10753000C80300F00DFB01460198A0F82A18B0F925
:107540002A1800EE101AB8EEC00A00F5036191ED9A
:10755000001A20EE010A8DED020A9DED020A00F6E6
:10756000340090ED001AB4EE410AF1EE10FA05DD98
:10757000FFE70198D0F83408029019E001989DEDDA
:10758000020A00F6340090ED001AB1EE411AB4EE92
:10759000410AF1EE10FA0ADAFFE7019800F634002A
:1075A00090ED000AB1EE400A8DED020AFFE7FFE719
:1075B00001990298C1F82C08FFE704B080BD0000D3
:1075C00082B001908DED000A01990098C1F8400841
:1075D00002B070470000000082B001908DF80310E7
:1075E00001999DF8030081F8200802B0704700005F
:1075F00080B584B003900398009000F2DC600190A5
:1076000003F0BAFD009800F58561D1ED000A00F69F
:10761000080191ED001A00F60C00D0ED001AFFF7FA
:10762000A3FA01988DED020A9DED020A03F0D0FD48
:107630009DED020A04B080BD80B584B0039003982C
:10764000029040F20040C5F6020001904FF4006144
:10765000EFF7C2F9014601980139B1FA81F1490900
:1076600040F24C32C2F2004211604FF48061EFF7F9
:10767000B3F9014602980139B1FA81F1490940F2A2
:107680004832C2F200421160FFF736FF44F2D47074
:10769000C2F200400068012806D1FFE7029800F519
:1076A000737004F075FEFFE7029800F0A5F80298E9
:1076B00000F2DC6003F0B0FD04B080BD000000000B
:1076C00080B58CB00B900B99019101F57370C1F8E6
:1076D000201406210022089205F05AFC019808990E
:1076E00000F2DC600A9040F28C02C2F2004292ED9D
:1076F000000A40F23C32C2F20042D2ED000A40F2EF
:107700003832C2F2004292ED001ADFED352ADFED89
:10771000354ACDED064A9FED345A8DED075AF0EE0D
:10772000451AB0EE622AB0EE453AF0EE453AB0EEB8
:10773000454A05F025FE01990A9801F22C7109913C
:1077400040F29401C2F2004191ED000A8DED020A6F
:1077500040F29001C2F2004191ED000A8DED030A62
:1077600040F24031C2F2004191ED000A8DED040A71
:1077700003F00AFD01460A9800EE101AB8EE400A1E
:107780008DED050A03F000FD9DED020ADDED030A13
:107790009DED041A9DED052ADDED064A9DED075A83
:1077A00008990246099803EE102AF8EE432AF0EEF3
:1077B000451AB0EE453AF0EE453AB0EE454A05F0CE
:1077C000DFFD0A9845F22811C2F20041012202238E
:1077D0009FED060ADFED060A03F0CAFD0CB080BD7E
:1077E000D2537B416F12833A000000000000104228
:1077F00000401C460000000080B588B00790079844
:107800000390FFF7F5FE03988DED060A0021C4F200
:107810000231059190F83C08C00738B3FFE745F600
:107820002850C2F200400068012805D1FFE7039804
:107830000221FFF7D1FE18E045F62850C2F20040C1
:10784000006888B9FFE7039890F83C08C00728B1A2
:10785000FFE703980121FFF7BFFE04E0039803212F
:10786000FFF7BAFEFFE7FFE7FFE7FFE7039890F8AF
:10787000200838B9FFE745F62C51C2F2004100203C
:10788000086073E0039890F82008012801D1FFE711
:107890006BE0039890F82008022865D1FFE745F6D1
:1078A0002C51C2F200410020086040F25E30C2F26A
:1078B00000400078C00768B1FFE7039800F2DC6081
:1078C0000290022103F09CFC02989FED2A0A03F02B
:1078D0008BFC4BE0039800F6380191ED000A00F6AE
:1078E0002C0191ED001A20EE010A8DED040A90F8AA
:1078F0003C08C00758B3FFE79DED060AB1EE041A35
:10790000B4EE410AF1EE10FA0BDCFFE79DED040A3C
:10791000B5EE400AF1EE10FA03DAFFE7002004901A
:10792000FFE79DED060A9FED121AB4EE410AF1EE53
:1079300010FA0BDBFFE79DED040AB5EE400AF1EE0D
:1079400010FA03DDFFE700200490FFE7FFE703984C
:1079500000F2DC600190022103F052FC01989DEDE1
:10796000040A03F041FCFFE7FFE7FFE708B080BD32
:10797000000002430000000080B582B00190019831
:10798000009005F03DFB009800F5737004F0A4FD35
:10799000009800F22C4005F083FA009800F2AC4009
:1079A00003F05AFD009800F2C45003F055FD009812
:1079B00000F2DC6003F050FD00980021C4F2C82101
:1079C000C0F8F8170021C4F28C21C0F8FC17002180
:1079D000C0F800180022C4F20C22C0F804280022CB
:1079E000C4F2A002C0F808280022C4F2AF32C0F8E6
:1079F0000C280022CCF2C812C0F818280022CCF2C1
:107A00002012C0F81C2880F82018C0F8241880F82C
:107A10002818A0F82A18C0F82C184DF20A72C3F6DC
:107A20002342C0F830280022C4F27022C0F8342863
:107A30004FF07E52C0F8382880F83C18C0F8401843
:107A400002B080BD0000000084B003908DF80B10E0
:107A5000039800909DF80B00022831D1FFE70098B1
:107A600000694068B0F5837F29D1FFE70099086974
:107A70002C3001900198007881F88C0001984278B0
:107A8000807840EA0220A1F88E000198007981F800
:107A9000900091F88C0042F26C62C2F200421060D9
:107AA00091F8900042F27062C2F20042106091F8C8
:107AB0008C0081F83300B1F88E008884FFE7FFE77F
:107AC00004B070470000000081B00090009890F86A
:107AD000200001B07047000081B00090009890F83D
:107AE000340001B07047000080B582B00190019869
:107AF0008169013181610221FFF7A6FF02B080BDDB
:107B000080B582B001900091019881690131816155
:107B10000021FFF799FF02B080BD000000000000C7
:107B200080B582B001900091019881690131816135
:107B30000121FFF789FF02B080BD000000000000B6
:107B400081B00090009890F88C0001B07047000060
:107B500081B000900098B0F98E0001B0704700002D
:107B600082B001908DF8031001999DF8030081F80F
:107B7000970002B07047000081B00090009890F824
:107B8000900001B07047000080B582B0019001986C
:107B900000F03AF802B080BD82B0019001990091E6
:107BA0008869C969884205D1FFE70099002081F8FA
:107BB000200004E00099012081F82000FFE70099EF
:107BC0008869C86102B0704780B585B08C4686462A
:107BD00008980799CDF810E0CDF80CC002920193F7
:107BE0008DF803108DF802000499039888600298BC
:107BF000C860019808619DF8030008759DF80200AF
:107C0000487505B080BD000080B584B0039003982E
:107C1000019040F25D30C2F2004001780020C907B7
:107C2000029039B1FFE740F25C30C2F200400078C8
:107C30000290FFE70198029901F0010180F8941089
:107C4000002180F8951080F89610406890B1FFE709
:107C50000198406802F068F80146019880F8951094
:107C6000406802F089F80199B0FA80F0400981F883
:107C70009600FFE7019890F88C2040F29821C2F21C
:107C800000410A7090F88F204A70B0F88E208A70F8
:107C900090F89420CA7090F895204A7190F8962038
:107CA0008A7190F89700C87104B080BD0000000090
:107CB00081B00090009800218161C16180F820109E
:107CC0004CF6CD42C4F21C12C2670022C4F2E0128C
:107CD000C0F8802080F88C10A0F88E1080F89010EA
:107CE00080F89110A0F8921080F8941080F8951008
:107CF00080F8961080F8971001B0704700000000DF
:107D000082B001908DF8031001999DF8030081F86D
:107D1000090802B07047000081B00090009800F59B
:107D2000FF6090ED000ABDEEC00A10EE100A01B02F
:107D3000704700000000000081B00090009800F241
:107D4000F47090ED000ABDEEC00A10EE100A01B00A
:107D5000704700000000000080B58AB009908DF8DF
:107D60002310099803909DF82300C007C8B1FFE7CE
:107D7000039800F0B9F9039800F6040080ED000ABA
:107D800042F22461C2F200410020086042F20C611C
:107D9000C2F20041087042F2A451C2F200410860F0
:107DA000FFE70398FFF7C8FF0146039800EE101A9B
:107DB000B8EEC00A00F2FC7181ED000AFFF7ACFFDB
:107DC0000146039800EE101AB8EEC00A00F50060F4
:107DD00080ED000A42F20C60C2F200400078C00759
:107DE00038BBFFE7039800F2FC7090ED000A9FEDAE
:107DF000B51AB4EE410AF1EE10FA1ADBFFE7039967
:107E000042F20C62C2F200420120107042F2A4520F
:107E1000C2F2004200201060D1F8FC1742F2186252
:107E2000C2F20042116042F22461C2F200410860D5
:107E3000FFE742F20C60C2F200400078C00708B9C8
:107E4000FFE73DE142F2A450C2F200400068800822
:107E50004A2808D8FFE742F2A451C2F2004108685C
:107E6000013008602CE1039800F5006090ED000AF5
:107E700042F21860C2F2004090ED001A30EE410A62
:107E80008DED070A9DED070A05F00AFB9FED8E1A9E
:107E9000B4EE410AF1EE10FA17DDFFE79DED070A97
:107EA0008AA0011DB5EE400AF1EE10FAC8BF0846DF
:107EB00090ED001A42F21860C2F2004090ED000A04
:107EC00030EE010A80ED000A08E00398D0F80008BF
:107ED00042F21861C2F200410860FFE7039842F2E3
:107EE0001861C2F2004191ED000A00F2FC7090EDC1
:107EF000001A30EE410A8DED060A9DED060A05F0E6
:107F0000CFFA9FED741AB4EE410AF1EE10FA03DADB
:107F1000FFE700200690FFE7039800F6040090EDCD
:107F2000000A9FED6D1AB4EE410AF1EE10FA0ADC78
:107F3000FFE79DED060A0120B5EE400AF1EE10FACA
:107F400002901DDCFFE7039800F6040090ED000AA4
:107F500000209FED621AB4EE410AF1EE10FA019092
:107F60000BDBFFE79DED060A0020B5EE400AF1EEBF
:107F700010FAB8BF01200190FFE701980290FFE7D7
:107F8000029800F001008DF817009DF81700C00757
:107F9000D0BBFFE79DED061A42F22460C2F200401A
:107FA00090ED000A30EE010A80ED000A90ED000A23
:107FB0009FED4B1AB4EE410AF1EE10FA0ADDFFE72D
:107FC00042F22461C2F2004146F20000C4F2EA70BB
:107FD000086018E042F22460C2F2004090ED000A0E
:107FE0009FED401AB4EE410AF1EE10FA0ADAFFE70B
:107FF00042F22461C2F2004146F20000CCF2EA7083
:108000000860FFE7FFE7FFE7039840F25801C2F27C
:10801000004191ED001A9DED062A40F2B821C2F20E
:10802000004191ED000A42F22461C2F2004191ED5B
:10803000003A20EE030AA1EE020A8DED040A9DED3E
:10804000041A00F6040090ED000A30EE410A80EDBB
:10805000000A90ED000A9FED211AB4EE410AF1EEFC
:1080600010FA08DDFFE703994EF24810C3F67A7064
:10807000C1F80408FFE7039800F6040090ED000A39
:108080009FED151AB4EE410AF1EE10FA08DAFFE797
:1080900003994CF6CD40C3F64C50C1F80408FFE7F5
:1080A000039800F507700090032103F041FB03994A
:1080B000009801F6040191ED000A03F0F9FAFFE7D8
:1080C0000AB080BD00A813476666E63F6666E6BF55
:1080D0006666E63FCDCC4C3ECDCC4C3D48E17A3F88
:1080E0000060EA470060EAC781B00090009800F5A0
:1080F000F66090ED000A01B070470000000000003B
:1081000082B001908DED000A01990098C1F8B00786
:1081100002B070470000000082B001908DED000AAF
:1081200001990098C1F8AC0702B070470000000048
:1081300081B00090009890F8080801B070470000E6
:1081400082B001908DF8031001999DF8030081F829
:10815000080802B07047000081B00090009800F558
:10816000016090ED000ABDEEC00A10EE100A01B0E9
:10817000704700000000000081B00090009800F6F9
:108180000C0090ED000ABDEEC00A10EE100A01B01E
:10819000704700000000000082B001908DED000AE1
:1081A00001990098C1F8100802B070470000000063
:1081B00082B001908DED000A01990098C1F80C0879
:1081C00002B070470000000080B588B007900798A3
:1081D000069040F20040C5F602000821EEF7FCFBD5
:1081E0000138B0FA80F0400940F25031C2F200414B
:1081F000086040F60040C5F602008021EEF7ECFB77
:108200000138B0FA80F0400940F25431C2F2004126
:1082100008600020C5F602002021EEF7DDFB0138E2
:10822000B0FA80F0400940F24431C2F200410860E7
:1082300041F20000C5F602004FF40041EEF7CCFB1E
:108240000138B0FA80F0400940F25831C2F20041E2
:108250000860FEF7DDF944F2D270C2F20040007807
:10826000012816D1FFE7069800F5FE7002F094FC95
:10827000069800F2F47181ED000AC83004F0E4FBC6
:10828000069800F5A67004F05BFA069801F0C8FEA7
:108290003EE0069800F5077001900121009103F07F
:1082A00047FA0099069800F55070029003F040FAE2
:1082B0000099069800F26440039003F039FA06989A
:1082C00000F5B1600590032103F046FD01989FED94
:1082D0001D0A8DED040A03F0F7F902989DED040ADA
:1082E00003F0F2F903989DED040A03F0EDF9059807
:1082F000069901F2B47191ED000A03F0C5FD0598ED
:1083000003F0FEFC069800F2BC7080ED000AFFE767
:10831000069800F08DFA069800F5077003F014FA3D
:10832000069800F5507003F00FFA069800F26440CA
:1083300003F00AFA069800F5B16003F019FD08B0E1
:1083400080BD00BF0000000080B5AEB02D902D981C
:108350002B904065062101910022299204F018FE1D
:108360000199299A2B9B03F16C00C3F8C03004F0EB
:108370000FFE0199299A2B9B03F1C800C3F81C3109
:1083800004F006FE0199299A2B9B03F5A670C3F809
:10839000A03104F0FDFD299A2B9800F5DE700290C3
:1083A00045F63001C2F2004103919FEDFE0A8DEDCA
:1083B000080AFEF7B1FF02982B9901F2CC7191EDFA
:1083C000000AFEF791FF03999DED080A2B9800F52E
:1083D000E670049008220792FEF79EFF04982B99FE
:1083E00001F2D471099191ED000AFEF77DFF9DED38
:1083F000080A299A2B9800F5EE70059045F2E47171
:10840000C2F200410691FEF787FF0598099991EDA8
:10841000010AFEF769FF0699079A9DED080A2B9855
:1084200000F5F6700A90FEF777FF09990A9891ED2A
:10843000020AFEF759FF29992B9800F507720E9250
:1084400000F5087040F26402C2F2004292ED000AA8
:1084500040F22832C2F20042D2ED000A9FEDE92A32
:108460008DED202ADFEDE82ADFEDE84ACDED274A41
:108470009FEDE75A8DED285AB0EE451AF0EE451AF9
:10848000B0EE453AF0EE453AB0EE454A04F078FFDA
:108490000E982B9901F51C710D9140F26C01C2F2FE
:1084A000004191ED000A8DED0B0A40F26801C2F225
:1084B000004191ED000A8DED0C0A03F0F1F89DEDFD
:1084C0000B0ADDED0C0ADDED274A9DED285A2999AE
:1084D00002460D9801EE102AF8EE412A9FEDCD2AB2
:1084E000B0EE451AF0EE451AB0EE453AF0EE453AD8
:1084F000B0EE454A04F044FF0E9845F28801C2F2FE
:1085000000411E91012202232C939FEDC30ADFED4F
:10851000C30ACDED1D0A03F0C7F99DED202ADDED5C
:10852000274A9DED285A29992B9800F550721392ED
:1085300000F5517040F27002C2F20042149292EDC6
:10854000000A40F22C32C2F200421592D2ED000A2B
:10855000DFEDB32ACDED212AB0EE451AF0EE451A33
:10856000B0EE453AF0EE453AB0EE454A04F008FF69
:1085700013982B9901F56571129140F26001C2F2D6
:10858000004191ED000A8DED0F0A40F25C01C2F24C
:10859000004191ED000A8DED100A03F081F80146CB
:1085A000139800EE101AB8EEC00AB6EE001A8DED60
:1085B000161A20EE010A8DED110A03F071F89DEDF7
:1085C0000F0ADDED100A9DED112ADDED274A9DED24
:1085D000285A29990246129801EE102AF8EE412AEB
:1085E000B0EE451AF0EE451AB0EE453AF0EE453AD7
:1085F000B0EE454A04F0C4FE1398DDED1D0A1E9945
:108600002C9BB7EE000A8DED1C0A1A4603F04CF9BC
:10861000149B159A9DED202ADDED212ADDED274AD8
:108620009DED285A29992B9800F2644CCDF86CC026
:1086300000F58D6093ED000AD2ED000AB0EE451A08
:10864000F0EE451AB0EE453AF0EE453AB0EE454A46
:1086500004F096FE1B982B9901F597611A9140F250
:108660007801C2F2004191ED000A8DED170A40F247
:108670007401C2F2004191ED000A8DED180A03F079
:108680000FF89DED161A01461B9800EE101AB8EE71
:10869000C00A20EE010A8DED190A03F001F89DEDE4
:1086A000170ADDED180A9DED192ADDED274A9DED2B
:1086B000285A299902461A9801EE102AF8EE412A02
:1086C000B0EE451AF0EE451AB0EE453AF0EE453AF6
:1086D000B0EE454A04F054FE1B989DED1C0ADDEDFA
:1086E0001D0A1E992C9B03221F9203F0DDF81E9990
:1086F0001F9B299A2B9800F5B1602290EC46CCF88C
:10870000002005229FED470A03F09AFC9DED202AE8
:10871000DDED212A2298DDED274A9DED285A299981
:1087200040F28002C2F2004292ED000A40F2303282
:10873000C2F20042D2ED000A40F27C02C2F20042D4
:1087400092ED001AF0EE451AB0EE453AF0EE453AD9
:10875000B0EE454A04F014FE22982B9901F5BB6156
:108760002A9140F28801C2F2004191ED000A8DED9C
:10877000230A40F28401C2F2004191ED000A8DED1E
:10878000240A40F23431C2F2004191ED000A8DED2D
:10879000250A03F0ADFA0146229800EE101A00F007
:1087A00003B800BF00008743B8EEC00A9FED1E1A51
:1087B00020EE010A8DED260A03F09AFA9DED230AB8
:1087C000DDED240A9DED251A9DED262ADDED274AD3
:1087D0009DED285A299902462A9803EE102AF8EEB0
:1087E000432AF0EE451AB0EE453AF0EE453AB0EEC7
:1087F000454A04F0C5FD2B982C99FFF781FA2EB05D
:1088000080BD00BFD2537B411A34CC436F12833AF0
:10881000000000000000FA4491ED5E410000804637
:10882000959EEB43920A0642CDCC4C3F00000000DF
:1088300082B00190019890F808080146009120B19B
:10884000FFE70098012801D001E000E0FFE702B057
:10885000704700000000000080B586B004900498C6
:108860000190059002F074F901986C3001F078FBEA
:108870000198C83004F0F0FA019800F5A67004F0F1
:1088800077F8019800F5DE70FEF7DAFD019901F541
:10889000E67001F5FE7102910390FFE703980090E6
:1088A000FEF7CEFD0098029A00F1100108469142B1
:1088B0000390F3D1FFE7019800F5FE70012102F06B
:1088C0006BFB019800F5077003F062F8019800F562
:1088D000507003F05DF8019800F2644003F058F81E
:1088E000019800F5B16003F02FFC019943F2333099
:1088F000C3F67370C1F8A4074FF07C50C1F8A80705
:108900000020C1F8AC07C1F8B0074CF6A962C3F665
:108910008372C1F8B42748F21F52C3F66B72C1F8D4
:10892000B827C1F8BC0749F69A12C3F65972C1F8C4
:10893000C027C1F8C407C1F8C8070022C4F27A32C0
:10894000C1F8CC270022C4F2F022C1F8D0270022BF
:10895000C4F2E622C1F8D427C1F8D827C1F8DC2731
:108960000022C4F28C22C1F8E027C1F8E427C1F844
:10897000E8270022C4F25C32C1F8EC270022C4F2DE
:108980009012C1F8F027C1F8F4074EF20002C4F2C9
:108990002B72C1F8F827C1F8FC07C1F80008D1F81C
:1089A000A827C1F8042881F8080881F80908C1F847
:1089B0000C08C1F81008059806B080BD0000000042
:1089C00080B58AB009900998049000F6D850FEF757
:1089D00073F9FEF741F8049842F2F001084490ED73
:1089E000001AB4EE410AF1EE10FA08DDFFE7049830
:1089F00000F6D850FEF760F98DED030A04E09FED14
:108A00005F0A8DED030AFFE704989DED030A8DEDE3
:108A1000060A00F6D850FEF757F9FEF71DF804983D
:108A200042F2F001084490ED001AB4EE410AF1EE72
:108A300010FA08DDFFE7049800F6D850FEF744F975
:108A40008DED020A04E09FED4D0A8DED020AFFE76D
:108A500004989DED020A8DED050A00F57D60FEF794
:108A60000FFD04988DED080A9DED061A42F20411DF
:108A7000014491ED002A9DED080AA1EE420A8DED18
:108A8000080A9DED051A42F20811084490ED002AEB
:108A90009DED070AA1EE420A8DED070A9DED080A39
:108AA000B2EE041AB4EE410AF1EE10FA05DDFFE76A
:108AB0000020C4F2201008900FE09DED080ABAEEE5
:108AC000041AB4EE410AF1EE10FA05DAFFE70020CD
:108AD000CCF220100890FFE7FFE79DED070AB5EE06
:108AE000400AF1EE10FA03DDFFE700200790FFE7F0
:108AF0009DED070ABBEE091AB4EE410AF1EE10FA39
:108B000005DAFFE70020CCF2C8100790FFE70498D1
:108B100000F6D850FEF7C4F9062807D1FFE70498FD
:108B200000F57D600221FEF757FD25E0049800F670
:108B3000D850FEF7B5F903280ED1FFE7049800F5E9
:108B40007D6001909DED080AFEF7A6FC01989DED61
:108B5000070AFEF735FD0EE0049800F6D850FEF740
:108B60009FF938B9FFE7049800F57D600321FEF70F
:108B700033FDFFE7FFE7FFE70AB080BD000000001C
:108B800080B588B007900798029041F61801084414
:108B90000190FFF7F1FA0146019800EE101AB8EEC5
:108BA000C00A8DED060AFFF7D7FA0146029800EEDB
:108BB000101AB8EEC00A8DED050A00F6D850FEF77F
:108BC0006FF9049004980390C0B1FFE7039803285D
:108BD00004D0FFE7039806280FD017E0029841F66B
:108BE0001801084400909DED050AFFF7D5FA00989A
:108BF0009DED060AFFF7DCFA08E007E0029841F66F
:108C0000180108440221FFF79BFAFFE708B080BD76
:108C100081B0009001B0704780B582B0019001989A
:108C20000090FFF7F5FF0098FFF7CAFE0098FFF7E6
:108C3000A7FF02B080BD000080B590B00AA90791DF
:108C40000F900F98009000210E910D91ADF8321009
:108C5000ADF83010ADF82E100A9100F6F4600290D5
:108C6000FEF732FF0146009842F2E002815400F51F
:108C70000C70019003F0DCFA0198079981ED040A69
:108C800003F0E2FA0198079981ED030A03F0ACFAC8
:108C90000198079981ED000A03F0E2FA0146029873
:108CA0008DF82710FEF718FF014607988DF826105B
:108CB00090ED040AF9EE000ACDED050AB1EE001AB6
:108CC0008DED061A4FF63E60CFF6FF7004904FF41C
:108CD000E1710391FDF740FA0399079ADDED050A6A
:108CE0009DED061A03460498ADF8323040F2582C38
:108CF000C2F2004CCDF820C0BDF83230ACF80030E4
:108D000092ED030AFDF728FADDED050A9DED061A3E
:108D1000089A01460798ADF83010BDF83010518020
:108D200090ED000A6FF0C700C821FDF715FA089909
:108D30004042ADF82E00BDF82E0088809DF8260038
:108D400088719DF8272044F2CA70C2F20040027078
:108D50000078C87110B080BD80B584B003900398CE
:108D6000019042F25060C2F2004000780146029148
:108D7000032851D80299DFE801F00217414842F276
:108D80004C60C2F20040016801310160006841F2AC
:108D90008831884207D3FFE742F25061C2F20041B6
:108DA00001200870FFE737E0019844F2D472C2F264
:108DB00000420121116044F2D272C2F200421170ED
:108DC00000F57D60FEF750FBB8B1FFE740F25D3083
:108DD000C2F200400078C00778B1FFE740F25C3093
:108DE000C2F200400078C00738B1FFE742F250619C
:108DF000C2F2004102200870FFE70DE042F250612C
:108E0000C2F200410320087006E045F62851C2F284
:108E1000004101200860FFE7019800F57D60FEF742
:108E20000BFC019841F618010844FFF7CDF90198B1
:108E300000F6F460FEF7A8FE0198FFF7FDFE04B00F
:108E400080BD00000000000080B582B00190019854
:108E5000009042F25260C2F200400178013101708C
:108E60000078322855D1FFE742F25160C2F200404B
:108E700001780131017000784AF6AA22C2F6AA22CE
:108E80004AF6AB21CAF6AA2100FB0120B0F1553FFA
:108E90000FD2FFE7009800F0D3F8009800F6D85002
:108EA000FEF7F6F842F25161C2F20041002008706C
:108EB000FFE7009841F27C41084402F02DFA009847
:108EC00041F29451084402F027FA009841F2AC6153
:108ED000084402F021FA009841F63421084402F0D7
:108EE000B7FC009841F65831084402F0B1FC0098F4
:108EF00041F67C41084402F0ABFC009800F6F460B7
:108F0000FEF74AFE42F25261C2F2004100200870B0
:108F1000FFE702B080BD000080B58CB00B908DEDF6
:108F20000A0A0B98089000F50C700290B1EE000A46
:108F30008DED030A03F064F902989DED030A03F036
:108F40006BF9089942F22C00084441650521002282
:108F5000099204F01DF8089800F6D85045F6D02183
:108F6000C2F2004145F61412C2F200420492FEF72A
:108F7000B7F8049908980A9A42F2F003C250A52261
:108F800000F002FF089800F57D600790FEF798FB5F
:108F9000079A089800F6F4610691C2F8C81341F6E2
:108FA000180108440590FFF7CFF9059A069808992B
:108FB000C2F8B80140F2BC22C2F20042106040F296
:108FC0006032C2F2004211606A46012151605A21AA
:108FD000116040F2C021C2F2004140F66072C2F25C
:108FE000004240F26023C2F20043FEF7EDFD079A13
:108FF00008980999C0F8F42EC0F8F80E00F61C5035
:109000009FED0C0AF7EE002ADFED0B4A9FED0B5A9D
:10901000F0EE450AB0EE451AF0EE451AB0EE622ABF
:10902000B0EE453AF0EE453AB0EE454A04F0A8F904
:109030000CB080BD8FC2F53C6F12833A0000000077
:1090400082B001900199009142F23410085842F226
:1090500038128958884206D1FFE7009942F23C1243
:109060000020885405E0009942F23C120120885407
:10907000FFE7009942F23410085842F23812885043
:1090800002B070470000000080B582B001900198E6
:10909000009000F00DFF009800F50C7003F0E8F868
:1090A000009800F6D850FEF7EFF8009800F67460CC
:1090B000FEF706F9009800F6F460FEF7F9FD009857
:1090C00000F57D60FEF758FC009841F61801084451
:1090D000FFF7C2FB009842F22C01084403F044F968
:1090E000009842F28401084403F0F6FE009842F230
:1090F000DC020021815442F2DD02815442F2DE02A0
:10910000815442F2DF02815442F2E002815442F281
:10911000E102815442F2E402815042F2E8028154B9
:1091200040F26022C2F2004242F2EC03C25042F22C
:10913000F4034FF08042C25042F2F8034FF4C87279
:10914000C25242F2FC0341F26F22C3F68322C250A4
:109150004FF404534DF20A72C3F62342C25042F256
:10916000041345F2EE12C3F6B872C25042F208136D
:1091700043F67152C3F60A72C25042F20C1346F61D
:109180006322C3F61A42C25042F21013C25042F296
:10919000141343F23332C4F26732C25042F218134E
:1091A00043F23332C4F26722C25042F21C1349F632
:1091B000A632C3F64432C25042F22013C25042F2E9
:1091C0002412815242F22612815242F2341281500C
:1091D00042F23812815042F23C12815442F23D1266
:1091E000815442F23E130122C25442F23F12815492
:1091F0004FF40552815442F24112815442F242121C
:109200000221815402B080BD80B5C0B03F903F982C
:10921000259042F27862C2F200420021118000687B
:10922000B0F8040142F27A61C2F200410880FFE71F
:1092300042F27860C2F20040008842F27A61C2F2E3
:1092400000410988884280F26B85FFE72598016814
:10925000249142F27861C2F20041098800F06CFD6D
:1092600001462498084490F88400A52840F04F85D2
:10927000FFE7259801681A9142F27861C2F2004135
:109280001E910988063189B200F056FD1A9A1E997E
:10929000034625981A4492F8843044F2C872C2F208
:1092A00000422192138012881C9202681B92098846
:1092B000053189B200F040FD1B9ADDF870C01E999F
:1092C000219B86462598724492F8842042EA0C221B
:1092D0001A8002681D920988023189B200F02CFDC3
:1092E0001D9A1E99034625981A4492F8843044F238
:1092F000D072C2F200422292138012882092026839
:109300001F920988013189B200F016FD1F99209A39
:1093100003462298194491F8841041EA0221018001
:1093200000218022FCF7C0FD21980088ADF8FA00EA
:10933000052004F01AFB014622983D91008809306F
:1093400001462391B0F1FF3F02DCFFE704F066F92C
:10935000239804F00AFB3C9000203B90FFE73B98E9
:1093600004281ADCFFE725980168199142F2786118
:10937000C2F2004109883B9A114489B200F0DCFC3A
:1093800001461998084490F884003D993B9A885406
:10939000FFE73B9801303B90E1E73D980521FDF761
:1093A0001BF8012840F0A284FFE700203A90FFE775
:1093B0003A9844F2D071C2F20041098809318842DA
:1093C0001ADAFFE725980168189142F27861C2F233
:1093D000004109883A9A114489B200F0ADFC014677
:1093E0001898084490F884003C993A9A8854FFE70A
:1093F0003A9801303A90DBE73C9844F2D071C2F2DF
:10940000004109880931FDF727F8012840F06D84F3
:10941000FFE7BDF8FA000146179101287DD0FFE76C
:109420001798022800F0AA80FFE71798032800F099
:10943000D780FFE71798B0F5817F00F00381FFE741
:109440001798B0F5827F00F02F81FFE7179840F260
:109450000511884200F05A81FFE7179840F2012178
:10946000884200F08581FFE7179840F20221884288
:1094700000F0B081FFE7179840F20321884200F026
:10948000DB81FFE71798B0F5017F00F00782FFE767
:10949000179840F20521884200F03282FFE71798C2
:1094A00040F20621884200F05D82FFE7179840F203
:1094B0000721884200F08882FFE71798B0F5027F05
:1094C00000F0B482FFE7179840F20921884200F0CB
:1094D000DF82FFE7179840F20A21884200F00A83F2
:1094E000FFE7179840F20D21884200F03583FFE72F
:1094F000179840F20E21884200F06083FFE717982A
:1095000040F20131884200F08B83FFE7179840F268
:109510000331884200F0B683E6E300203990FFE78C
:10952000399844F2D071C2F2004109880231884270
:109530001CDAFFE725980168169142F27861C2F2C1
:1095400000410988399A1144073189B200F0F4FBCF
:10955000259902461698104490F88400399A1144CF
:109560004875FFE7399801303990D9E742F27861C0
:10957000C2F20041088814300880B5E3002038901A
:10958000FFE7389844F2D071C2F2004109880231F5
:1095900088421DDAFFE725980168159142F278614B
:1095A000C2F200410988389A1144073189B200F0AB
:1095B000C3FB259902461598104490F88400389A08
:1095C000114481F82200FFE7389801303890D8E73D
:1095D00042F27861C2F2004108880A30088083E3D1
:1095E00000203790FFE7379844F2D071C2F2004173
:1095F0000988023188421DDAFFE725980168149135
:1096000042F27861C2F200410988379A1144073169
:1096100089B200F091FB259902461498104490F805
:109620008400379A114481F82500FFE7379801300C
:109630003790D8E742F27861C2F2004108882930B9
:10964000088051E300203690FFE7369844F2D0714D
:10965000C2F200410988023188421DDAFFE72598ED
:109660000168139142F27861C2F200410988369A8A
:109670001144073189B200F05FFB25990246139827
:10968000104490F88400369A114481F84D00FFE7A9
:10969000369801303690D8E742F27861C2F2004144
:1096A00008880D3008801FE300203590FFE73598CB
:1096B00044F2D071C2F200410988023188421DDAB9
:1096C000FFE725980168129142F27861C2F20041E9
:1096D0000988359A1144073189B200F02DFB25998C
:1096E00002461298104490F88400359A114481F88B
:1096F0005300FFE7359801303590D8E742F27861A2
:10970000C2F2004108880C300880EDE2002034905D
:10971000FFE7349844F2D071C2F200410988023167
:1097200088421DDAFFE725980168119142F27861BD
:10973000C2F200410988349A1144073189B200F01D
:10974000FBFA259902461198104490F88400349A47
:10975000114481F85800FFE7349801303490D8E77D
:1097600042F27861C2F2004108880C300880BBE206
:1097700000203390FFE7339844F2D071C2F20041E9
:109780000988023188421DDAFFE7259801681091A7
:1097900042F27861C2F200410988339A11440731DC
:1097A00089B200F0C9FA259902461098104490F841
:1097B0008400339A114481F85D00FFE7339801304B
:1097C0003390D8E742F27861C2F20041088816303F
:1097D000088089E200203290FFE7329844F2D0718D
:1097E000C2F200410988023188421DDAFFE725985C
:1097F00001680F9142F27861C2F200410988329A01
:109800001144073189B200F097FA259902460F9862
:10981000104490F88400329A114481F86C00FFE7FC
:10982000329801303290D8E742F27861C2F20041BA
:1098300008881930088057E200203190FFE73198FE
:1098400044F2D071C2F200410988023188421DDA27
:10985000FFE7259801680E9142F27861C2F200415B
:109860000988319A1144073189B200F065FA2599C7
:1098700002460E98104490F88400319A114481F801
:109880007E00FFE7319801303190D8E742F27861ED
:10989000C2F2004108881530088025E2002030908F
:1098A000FFE7309844F2D071C2F2004109880231DA
:1098B00088421DDAFFE7259801680D9142F2786130
:1098C000C2F200410988309A1144073189B200F090
:1098D00033FA259902460D98104490F88400309A86
:1098E000114481F88C00FFE7309801303090D8E7C0
:1098F00042F27861C2F20041088810300880F3E13A
:1099000000202F90FFE72F9844F2D071C2F200415F
:109910000988023188421DDAFFE7259801680C9119
:1099200042F27861C2F2004109882F9A114407314E
:1099300089B200F001FA259902460C98104490F87B
:1099400084002F9A114481F89500FFE72F98013089
:109950002F90D8E742F27861C2F2004108880B30BC
:109960000880C1E100202E90FFE72E9844F2D071CC
:10997000C2F200410988023188421DDAFFE72598CA
:1099800001680B9142F27861C2F2004109882E9A77
:109990001144073189B200F0CFF9259902460B989E
:1099A000104490F884002E9A114481F89900FFE742
:1099B0002E9801302E90D8E742F27861C2F2004131
:1099C00008880A3008808FE100202D90FFE72D984D
:1099D00044F2D071C2F200410988023188421DDA96
:1099E000FFE7259801680A9142F27861C2F20041CE
:1099F00009882D9A1144073189B200F09DF9259903
:109A000002460A98104490F884002D9A114481F877
:109A10009C00FFE72D9801302D90D8E742F2786145
:109A2000C2F200410888103008805DE100202C90CF
:109A3000FFE72C9844F2D071C2F20041098802314C
:109A400088421DDAFFE725980168099142F27861A2
:109A5000C2F2004109882C9A1144073189B200F002
:109A60006BF9259902460998104490F884002C9AC5
:109A7000114481F8A500FFE72C9801302C90D8E71D
:109A800042F27861C2F2004108880F3008802BE171
:109A900000202B90FFE72B9844F2D071C2F20041D6
:109AA0000988023188421DDAFFE72598016808918C
:109AB00042F27861C2F2004109882B9A11440731C1
:109AC00089B200F039F9259902460898104490F8B7
:109AD00084002B9A114481F8AD00FFE72B980130E8
:109AE0002B90D8E742F27861C2F2004108880D302D
:109AF0000880F9E000202A90FFE72A9844F2D0710C
:109B0000C2F200410988023188421DDAFFE7259838
:109B10000168079142F27861C2F2004109882A9AED
:109B20001144073189B200F007F9259902460798D8
:109B3000104490F884002A9A114481F8BE00FFE78F
:109B40002A9801302A90D8E742F27861C2F20041A7
:109B500008880F300880C7E000202990FFE7299887
:109B600044F2D071C2F200410988023188421DDA04
:109B7000FFE725980168069142F27861C2F2004140
:109B80000988299A1144073189B200F0D5F825993E
:109B900002460698104490F88400299A114481F8EE
:109BA000B300FFE7299801302990D8E742F27861A5
:109BB000C2F2004108880F30088095E0002028900C
:109BC000FFE7289844F2D071C2F2004109880231BF
:109BD00088421DDAFFE725980168059142F2786115
:109BE000C2F200410988289A1144073189B200F075
:109BF000A3F8259902460598104490F88400289A05
:109C0000114481F8BB00FFE7289801302890D8E77D
:109C100042F27861C2F2004108880A30088063E0AD
:109C200000202790FFE7279844F2D071C2F200414C
:109C30000988023188421DDAFFE7259801680491FE
:109C400042F27861C2F200410988279A1144073133
:109C500089B200F071F8259902460498104490F8F2
:109C60008400279A114481F8C600FFE72798013045
:109C70002790D8E742F27861C2F200410888273085
:109C8000088031E000202690FFE7269844F2D0714A
:109C9000C2F200410988023188421DDAFFE72598A7
:109CA0000168039142F27861C2F200410988269A64
:109CB0001144073189B200F03FF825990246039814
:109CC000104490F88400269A114481F80B02FFE7B3
:109CD000269801302690D8E742F27861C2F200411E
:109CE000088815300880FFE7FFE7FFE73C980290FF
:109CF00020B1FFE7029803F02AFCFFE73D980190AE
:109D000020B1FFE7019803F022FCFFE7FFE742F2F2
:109D10007861C2F20041088801300880FFF788BAF4
:109D200040B080BD0000000081B000900098407DF0
:109D3000000901B07047000082B00190ADF8021038
:109D40000198BDF802200068B0F80411B2FBF1F0F0
:109D500000FB112002B0704780B584B003900291DF
:109D6000ADF806200398C1680131C160FFF74CFAD5
:109D700004B080BD0000000081B00090009890F811
:109D8000BE0001B07047000084B0039002918DF8CE
:109D90000720039800900298006841F20001C4F285
:109DA0000101884207D1FFE7009940F2F070C2F24A
:109DB0000040086076E00298006844F20041C4F276
:109DC0000001884207D1FFE7009940F60010C2F277
:109DD0000040086065E00298006844F60001C4F2A3
:109DE0000001884207D1FFE7009940F61020C2F237
:109DF0000040086054E00298006844F60041C4F254
:109E00000001884207D1FFE7009940F62030C2F2F6
:109E10000040086043E00298006845F20001C4F287
:109E20000001884207D1FFE7009940F63040C2F2B6
:109E30000040086032E00298006841F20041C4F23C
:109E40000101884207D1FFE7009940F64050C2F275
:109E50000040086021E00298006847F60001C4F263
:109E60000001884207D1FFE7009940F65060C2F236
:109E70000040086010E00298006841F60041C4F21A
:109E80000101884207D1FFE7009940F2E060C2F289
:109E900000400860FFE7FFE7FFE7FFE7FFE7FFE7B6
:109EA000FFE7FFE700999DF80700087104B07047CD
:109EB00080B582B001900198009000214171052287
:109EC00082710222C2710272C16001610175E630C5
:109ED00003F032F80098EE3003F00EF8009800F22C
:109EE000031003F011F8009800F2271003F014F8A3
:109EF000009800F5BC7003F017F8009800F5EC70BE
:109F000003F022F8009800F2192001F055F80098AB
:109F100000F2232002F034FA009802B080BD000065
:109F200081B00090009844F20001C4F29C6181610C
:109F300000210162416280F8351080F836104164DA
:109F400001B070470000000081B00090009800212F
:109F5000017141718160C16001B070470000000073
:109F600080B582B001900198009003F041F800980C
:109F7000002180F8581002B080BD000000000000F1
:109F800081B0009000984FF07E5101600021416047
:109F90000022C4F27A428260C1600161416101B075
:109FA000704700000000000081B0009000984FF062
:109FB0007E5101604FF07F5181600021C4F2342155
:109FC000C1600021C4F2F011416181614CF686014B
:109FD000C3F23661C1614FF06751016248F241310D
:109FE000C3F6F631416246F26661C3F6A67181623C
:109FF0004CF28F21C3F67541C162002101634CF61A
:10A00000CD42C4F21812426380F840100022C4F21C
:10A01000C822C0F89020C0F8941001B0704700002A
:10A0200080B5A8B016A9139127902798149090F89E
:10A03000511000EBC10251680131516004218DF8CB
:10A040009B104FF49671ADF898100021CCF2A0311E
:10A0500025910021C4F2B93124910021CCF2A01144
:10A06000239149F6A631C3F6C431229141F26F2102
:10A07000C3F68321219141F26F21C3F60331209170
:10A080004FF44871ADF87E1040F2DC51ADF87C1011
:10A090004FF4FA71ADF87A100021C4F2C8211D9175
:10A0A0009621ADF87210406DFEF742F8012842D0BB
:10A0B000FFE7149842F21C62C2F2004200211170C4
:10A0C000416D01F5DE7001F2CC7191ED000AFDF7F2
:10A0D0000BF91498406D00F5B160032101F03CFECE
:10A0E0001498416D01F5B16001F2B47191ED000A6F
:10A0F00001F0CAFE1498406D00F5B16001F000FE59
:10A100001498416D01F2BC7181ED000A406D02218D
:10A11000FDF7F6FD149890F8510028B1FFE7149868
:10A12000002102F019FFFFE7149991F8510081F81E
:10A13000580000F0FFBC00208DF8710044F2CC7094
:10A14000C2F200400068012809DBFFE744F2CC704E
:10A15000C2F20040006801388DF87100FFE79DF8F9
:10A160007100042804DBFFE703208DF87100FFE78E
:10A17000149813999DF8713040F22802C2F20042FF
:10A1800002EB830292ED000A9FEDD31A30EE410AF2
:10A1900081ED050A9DF8713040F21802C2F20042CA
:10A1A00002EB830292ED000A30EE410A81ED040ACF
:10A1B00090F85900C00748B1FFE71498406D00F2CD
:10A1C000B47090ED000A8DED120A05E0139890ED41
:10A1D000040A8DED120AFFE7149813999DED120AF7
:10A1E00081ED030A90F8510001461191052800F213
:10A1F00096841199DFE811F0060073004A014C02C1
:10A20000E3034C041498416D01F5DE7001F2CC714A
:10A2100091ED000AFDF768F81498406D0221FDF7F2
:10A220006FFD149890F8511000EBC10040680128B0
:10A2300020D1FFE714990020109081F85A0081F88E
:10A240005B0081F85C0081F85D00012281F85E20EE
:10A2500081F8640042F25361C2F20041087042F298
:10A260005461C2F20041088045F63261C2F20041F9
:10A270000880FFE744F2CC70C2F200400068042876
:10A2800002DBFFE700F050BC42F21C60C2F200406B
:10A290000078C00708BBFFE742F20860C2F2004046
:10A2A000006842F22C61C2F200410968884214D968
:10A2B000FFE7149842F20861C2F20041096842F2D5
:10A2C0002C62C2F20042116042F21C62C2F20042F1
:10A2D0000121117002F040FEFFE700F025BC149848
:10A2E00090F8511000EBC1004068012818D1FFE739
:10A2F000FCF712F91498416D01F5DE7001F2CC7192
:10A3000091ED000AFCF7F0FF42F25361C2F2004106
:10A310000020087042F25461C2F200410880FFE759
:10A320001498406D00F5507002210F9101F000FA71
:10A330000F991498406D00F2644001F0F9F91498F7
:10A34000406D00F50770032101F0F2F942F253600D
:10A35000C2F200400078002859D1FFE71498406D00
:10A3600000F550709FED5D0A8DED0E0A01F0D4F9F5
:10A370009DED0E0A1498406D00F2644001F0CCF996
:10A380001498406D00F5077040F27411C2F200415C
:10A3900091ED000A01F08CF940F25030C2F2004019
:10A3A0000068012804D0FFE7FCF7B6F870B3FFE7B8
:10A3B0001498406D00F550709FED490A8DED0D0A1F
:10A3C00001F0AAF99DED0D0A1498406D00F2644069
:10A3D00001F0A2F91498416D01F5DE7001F5FA6102
:10A3E00091ED000AFCF780FF149890F8511000EBF3
:10A3F000C100406842F25461C2F20041088042F25A
:10A400005361C2F2004101200870FFE73DE014985B
:10A41000406D00F550709FED320A8DED0C0A01F091
:10A420007BF99DED0C0A1498406D00F2644001F038
:10A4300073F91498416D01F5DE7001F5FA6191ED43
:10A44000000AFCF751FF149890F8511000EBC1007E
:10A45000406842F25461C2F200410988401AB0F5E6
:10A46000967F11D9FFE7149890F85900C00728B1DA
:10A47000FFE71498032102F06FFD04E01498022115
:10A4800002F06AFDFFE7FFE7FFE74DE31498416D37
:10A4900001F5DE7001F5FA6191ED000AFCF724FF89
:10A4A0001498406D00F50770032101F041F91498EC
:10A4B000406D00F5077040F27411C2F2004191ED59
:10A4C000000A01F0F5F8149890F8511000EBC10063
:10A4D000406801281CD10BE035FA0E3C0000A0C3F7
:10A4E000000000006F12833A6F12033B0000B94373
:10A4F0001498406D0121FDF703FC14991B984A6DD7
:10A50000C2F8BC07002081F86400A1F86600FFE7EC
:10A510001498406D00F5B160032101F01DFC149802
:10A52000416D01F5B16001F2BC7191ED000A01F0DD
:10A53000F7FB149890F8640020BBFFE71498406D77
:10A5400000F5B16001F0CCFB1498406D00F2BC70D6
:10A5500090ED001A30EE410A02F0A2FF1FED1F1A23
:10A56000B4EE410AF1EE10FA0CDAFFE7149991F813
:10A57000510001EBC0004068A1F86600012081F89D
:10A580006400FFE7149890F86400012829D1FFE7E0
:10A59000149991F8510001EBC0004068B1F86610C1
:10A5A000401AB0F5487F1CD9FFE71498416D9DF81B
:10A5B000712001EB021000F5E67001EB820101F55C
:10A5C000FC6191ED000AFCF78FFE149991F851009F
:10A5D00001EBC0004068A1F86600022081F8640029
:10A5E000FFE7149890F86400022850D1FFE714990F
:10A5F00091F8510001EBC0004068B1F86610401AB4
:10A6000040F2DD51884242D3FFE700208DF863001D
:10A61000FFE79DF86300022817DCFFE71498416DFF
:10A620009DF8632001EB021000F5E67001EB82015A
:10A6300001F2D47191ED000AFCF756FEFFE79DF898
:10A64000630001308DF86300E3E7149844F2CC71A5
:10A65000C2F20041096845F62452C2F2004211607C
:10A6600045F65452C2F2004211680131116042F2C3
:10A670001062C2F20042116801311160406D022186
:10A68000FDF73EFB1498032102F066FCFFE74BE266
:10A690001498416D01F5DE7001F5FA6191ED000A43
:10A6A000FCF722FE149890F8511000EBC1004068AE
:10A6B000012819D1FFE7FBF753FF1499002081F817
:10A6C0005A0081F85B0081F85C0081F85D0001228E
:10A6D00081F85E2045F63262C2F20042108019987D
:10A6E000496DC1F8BC07FFE71498406D00F5B160F3
:10A6F000032101F031FB1498416D01F5B16001F2C5
:10A70000BC7191ED000A01F00BFB1498406D00F54F
:10A71000B16001F0E5FA1498406D00F2BC7090ED64
:10A72000001A30EE410A02F0BBFE1FED911AB4EEA2
:10A73000410AF1EE10FA05DAFFE71499012081F8D9
:10A740005A00FFE71498406D00F5507002210B91FC
:10A7500000F0EEFF0B991498406D00F2644000F099
:10A76000E7FF149890F85D00C007002858D1FFE774
:10A770001498406D00F550701FEDA40A8DED0A0A83
:10A7800000F0CAFF14989DED0A0A406D00F2644083
:10A7900000F0C2FF40F25430C2F2004000680128CD
:10A7A0003DD1FFE7FBF7DCFEC8B3FFE71498406D2F
:10A7B00000F550709FEDE00A8DED080A00F0ACFF47
:10A7C0009DED080A1498406D00F2644000F0A4FF6B
:10A7D0001498406D00F5507000F052FF14988DED04
:10A7E000090A406D00F2644000F04AFF1499B0EE8F
:10A7F000401A9DED090A30EE010AB0EE001A80EE13
:10A80000010A9FEDCF1A80EE010A9FEDCE1A20EECD
:10A81000010A81ED180A012081F85D00FFE764E07C
:10A82000149890F85B00C00700285DD1FFE71498EA
:10A83000406D00F5507000F023FF14988DED060A6E
:10A84000406D00F2644000F01BFF13991498B0EEC5
:10A85000401A9DED060A30EE010AB0EE001A80EEB5
:10A86000010A9FEDB71A80EE010A9FEDB61A20EE9D
:10A87000010A81ED010A406D00F55070BBEE040A3B
:10A880008DED070A00F048FF9DED070A1498406D12
:10A8900000F2644000F040FF1399149891ED010A12
:10A8A00090ED181A9FEDA82A31EE021AB4EE410A73
:10A8B000F1EE10FA17DAFFE71498406D00F55070CA
:10A8C0009FED9D0A8DED050A00F026FF9DED050A1E
:10A8D0001498406D00F2644000F01EFF14990120AE
:10A8E00081F85B00FFE7FFE7FFE71499486D91F8F7
:10A8F0005E1001F00101FDF72FFA1498002180F895
:10A900005E10406DFDF708FA014614980491406D01
:10A91000FDF712FA01460498401A00EE100AB8EE4C
:10A92000C00A02F0BDFD139880ED000A90ED000A08
:10A930009FED861AB4EE410AF1EE10FA13DAFFE742
:10A9400045F63260C2F2004000884FF6FE71884240
:10A9500008DCFFE745F63261C2F2004108880130A9
:10A960000880FFE706E045F63261C2F200410020B0
:10A970000880FFE745F63260C2F200400088962862
:10A9800005DBFFE71499012081F85C00FFE71498CC
:10A9900090F85A00C00788B1FFE7149890F85B0060
:10A9A000C00758B1FFE7149890F85C00C00728B1C1
:10A9B000FFE71498042102F0CFFAFFE7B4E01498FF
:10A9C000416D01F5DE7001F5FA6191ED000AFCF7C9
:10A9D0008BFC1498406D02210191FDF791F91498B8
:10A9E000406D00F5B160032101F0B6F91498139998
:10A9F000406D00F5B16091ED030A01F091F9019904
:10AA00001498406D00F5507000F092FE0199149872
:10AA1000406D00F2644000F08BFE1498406D00F52C
:10AA200050709FED450A8DED020A00F075FE9DED18
:10AA3000020A1498406D00F2644000F06DFE149814
:10AA4000406D00210391FDF787F91498406D00F5E2
:10AA5000B16001F045F9139890ED031A30EE410A08
:10AA600002F01EFD03989FED351AB4EE410AF1EE97
:10AA700010FAB8BF01208DF857009DF85700C007A5
:10AA800028B1FFE71498052102F066FAFFE74BE0D2
:10AA90001498406D00F5B160032101F05DF9139940
:10AAA0001498406D00F5B16091ED030A01F038F99A
:10AAB000149890F8511000EBC100406801280BD1A8
:10AAC000FFE71498416D01F5DE7001F2CC7191ED54
:10AAD000000AFCF709FCFFE7149890F8511000EB0E
:10AAE000C1004068B0F5FA7F18D9FFE7149844F226
:10AAF000CC72C2F2004211680131116042F21C6254
:10AB0000C2F200420021117080F8591040F25E320A
:10AB1000C2F20042117002F01FFAFFE704E014983D
:10AB2000002102F019FAFFE7149991F8510081F819
:10AB30005800FFE728B080BD000000006F12033B03
:10AB4000DB0FC9406F12833BA69BC4BB0000C84209
:10AB500080B582B001900198009002F049FA009807
:10AB6000002180F85810012280F8592080F85A10EE
:10AB700080F85B1080F85C1080F85D1080F85E2033
:10AB8000016680F86410A0F866100021C4F27021FC
:10AB9000816602B080BD000081B00090009890ED09
:10ABA000010A01B07047000080B58CB00B900A918B
:10ABB000ADF826200B980190BDF82600082801DC8E
:10ABC000FFE763E10020ADF82400FFE7BDF82400B3
:10ABD000BDF826100939884200F35881FFE7019932
:10ABE0000A98BDF82420805C0978884240F04781AB
:10ABF000FFE70A99BDF8240008444078032840F094
:10AC00003E81FFE70A99BDF82400084480780428B3
:10AC100040F03581FFE701980A9ABDF824100A44F4
:10AC2000D179127A41EA0221ADF822100A99BDF8D1
:10AC300024201144072200F06BF9ADF82000BDF884
:10AC40002200BDF82010884240F01381FFE70198F0
:10AC50000A9ABDF824101144C9788DF81F100A9A79
:10AC6000BDF82410114409798DF81E100A9ABDF818
:10AC70002410114449798DF81D100A9ABDF824104A
:10AC8000114489798DF81C109DF81F1009069DF854
:10AC90001E2041EA02419DF81D2041EA02219DF853
:10ACA0001C201144816090ED020AB8EEC00A9FEDAD
:10ACB0007A1A20EE010A8DED060A42F25860C2F2BD
:10ACC000004090ED000AB5EE400AF1EE10FA25D1F1
:10ACD000FFE742F25860C2F2004090ED010AB5EE83
:10ACE000400AF1EE10FA19D1FFE742F25860C2F2C1
:10ACF000004090ED020AB5EE400AF1EE10FA0DD1D7
:10AD0000FFE79DED060A42F25860C2F2004080ED76
:10AD1000020A80ED010A80ED000AFFE7069942F27F
:10AD20006462C2F20042137842F25860C2F20040FC
:10AD300040F823101178013145F25653C5F25553AE
:10AD4000A1FB03C303EB4303C91A1170016804910B
:10AD500041680391806802909DED040A9DED031AFD
:10AD6000B4EE410AF1EE10FA0ADCFFE79DED030AAA
:10AD70009DED021AB4EE410AF1EE10FA14DDFFE780
:10AD80009DED020A9DED031AB4EE410AF1EE10FAB0
:10AD90000DDCFFE79DED030A9DED041AB4EE410AB8
:10ADA000F1EE10FA03DCFFE7039805902EE09DED2D
:10ADB000030A9DED041AB4EE410AF1EE10FA0ADC22
:10ADC000FFE79DED040A9DED021AB4EE410AF1EE93
:10ADD00010FA14DDFFE79DED020A9DED041AB4EEB2
:10ADE000410AF1EE10FA0DDCFFE79DED040A9DED3E
:10ADF000031AB4EE410AF1EE10FA03DCFFE70498FF
:10AE0000059002E002980590FFE7FFE7019890EDBA
:10AE1000010AFBF715FE10EE100AE5F782FC41EC83
:10AE2000100B9FED1B1B53EC112B51EC100BE5F796
:10AE30005DFC20B9FFE7019905984860FFE701989C
:10AE400040F21401C2F2004191ED001A9DED052A75
:10AE5000B7EE000A30EE410A90ED013A20EE030A07
:10AE6000A1EE020A80ED010AEBF7FAFD0199C86034
:10AE7000FFE7BDF824000930ADF8240005E0BDF877
:10AE800024000130ADF82400FFE79FE60CB080BD40
:10AE9000FCA9F1D24D62503F7273263900000000C8
:10AEA00080B584B003900291ADF806200398029912
:10AEB000BDF80620FFF778FE04B080BD000000005A
:10AEC00080B584B00390039800900278014601F8A1
:10AED000102F01910322427400228274C274027501
:10AEE00002224275062200F013F8009A01460198EA
:10AEF000ADF80A10BDF80A1091759DF80B10D175C8
:10AF00000821F4F779FB04B080BD000000000000C8
:10AF100084B003900291ADF806204FF6FF70ADF8B3
:10AF20000400FFE7BDF80600411EADF8061070B33F
:10AF3000FFE70298411C02910178BDF804004840E7
:10AF4000ADF8040000200090FFE7009807281DDC02
:10AF5000FFE7BDF80400C00768B1FFE7BDF80400D3
:10AF60004008ADF80400BDF804004AF20101484071
:10AF7000ADF8040005E0BDF804004008ADF8040099
:10AF8000FFE7FFE7009801300090DEE7CAE7BDF871
:10AF9000040004B07047000082B001908DF80310E7
:10AFA00001989DF803100170002141608160C1602B
:10AFB00002B070470000000081B0009000984FF48C
:10AFC0009071018048F28001818001B070470000DB
:10AFD00080B586B0059005980090D0F8A0002C3080
:10AFE0000190019804A9FBF723FA019802300DF1B2
:10AFF0000E01FBF71DFA0198043003A9FBF718FABC
:10B00000019806300DF10A01FBF712FA009890F84A
:10B01000B40001282CD1FFE70099BDF81000D1F849
:10B02000E020801AADF81200BDF91200B1F8B61098
:10B030004A42C1EBD271B0EB610F07DAFFE700992A
:10B04000D1F8E8000130C1F8E80010E00099BDF93E
:10B050001200B1F8B610B0EB510F07DDFFE7009911
:10B06000D1F8E8000138C1F8E800FFE7FFE7FFE7A3
:10B070000098D0F8E810B0F8B620BDF8103001FB09
:10B080000231C0F8E41090ED2B1A90ED390AB8EEB9
:10B09000C00AB0F8B61002EE101AB8EE422A80EEDE
:10B0A000020A9FED312A20EE020A80EE010A80EDAD
:10B0B000320A90ED2B1A90ED390AB8EEC00AB0F8BA
:10B0C000B61002EE101AB8EE422A80EE020A30EEF6
:10B0D000000A9FED262A20EE020A80EE010A80ED8A
:10B0E000330ABDF90E1000EE101AB8EEC00A9FED3B
:10B0F000201A20EE010A90ED2B1A80EE010A80ED55
:10B10000340ABDF90E1000EE101AB8EEC00AB1EE06
:10B11000081A20EE010A90ED2B1A80EE010A80ED4C
:10B12000350ABDF90C1000EE101AB8EEC00A80ED19
:10B13000360ABDF90A1000EE101AB8EEC00A9FEDEB
:10B140000D1A30EE010A80ED370ABDF81010C0F874
:10B15000E01090F8B40028B9FFE70099012081F8C9
:10B16000B400FFE706B080BD0000B443DB0F4940E8
:10B170005077D63D3393884381B00090009890ED8E
:10B18000320A01B07047000081B000900098B0F81A
:10B19000B80001B07047000082B001908DED000A48
:10B1A00001990098C1F8000102B07047000000004A
:10B1B00080B582B0019000910198D0F8BC100131A7
:10B1C000C0F8BC10FFF704FF02B080BD0000000013
:10B1D00082B001908DED000A01990098C1F810012C
:10B1E00002B070470000000082B001908DED000AAF
:10B1F00001990098C1F8040102B0704700000000F6
:10B2000082B001908DF8031001999DF8030081F838
:10B21000F40002B07047000080B586B00590059834
:10B22000039090F8F4000146049103286AD8049929
:10B23000DFE801F00214263E039890ED2C1A90ED01
:10B24000420A80EE010AB0F8B81001EE101AB8EE0A
:10B25000C11A20EE010A80ED430A58E0039890EDF0
:10B260002C1A90ED420A80EE010AB0F8B81001EEF7
:10B27000101AB8EEC11A20EE010A80ED430A46E02A
:10B28000039901F15000029091ED410A01F00CFF89
:10B290000298039991ED340A02F0B6F8029801F091
:10B2A0001BFF029802F0A8F8039880ED430A2EE0F5
:10B2B000039890ED400A01F0F7FE039890ED440AE0
:10B2C00002F0A2F8039801F007FF039802F094F847
:10B2D000039981ED410A01F15000019091ED410A7D
:10B2E00001F0E2FE0198039991ED340A02F08CF826
:10B2F000019801F0F1FE019802F07EF8039880EDCC
:10B30000430A04E003990020C1F80C01FFE7039809
:10B3100000F08AF806B080BD80B584B00390039930
:10B320000291D1F8BC00D1F8C010884211D1FFE7DA
:10B330000298002180F8C4109FED0C0A8DED010ADF
:10B3400001F0BEFE02989DED010A503001F0B8FEFA
:10B3500004E00299012081F8C400FFE70299D1F8C6
:10B36000BC00C1F8C00004B080BD00BF00000000F8
:10B3700080B586B0059004918DF80F208DF80E30C1
:10B380008DED020ACDED010A059800900498006841
:10B390004AF20001C4F20001884208D1FFE7009997
:10B3A00040F2B810C2F20040C1F8A00023E00498B7
:10B3B00000684AF20041C4F20001884208D1FFE768
:10B3C000009940F20820C2F20040C1F8A00011E04C
:10B3D000049800684DF20041C4F20001884208D18F
:10B3E000FFE7009940F26020C2F20040C1F8A000DF
:10B3F000FFE7FFE7FFE700999DF80F0081F8A40041
:10B400009DF80E0081F8F4000298C1F8AC00019894
:10B41000C1F8B00004989DF80F10FAF769FD009983
:10B42000C1F8A80006B080BD81B00090009991EDF0
:10B43000430ABDEEC00A10EE100A000AD1F8A82097
:10B44000107091ED430ABDEEC00A10EE100AD1F85B
:10B45000A810487001B0704780B582B00190019883
:10B46000009001F0DDFF0098503001F0D9FF009806
:10B470000021C4F21021C0F8AC10002180F8B410F3
:10B480004FF40052A0F8B62042F21072A0F8B82093
:10B49000C0F8BC10C0F8C01080F8C410032280F8B7
:10B4A000F420C0F8F810C0F8FC10C0F80011C0F883
:10B4B0000411C0F80811C0F80C11C0F81011C0F840
:10B4C000141102B080BD000080B586B005900598CB
:10B4D0000090D0F8B0002C300190019804A9FAF740
:10B4E000A7FF019802300DF10E01FAF7A1FF0198B4
:10B4F000043003A9FAF79CFF019806300DF10A0108
:10B50000FAF796FF009890F8C00001282CD1FFE7C9
:10B510000099BDF81000D1F8EC20801AADF81200A7
:10B52000BDF91200B1F8C2104A42C1EBD271B0EBC2
:10B53000610F07DAFFE70099D1F8F4000130C1F894
:10B54000F40010E00099BDF91200B1F8C210B0EBA0
:10B55000510F07DDFFE70099D1F8F4000138C1F879
:10B56000F400FFE7FFE7FFE70098D0F8F410B0F829
:10B57000C220BDF8103001FB0231C0F8F01090ED90
:10B580002E1A90ED3C0AB8EEC00AB0F8C21002EED6
:10B59000101AB8EE422A80EE020A30EE000A9FED41
:10B5A000302A20EE020A80EE010A80ED360A90ED84
:10B5B0002E1A90ED3C0AB8EEC00AB0F8C21002EEA6
:10B5C000101AB8EE422A80EE020A9FED262A20EEDB
:10B5D000020A80EE010A80ED350ABDF90E1000EE78
:10B5E000101AB8EEC00A9FED201A20EE010A90ED65
:10B5F0002E1A80EE010A80ED370ABDF90E1000EE1A
:10B60000101AB8EEC00AB1EE081A20EE010A90ED49
:10B610002E1A80EE010A80ED380ABDF90C1000EEFA
:10B62000101AB8EEC00A80ED390ABDF90A1000EE12
:10B63000101AB8EEC00A9FED0D1A30EE010A80ED27
:10B640003A0ABDF81010C0F8EC1090F8C00028B904
:10B65000FFE70099012081F8C000FFE706B080BD38
:10B66000DB0F49400000B4435077D63D3393884305
:10B6700081B00090009890ED350A01B0704700004D
:10B6800081B00090009890ED360A01B0704700003C
:10B6900081B00090009890ED390A01B07047000029
:10B6A00081B000900098B0F8C40001B0704700006D
:10B6B00082B001908DED000A01990098C1F80C014B
:10B6C00002B070470000000082B001908DED000ACA
:10B6D00001990098C1F8140102B070470000000001
:10B6E00080B582B0019000910198D0F8C810013166
:10B6F000C0F8C810FFF7E8FE02B080BD00000000EF
:10B7000082B001908DED000A01990098C1F81C01EA
:10B7100002B070470000000082B001908DED000A79
:10B7200001990098C1F8100102B0704700000000B4
:10B7300082B001908DF8031001999DF8030081F803
:10B74000000102B07047000080B586B005900598F2
:10B75000039090F800010146049103286DD80499E4
:10B76000DFE801F00214263E039890ED2F1A90EDC9
:10B77000450A80EE010AB0F8C41001EE101AB8EEC6
:10B78000C11A20EE010A80ED460A5BE0039890EDB5
:10B790002F1A90ED450A80EE010AB0F8C41001EEB0
:10B7A000101AB8EEC11A20EE010A80ED460A49E0EF
:10B7B000039901F15400029091ED440A01F074FCE8
:10B7C0000298039991ED370A01F01EFE029801F0EC
:10B7D00083FC029801F010FE039880ED460A31E0E8
:10B7E0000399081D009091ED430A01F05DFC00985B
:10B7F000039991ED470A01F007FE009801F06CFCF7
:10B80000009801F0F9FD039981ED440A01F154001B
:10B81000019091ED440A01F047FC0198039991EDE4
:10B82000370A01F0F1FD019801F056FC019801F092
:10B83000E3FD039880ED460A04E003990020C1F877
:10B840001801FFE7039800F08BF806B080BD0000F8
:10B8500080B584B0039003990291D1F8C800D1F863
:10B86000CC10884212D1FFE70298002180F8D01056
:10B8700004309FED0C0A8DED010A01F021FC0298C5
:10B880009DED010A543001F01BFC04E002990120F7
:10B8900081F8D000FFE70299D1F8C800C1F8CC00C8
:10B8A00004B080BD0000000080B586B00590049112
:10B8B0008DF80F208DF80E308DED020ACDED010AC6
:10B8C00005980090049800684AF20001C4F2000153
:10B8D000884208D1FFE7009940F2B810C2F2004058
:10B8E000C1F8B00023E0049800684AF20041C4F2B5
:10B8F0000001884208D1FFE7009940F20820C2F217
:10B900000040C1F8B00011E0049800684DF2004119
:10B91000C4F20001884208D1FFE7009940F260209C
:10B92000C2F20040C1F8B000FFE7FFE7FFE700996F
:10B930009DF80F0081F8B4009DF80E0081F8000119
:10B940000298C1F8B8000198C1F8BC0004989DF8AD
:10B950000F10FAF7CDFA0099C1F8AC0006B080BD1F
:10B9600081B00090009991ED460ABDEEC00A10EE3C
:10B97000100A000AD1F8AC20107091ED460ABDEE15
:10B98000C00A10EE100AD1F8AC10487001B0704730
:10B9900080B582B00190019800904EF64021C0F62B
:10B9A000010108310160043001F03AFD0098543083
:10B9B00001F036FD00980021C0F8A81080F8C010F2
:10B9C0004FF40052A0F8C2204FF48042A0F8C420E7
:10B9D000C0F8C810C0F8CC1080F8D010032280F84E
:10B9E0000021C0F80411C0F80811C0F80C11C0F80B
:10B9F0001011C0F81411C0F81811C0F81C11C0F8CB
:10BA0000201102B080BD000080B58CB00B900B9867
:10BA10000590D0F88C012C30079007980AA9FAF706
:10BA200007FD079802300DF12601FAF701FD07988E
:10BA3000043009A9FAF7FCFC079806300DF1220141
:10BA4000FAF7F6FC0599BDF82800B1F8A61188426E
:10BA500001DDFFE732E1059890F8A40101282CD11F
:10BA6000FFE70599BDF82800D1F8EC21801AADF860
:10BA70002A00BDF92A00B1F8A6114A42C1EBD271E1
:10BA8000B0EB610F07DAFFE70599D1F8F401013057
:10BA9000C1F8F40110E00599BDF92A00B1F8A6112A
:10BAA000B0EB510F07DDFFE70599D1F8F40101383C
:10BAB000C1F8F401FFE7FFE7FFE70598D0F8982108
:10BAC000D0F8F411B0F8A631BDF828C001FB03C1CD
:10BAD0001144C0F8F011BDF82810A0F8C011BDF84D
:10BAE000281000EE101AB8EE400AB0F8A61101EEC8
:10BAF000101AB8EE411A80EE010A30EE000A9FEDEE
:10BB0000701A20EE010A80ED710A90ED7C0AB8EE01
:10BB1000C00AB0F8A61102EE101AB8EE422A80EE62
:10BB2000020A9FED682A20EE020A80ED750A90ED68
:10BB30007C0AB8EEC00AB0F8A61102EE101AB8EEF0
:10BB4000422A80EE020A30EE000A20EE010A80ED61
:10BB5000760A00F5B070BDF9261000EE101AB8EEA6
:10BB6000C00AFAF72DF9059890ED580A9FED561A7C
:10BB700020EE010A80ED770A90ED580AB1EE081A1E
:10BB800020EE010A80ED780ABDF9241000EE101AAB
:10BB9000B8EEC00A80ED790ABDF9221000EE101A45
:10BBA000B8EEC00A9FED491A30EE010A80ED7A0A1C
:10BBB00000F096F805988DED040A00F0A9F8B0EEB3
:10BBC000401A9DED040AB4EE410AF1EE10FA22DDAE
:10BBD000FFE7059800F084F805988DED030A00F062
:10BBE00097F89DED031A30EE410A8DED060A9DEDA2
:10BBF000060A9FED381AB4EE410AF1EE10FA09DC9C
:10BC0000FFE79DED060A9FED341A30EE010A8DED37
:10BC1000060AFFE739E0059800F062F805988DED17
:10BC2000020A00F075F8B0EE401A9DED020AB4EE7B
:10BC3000410AF1EE10FA24DCFFE7059800F068F8FD
:10BC400005988DED010A00F04BF8B0EE401A9DED1D
:10BC5000010A30EE410A8DED060A9DED060A9FEDC0
:10BC6000181AB4EE410AF1EE10FA09DBFFE79DED78
:10BC7000060A9FED171A30EE010A8DED060AFFE75E
:10BC800002E000200690FFE7FFE705980699C0F85C
:10BC90005411BDF82810C0F8EC11D0F8F011C0F81C
:10BCA000F811D0F8D411C0F8FC1190F8A40128B90B
:10BCB000FFE70599012081F8A401FFE70CB080BDE2
:10BCC000DB0F49400000B4435077D63D339388439F
:10BCD000DB0FC9C0DB0F49C0DB0FC940000000000B
:10BCE00081B00090009890ED760A01B07047000096
:10BCF00081B000900098B0F8A80101B07047000032
:10BD000081B00090009890ED830A01B07047000068
:10BD100081B00090009890ED680A01B07047000073
:10BD200082B001908DED000A01990098C1F80C02D3
:10BD300002B070470000000080B582B00190009111
:10BD40000198D0F8C8110131C0F8C811FFF75CFEA6
:10BD500002B080BD0000000082B001908DF8031099
:10BD600001999DF8030081F8000202B070470000BD
:10BD700080B586B005900598039090F800020146C2
:10BD80000491062800F274800499DFE801F004169B
:10BD90002E4671717000039890ED671A90ED850A38
:10BDA00080EE010AB0F8A81101EE101AB8EEC11A1F
:10BDB00020EE010A80ED860A5FE0039901F1A00000
:10BDC000029091ED850A01F06FF90298039991EDC7
:10BDD000790A01F019FB029801F07EF9029801F04E
:10BDE0000BFB039880ED860A47E0039901F15000B0
:10BDF000019091ED840A01F057F90198039991EDB2
:10BE0000770A01F001FB019801F066F9019801F051
:10BE1000F3FA039880ED860A2FE0039890ED830AE9
:10BE200001F042F9039890ED760A01F0EDFA0398DB
:10BE300001F052F9039801F0DFFA039981ED840AC9
:10BE400001F15000009091ED840A01F02DF9009865
:10BE5000039991ED770A01F0D7FA009801F03CF9C7
:10BE6000009801F0C9FA039880ED860A05E004E025
:10BE700003990020C1F81802FFE7039800F04CF97D
:10BE800006B080BD0000000080B586B003A9009117
:10BE900001460098059180ED010A05980190FFE7A1
:10BEA000009890ED010AB5EE400AF1EE10FA0ADAB8
:10BEB000FFE7009890ED010A9FED261A30EE010A87
:10BEC00080ED010AECE7FFE7009890ED010A9FED95
:10BED000211AB4EE410AF1EE10FA0ADBFFE70098EE
:10BEE00090ED010A9FED1C1A30EE010A80ED010A67
:10BEF000EAE70199009890ED010A9FED161A80EE8D
:10BF0000010AB1F8A62101EE102AB8EE411A20EE7E
:10BF1000010A80ED000A90ED000AB6EE001A30EE3C
:10BF2000010ABDEEC00A10EE100AADF80A00BDF815
:10BF30000A00B1F8A611884204DBFFE70020ADF843
:10BF40000A00FFE70198BDF80A1000F009F806B0F2
:10BF500080BD00BFDB0FC940DB0FC9C0000000007F
:10BF600089B00890ADF81E1008980190B0F8A6119D
:10BF70000691BDF81E30B0F8A621B3FBF2F101FB2B
:10BF80001231059190ED7C0AB8EEC00A9DED051ABC
:10BF9000B8EEC11A30EE410A9DED061AB8EEC11A8C
:10BFA00080EE010A8DED040A9DED040AB5EE400A0B
:10BFB000F1EE10FA09DBFFE79DED040AB6EE001A78
:10BFC00030EE010A8DED000A08E09DED040ABEEE98
:10BFD000001A30EE010A8DED000AFFE701989DED91
:10BFE000000ABDEEC00A8DED030A0399069A059B6F
:10BFF00001FB023102919DED020AB8EEC00A9DEDEF
:10C00000061AB8EEC11A80EE010A30EE000A9FED62
:10C01000091A20EE010A80ED830A90ED830A9FED54
:10C02000062A20EE020A80EE010A80ED810A09B09C
:10C03000704700BFDB0F49400000344300000000A0
:10C0400080B586B0DDF820C0059004918DF80F20F2
:10C050008DF80E308DED020A059801900498006865
:10C060004AF20001C4F20001884208D1FFE70199B9
:10C0700040F2B810C2F20040C1F88C0123E00498ED
:10C0800000684AF20041C4F20001884208D1FFE78B
:10C09000019940F20820C2F20040C1F88C0111E081
:10C0A000049800684DF20041C4F20001884208D1B2
:10C0B000FFE7019940F26020C2F20040C1F88C0114
:10C0C000FFE7FFE7FFE701999DF80F0081F8900176
:10C0D0009DF80E0081F800020898C1F898010298B6
:10C0E000C1F89C0104989DF80F10F9F701FF014673
:10C0F0000198C0F8941100F5BE700521F9F728FEEB
:10C10000019800F5B0709FED030AF9F739FE06B00B
:10C1100080BD00BF0000000081B00090009991ED4B
:10C12000860ABDEEC00A10EE100A000AD1F894216A
:10C13000107091ED860ABDEEC00A10EE100AD1F81B
:10C140009411487001B0704780B582B00190019899
:10C15000009001F065F90098503001F061F9009805
:10C16000A03001F05DF90098F03001F071F900980D
:10C170000021C0F854114FF07E52C0F85821C0F889
:10C180005C1180F8881180F8891180F8A4114FF4AF
:10C190000052A0F8A62146F2A812A0F8A821C0F8E3
:10C1A000AC11C0F8B011C0F8B411C0F8B811C0F8A3
:10C1B000BC11A0F8C011C0F8C411C0F8C811C0F873
:10C1C000CC1180F8D011052280F80022C0F80412AA
:10C1D000C0F80812C0F80C12C0F81012C0F81412FF
:10C1E000C0F8181202B080BD81B00090009800F62F
:10C1F000983090ED000A01B0704700000000000088
:10C2000082B001908DED000A01990098C1F83C0BB5
:10C2100002B070470000000082B001908DED000A6E
:10C2200001990098C1F8400B02B07047000000006F
:10C2300081B00090009800F5396090ED000A01B0DF
:10C24000704700000000000081B00090009800F6E8
:10C25000943090ED000A01B070470000000000002B
:10C2600081B00090009890F88C0B01B070470000EE
:10C2700080B58AB00890089805900990FBF7E8F817
:10C2800005981C30FBF7E4F805983830FBF7E0F828
:10C2900005985430FDF744FE05989C30FDF784FE68
:10C2A000059901F5AE7001F2EC5106910790FFE798
:10C2B00007980490FFF76CFB0498069A00F59271BA
:10C2C000084691420790F3D1FFE7059901F2EC503F
:10C2D00001F6EC2102910390FFE70398019000F032
:10C2E000BFF90198029A00F5A071084691420390A7
:10C2F000F3D1FFE7059800F6EC2001F091F80599DD
:10C300004FF07C50C1F8480B4FF08140C1F84C0B06
:10C3100046F20000C4F2EA60C1F8500B4FF08D40C5
:10C32000C1F8540B0020C1F8580BC1F8780BC1F8C4
:10C330007C0BC1F8800BC1F8840BC1F8880B81F825
:10C340008C0B81F88D0BC1F8900BC1F8940BC1F8E0
:10C35000980BC1F89C0BC1F8A00BC1F8A40B09986D
:10C360000AB080BD0000000080B582B00190019845
:10C37000009000F03DFE009802B080BD000000007B
:10C3800081B0009000984FF40071018001B07047B7
:10C3900080B586B005900598019090F8511000EB9B
:10C3A000C10251680131516090F85100014602917B
:10C3B00020B1FFE70298012853D086E00198406D34
:10C3C00000F2DC600221FEF71BFF0199486D00F2CC
:10C3D000DC6091ED160AB1EE400AFEF705FF019808
:10C3E00090F8511000EBC1004068012803D1FFE72D
:10C3F000FAF7EAF8FFE7FAF7E7F88DF8130040F2EA
:10C400004C30C2F2004000680138B0FA80F04009B8
:10C410008DF812009DF81300C00708B3FFE79DF8E0
:10C420001200C007E0B1FFE70198406D00F2DC6048
:10C430000221FEF7E5FE0198406D00F2DC609FED01
:10C44000240AFEF7D1FE0198406D00F2DC60FEF791
:10C4500093FE019880ED170A012100F07DFDFFE7B2
:10C4600033E00198406DFBF7C3F801988DED030AA6
:10C47000406D00F2DC609DED030AFEF7A9FE019815
:10C4800090F8511000EBC100406801281CD1FFE773
:10C490000198426D012182F83C18406DFBF79CF831
:10C4A0000198406D00F2DC600321FEF7A9FE0198BF
:10C4B000406D00F2DC6040F27811C2F2004191ED73
:10C4C000000AFEF769FEFFE7FFE706B080BD00BF88
:10C4D000000000000000000080B582B001900198CB
:10C4E000009000F085FD00980021C4F27011816574
:10C4F0000021C16502B080BD80B588B00790079863
:10C50000059090F8000101460691062800F29D80F2
:10C510000699DFE801F0041628409A9A6D00059804
:10C5200090ED2F1A90ED450A80EE010AB0F8C41084
:10C5300001EE101AB8EEC11A20EE010A80ED460A8B
:10C5400088E0059890ED2F1A90ED450A80EE010ADB
:10C55000B0F8C41001EE101AB8EEC11A20EE010AAC
:10C5600080ED460A76E0059901F15400049091EDC2
:10C57000440A00F099FD0498059991ED370A00F0FE
:10C5800043FF049800F0A8FD049800F035FF0598DB
:10C5900080ED460A5EE00599081D029091ED430A80
:10C5A00000F082FD0298059991ED360A00F02CFF0B
:10C5B000029800F091FD029800F01EFF059981EDB0
:10C5C000440A01F15400039091ED440A00F06CFD1F
:10C5D0000398059991ED370A00F016FF039800F0D3
:10C5E0007BFD039800F008FF059880ED460A31E0D6
:10C5F0000599081D009091ED430A00F055FD009843
:10C60000059991ED4C0A00F0FFFE009800F064FDE2
:10C61000009800F0F1FE059981ED440A01F1540003
:10C62000019091ED440A00F03FFD0198059991EDCC
:10C63000370A00F0E9FE019800F04EFD019800F085
:10C64000DBFE059880ED460A04E005990020C1F85C
:10C650001801FFE70598FFF783F908B080BD0000D7
:10C6600080B582B0019001980090FFF791F9009891
:10C670004EF64C21C0F60101083101600021C0F8DE
:10C680003011C0F83411C0F83811C0F83C1102B0B4
:10C6900080BD00000000000080B588B006908DEDE0
:10C6A000050ACDED040A8DED031ACDED021A9DEDBC
:10C6B000030A9DED041A30EE410A00F0F1FE9FEDF1
:10C6C0001F1AB4EE410AF1EE10FA03DAFFE7002078
:10C6D00007902FE09DED050A9DED042A30EE420AF9
:10C6E0009DED031A31EE421A80EE010A8DED010A2A
:10C6F0009DED010AB5EE400AF1EE10FA03DAFFE70C
:10C7000000200190FFE79DED010AB7EE001AB4EE9C
:10C71000410AF1EE10FA04DDFFE74FF07E50019080
:10C72000FFE79DED010A9DED021A20EE010A8DED55
:10C73000070AFFE79DED070A08B080BD6F12833A34
:10C7400080B584B003900398009090F8511000EBEE
:10C75000C10251680131516090F8510001460191C8
:10C76000042800F201810199DFE801F0033B63A096
:10C77000AB000098406D00F507700221FEF7D8FF6E
:10C780000099486D00F5077091ED170AFEF7C4FF98
:10C7900040F24430C2F200400068012804D0FFE7B4
:10C7A000F9F796FEE0B1FFE70098406D00F50770DD
:10C7B000FEF75EFF009880ED180A406D00F50770E7
:10C7C0000221FEF7B5FF0098406D00F507709FED60
:10C7D000670AFEF7A1FF0098012100F0BDFBFFE70B
:10C7E000C2E00098406D00F507700221FEF7A0FF3F
:10C7F0000099486D00F5077091ED170AB1EE400AF7
:10C80000FEF78AFF0098406D00F50770FEF740FFC5
:10C8100000F046FE009890ED161AB4EE410AF1EED3
:10C8200010FA05DDFFE70098022100F095FBFFE715
:10C830009AE0009890F8511000EBC100406865281C
:10C840001CD3FFE70098406D00F50770FEF710FF5E
:10C85000009880ED190A406D00F507700221FEF77F
:10C8600067FF0098406D00F507709FED400AFEF7E6
:10C8700053FF0098032100F06FFB16E00098406D15
:10C8800000F50770FEF704FF00F00AFE009890ED37
:10C89000161AB4EE410AF1EE10FA05DAFFE7009835
:10C8A000012100F059FBFFE7FFE75DE0009840F24F
:10C8B0005C32C2F2004201211170042100F04CFBF5
:10C8C00052E0009890F8511000EBC1004068012838
:10C8D00014D1FFE70098406D00F507700321FEF7C3
:10C8E00027FF0098406D00F5077040F27411C2F206
:10C8F000004191ED000AFEF7DBFEFFE70098406D76
:10C9000000F50770FEF7B4FE009890ED181AD0ED10
:10C91000190AF7EE001AFFF7BFFE00988DED020A24
:10C92000406D9DED020AFBF7EBFB0098406D00F5B2
:10C9300007709DED020AFEF7E3FE40F25D30C2F2A1
:10C9400000400078C00770B1FFE740F25C30C2F2EF
:10C9500000400078C00730B1FFE70098406D01212A
:10C96000FBF7EEFBFFE7FFE704B080BD000000002F
:10C9700080B582B001900198009000F039FB0098DA
:10C980004CF20001C4F20F5181650021C4F2202154
:10C99000C16500210166416602B080BD0000000053
:10C9A00080B588B006908DED050ACDED040A8DEDB9
:10C9B000031ACDED021A9DED030A9DED041A30EE27
:10C9C000410A00F06DFD9FED1F1AB4EE410AF1EE31
:10C9D00010FA03DAFFE7002007902FE09DED050A2B
:10C9E0009DED042A30EE420A9DED031A31EE421A03
:10C9F00080EE010A8DED010A9DED010AB5EE400AB7
:10CA0000F1EE10FA03DAFFE700200190FFE79DED59
:10CA1000010AB7EE001AB4EE410AF1EE10FA04DD95
:10CA2000FFE74FF07E500190FFE79DED010A9DED7D
:10CA3000021A20EE010A8DED070AFFE79DED070AB5
:10CA400008B080BD6F12833A80B594B013901398EC
:10CA50000B9090F8511000EBC10251680131516008
:10CA600090F8510001460C91042800F2EA810C99DB
:10CA7000DFE811F005006400C7001E01A0010B985B
:10CA8000406D00F5507002210A91FEF751FE0A999F
:10CA90000B98406D00F26440FEF74AFE0B99486D1A
:10CAA00000F5507091ED180AFEF736FE0B99486DAF
:10CAB00000F2644091ED180AFEF72EFE0B9890F8F4
:10CAC000511000EBC1004068012803D1FFE7F9F7DE
:10CAD00047FDFFE740F25430C2F2004000680128F1
:10CAE0002BD1FFE7F9F73CFD38B3FFE70B98406D1A
:10CAF00000F550709FEDD60A8DED090AFEF70CFE89
:10CB00009DED090A0B98406D00F26440FEF704FEAB
:10CB10000B98406D00F55070FEF7AAFD0B9880ED64
:10CB2000190A406D00F26440FEF7A2FD0B9880EDFB
:10CB30001B0A012100F010FAFFE782E10B98406D1B
:10CB400000F5507002210891FEF7F2FD08990B984C
:10CB5000406D00F26440FEF7EBFD0B99486D00F567
:10CB6000507091ED180AB1EE400AFEF7D5FD0B9911
:10CB7000486D00F2644091ED180AB1EE400AFEF7EC
:10CB8000CBFD0B9890F8511000EBC10040680128D4
:10CB900003D1FFE7F9F7C0FCFFE740F25030C2F2E3
:10CBA00000400068012804D0FFE7F9F7B5FC38B36E
:10CBB000FFE70B98406D00F550709FEDA50A8DEDD5
:10CBC000070AFEF7A9FD9DED070A0B98406D00F2DC
:10CBD0006440FEF7A1FD0B98406D00F55070FEF724
:10CBE00047FD0B9880ED1A0A406D00F26440FEF795
:10CBF0003FFD0B9880ED1C0A022100F0ADF9FFE724
:10CC00001FE10B98406D00F5507002210591FEF771
:10CC10008FFD05990B98406D00F26440FEF788FD8A
:10CC20000B98406D00F550709FED880A8DED060A57
:10CC3000FEF772FD9DED060A0B98406D00F2644010
:10CC4000FEF76AFD0B9890F8511000EBC1004068A8
:10CC5000012803D1FFE7F9F783FCFFE740F25430E6
:10CC6000C2F200400068012804D0FFE7F9F778FC21
:10CC7000E8B1FFE70B98406D00F550709FED740A26
:10CC80008DED040AFEF748FD9DED040A0B98406DFA
:10CC900000F26440FEF740FD0B9840F25D32C2F2B4
:10CCA000004201211170032100F056F9FFE7C8E0AE
:10CCB0000B98406D00F55070FEF7DAFC0B9890ED84
:10CCC000191AD0ED1A0AF7EE001ACDED011AFFF786
:10CCD00067FE0B988DED120A406D00F26440FEF77E
:10CCE000C7FCDDED011A0B9890ED1B1AD0ED1C0A64
:10CCF000FFF756FE0B988DED110A9DED120A9DED82
:10CD0000111A30EE010AB0EE001A80EE010A8DED24
:10CD1000100A406D9DED100AFBF7FEF90B98406D6F
:10CD200000F550709DED100AFEF7EAFC0B98406D7F
:10CD300000F264409DED100AFEF7E2FC0B98406D96
:10CD400000F5507003210291FEF7F2FC02990B9856
:10CD5000406D00F26440FEF7EBFC0B98406D00F56F
:10CD600050709FED390A8DED030AFEF7A1FC0B9878
:10CD70009DED030A406D00F26440FEF799FC40F21D
:10CD80005D30C2F200400078C00790B1FFE740F28A
:10CD90005C30C2F200400078C00750B1FFE70B984A
:10CDA000406D0121FBF7CCF90B98042100F0D4F879
:10CDB000FFE746E00B98406D00F55070FEF758FC19
:10CDC0000B9890ED191AD0ED1A0AF7EE001ACDED76
:10CDD000001AFFF7E5FD0B988DED0F0A406D00F28C
:10CDE0006440FEF745FCDDED001A0B9890ED1B1A30
:10CDF000D0ED1C0AFFF7D4FD0B988DED0E0A9DEDCA
:10CE00000F0A9DED0E1A30EE010AB0EE001A80EE08
:10CE1000010A8DED0D0A406D9DED0D0AFBF77CF9C1
:10CE20000B98406D00F550709DED0D0AFEF768FC03
:10CE30000B98406D00F264409DED0D0AFEF760FC1A
:10CE4000FFE714B080BD00BF48E17A3F00007043A7
:10CE5000000000000000000080B582B00190019841
:10CE6000009000F0C5F8009848F20001C4F23B5170
:10CE700081654AF20001C4F20C61C1650021C4F26F
:10CE800070210166002141668166C16601674167C4
:10CE90008167C167C0F8801002B080BD000000004B
:10CEA00080B582B001900198009000F0A1F8009840
:10CEB0000021C4F2164181654FF07C51C16500210B
:10CEC000016641668166C166016741678167C16726
:10CED00002B080BD0000000080B582B001900198D2
:10CEE000009000F085F80098002180F8521002B000
:10CEF00080BD00000000000081B00090009840F26A
:10CF00000111018001B0704781B0009000984FF48A
:10CF10008171018001B0704781B00090009840F2AB
:10CF20000311018001B0704781B0009000984FF468
:10CF30008271018001B0704781B0009000984FF479
:10CF40008071018001B0704781B0009000984FF46B
:10CF50008871018001B0704782B001908DF8031094
:10CF6000019991F85120002001F8320091F85120E8
:10CF700001EBC20250609DF80320012001F832004D
:10CF80009DF8030081F8510002B0704700000000D6
:10CF900084B003908DF80B108DF80A20039900914E
:10CFA0009DF80B0081F850009DF80A0081F85100AF
:10CFB00000200190FFE70099019891F850108842F5
:10CFC0000EDAFFE70099019A002001F83200019A79
:10CFD00001EBC2014860FFE7019801300190EAE7E8
:10CFE00000999DF80A20012001F8320004B0704732
:10CFF00081B000900098002180F8511001B0704776
:10D0000080B582B0019001980090FCF7B9FF0098BC
:10D010002830FCF799FF0098383000F001FA0098AA
:10D020004FF07E52C0F858230021C0F85C13C0F8BE
:10D030006013C0F86413C0F86823C0F86C13C0F81C
:10D040007013C0F87413C0F87823C0F87C13C0F8CC
:10D050008013C0F88413C0F88813C0F88C13C0F88C
:10D060009013C0F89413C0F89813C0F89C13C0F83C
:10D07000A013C0F8A413C0F8A8134FF2C352C4F20F
:10D080001C12C0F8AC230022C4F22022C0F8B02346
:10D0900080F8C01380F8C11380F8C21380F8C3135E
:10D0A00080F8C41302B080BD82B001908DED000AFB
:10D0B00001990098486402B0704700000000000029
:10D0C00082B001908DED000A01990098C86402B009
:10D0D000704700000000000080B58AB009900998F0
:10D0E00001900021089107910691059190ED110A98
:10D0F00090ED121A30EE410A8DED040A9DED040AFE
:10D10000F9F7AAFC01988DED030A9DED030A90ED55
:10D11000011AB4EE410AF1EE10FA07DAFFE70199BD
:10D12000886C4864002004900390FFE7019890ED1C
:10D13000080A9DED041A20EE010A8DED080A90ED13
:10D140000E0AB5EE400AF1EE10FA0DD1FFE7019894
:10D1500090ED0F0AB5EE400AF1EE10FA04D1FFE7A8
:10D160004FF07E50029044E001989DED030A90ED4F
:10D170000E1AB4EE410AF1EE10FA04DCFFE74FF0AC
:10D180007E50029026E0019890ED0E0A9DED031A64
:10D19000B4EE410AF1EE10FA1BDAFFE701989DEDBB
:10D1A000030A90ED0F1AB4EE410AF1EE10FA10DA0C
:10D1B000FFE7019890ED0E2A90ED0F1A9DED030AFE
:10D1C00031EE400A31EE421A80EE010A8DED020A7C
:10D1D000FFE7FFE701989DED030A90ED0F1AB4EE0B
:10D1E000410AF1EE10FA03DBFFE700200290FFE7AF
:10D1F000FFE7019890ED0C0AB5EE400AF1EE10FA47
:10D2000010D0FFE7019901F14C0091ED092A91ED51
:10D210000C1AB1EE410A80EE020AC1EE020AF8F7DA
:10D220001BFEFFE7019890ED100AB5EE400AF1EE03
:10D2300010FA18D1FFE701989DED021A90ED002A2F
:10D2400090ED130A21EE021A9DED042AA1EE020AC6
:10D2500080ED130A90ED090A90ED131A20EE010AF1
:10D260008DED070A28E001989DED030A90ED101A54
:10D27000B4EE410AF1EE10FA18DAFFE701989DEDDD
:10D28000021A90ED002A90ED130A21EE021A9DED8C
:10D29000042AA1EE020A80ED130A90ED090A90ED2E
:10D2A000131A20EE010A8DED070A04E0019900200F
:10D2B000C8640790FFE7FFE70198007A90B9FFE79D
:10D2C000019890ED001A90ED063A90ED0A0A9DED56
:10D2D000042A32EE432A20EE020A80EE010A8DED86
:10D2E000060A11E0019890ED001A90ED053A90EDD4
:10D2F000072A90ED0A0A32EE432A20EE020A80EE57
:10D30000010A8DED060AFFE7019890ED042A90EDE1
:10D310000B1A90ED110A30EE420A20EE010A8DED53
:10D32000050A9DED080A9DED071A30EE010A9DEDF4
:10D33000061A30EE010A9DED051A30EE010A80ED65
:10D34000070A90ED0D0AB5EE400AF1EE10FA0AD088
:10D35000FFE7019901F11C00D1ED0D0AB1EE600A61
:10D36000F8F77AFDFFE70199886CC860486C08619E
:10D37000C8694861049888610AB080BD0000000057
:10D380008EB002AA0092024600980D9280ED0A0A21
:10D39000C0ED090A80ED081AC0ED071A80ED062AD3
:10D3A000C0ED052A80ED043AC0ED033A80ED024A53
:10D3B000C0ED014A80ED005A8DF807100D990C98C8
:10D3C00008620B9848620A9888620998C8620898AF
:10D3D00008630798486303980860029848600698B5
:10D3E00088630598C863049808649DF8070008726C
:10D3F0000EB070470000000081B00090009890EDE2
:10D40000070A01B07047000082B001908DED000A5C
:10D4100001990098886402B0704700000000000085
:10D4200081B0009000980021C1600161416181617B
:10D43000C161016241628162C162016341638163D2
:10D44000C163016441648164C16401B0704700003C
:10D4500081B000900098002141618161C161016249
:10D4600041628162C1620163416341F26F22C3F68E
:10D4700083228264C1640021C4F24001016501B0CD
:10D48000704784B0844601A80EC040F20C0001AA87
:10D49000C2F200406146009200F072FAAFF30080E1
:10D4A00081B08DED000A9DED000AB0EEC00A01B01A
:10D4B000704700000000000080B582B08DED010AC9
:10D4C0009DED010A00F04AFC02B080BD804701A03A
:10D4D00000F009FA7465726D696E6174655F686168
:10D4E0006E646C657220756E6578706563746564D2
:10D4F0006C792072657475726E65640042F26860C2
:10D50000C2F200400068704701A0FFF7BAFF00BFF9
:10D510006261645F616C6C6F632077617320746813
:10D52000726F776E20696E202D666E6F2D65786341
:10D53000657074696F6E73206D6F64650000000024
:10D5400040F27010C2F200400068FFF7BFFFAFF377
:10D55000008000F085BA000081B0ADF80200BDF98E
:10D56000020000280ED4FFE7BDF9021001F01F02EF
:10D57000012090404A094EF20011CEF2000141F81C
:10D580002200FFE701B070474EF60C50CEF20000CB
:10D590000068C0F30220704782B0ADF80600009129
:10D5A000BDF9060000280AD4FFE700980001BDF984
:10D5B00006104EF20042CEF2000288540BE00098B2
:10D5C0000001BDF8061001F00F014EF61452CEF224
:10D5D00000028854FFE702B070470000000000001E
:10D5E00083B00290029800F0070000904EF60C51B4
:10D5F000CEF200010868019001984FF6FF0210403A
:10D6000001900198009A40EA02200022C0F2FA52EA
:10D61000104301900198086003B07047FFF790FF36
:10D6200080B582B042F2A851C2F2004101910020BF
:10D6300008609FED0B0ADFED0B0ACDED000A00F04C
:10D6400037FADDED000A019880ED010A9FED060A28
:10D6500000F02EFA019880ED020A02B080BD00BFF2
:10D66000583934BE0BEFF2BD5839343E000000008B
:10D6700080B582B042F2B451C2F200410191002063
:10D6800008609FED0B0ADFED0B0ACDED000A00F0FC
:10D690000FFADDED000A019880ED010A9FED060A00
:10D6A00000F006FA019880ED020A02B080BD00BFCA
:10D6B000583934BE0BEFF2BD5839343E000000003B
:10D6C00080B582B042F2C051C2F200410191002007
:10D6D00008609FED0B0ADFED0B0ACDED000A00F0AC
:10D6E000E7F9DDED000A019880ED010A9FED060AD9
:10D6F00000F0DEF9019880ED020A02B080BD00BFA3
:10D70000583934BE0BEFF2BD5839343E00000000EA
:10D7100080B582B042F2CC51C2F2004101910020AA
:10D7200008609FED0B0ADFED0B0ACDED000A00F05B
:10D73000BFF9DDED000A019880ED010A9FED060AB0
:10D7400000F0B6F9019880ED020A02B080BD00BF7A
:10D75000583934BE0BEFF2BD5839343E000000009A
:10D7600080B582B042F2D851C2F20041019100204E
:10D7700008609FED0B0ADFED0B0ACDED000A00F00B
:10D7800097F9DDED000A019880ED010A9FED060A88
:10D7900000F08EF9019880ED020A02B080BD00BF52
:10D7A000583934BE0BEFF2BD5839343E000000004A
:10D7B00080B582B042F2E451C2F2004101910020F2
:10D7C00008609FED0B0ADFED0B0ACDED000A00F0BB
:10D7D0006FF9DDED000A019880ED010A9FED060A60
:10D7E00000F066F9019880ED020A02B080BD00BF2A
:10D7F000583934BE0BEFF2BD5839343E00000000FA
:10D8000080B59FED050AFFF757FE42F2F050C2F2D5
:10D81000004080ED000A80BD4DB6213E00000000B2
:10D8200080B59FED050AFFF747FE42F2F450C2F2C1
:10D83000004080ED000A80BD4DB6213E0000000092
:10D8400080B59FED050AFFF737FE42F2F850C2F2AD
:10D85000004080ED000A80BD4DB6213E0000000072
:10D8600080B59FED050AFFF727FE42F2FC50C2F299
:10D87000004080ED000A80BD4DB6213E0000000052
:10D8800080B59FED050AFFF717FE42F20060C2F275
:10D89000004080ED000A80BD4DB6213E0000000032
:10D8A00080B59FED050AFFF707FE42F20460C2F261
:10D8B000004080ED000A80BD4DB6213E0000000012
:10D8C00080B542F28060C2F20040FBF7DDFB80BD14
:10D8D0004AF24000C4F20000006840F2B021C2F2F7
:10D8E000004108607047AFF30080000000000000B6
:10D8F00080B582B000200190E9F72AF9E4F764FAD4
:10D90000F2F73AF8F0F7E0FBF0F78EFAF0F71CFBCD
:10D91000F0F75AFBF0F798FBF0F712FDF0F76CFE0A
:10D92000F0F76EFFF1F790F8F1F742F8F1F720F910
:10D93000F0F716FFF0F7D0FEF0F7AAFFF0F7F0FFD0
:10D94000F0F7E2FCF0F7DCFDF1F7C6F8F0F734FD94
:10D95000F2F7C6FFFFE7F3F73BF8FCE780B5F9F70E
:10D96000A7F800B180BDFFF7CFFDFFF7F7BF80B587
:10D97000F9F732F900B180BDFFF7C6FDFFF7F7BF39
:10D9800030B414460D4602462146284630BC014BB1
:10D9900000F0E8BA93E601084100080218BF04202D
:10D9A0000A0E18BF40F001004FF07F4232EA010139
:10D9B00008BF40F00200012808BF052070470000A2
:10D9C0002DE9F0430B30DFF8889020F007050027A1
:10D9D000A1F1010C1F4C21E0061D724203680CEA04
:10D9E0000202934219D39E1AAE4216D34AB1861848
:10D9F00050F8044F9B1AC6E9003440E9012604465A
:10DA00003046AB4205D95B1B42194668C2E9003675
:10DA100000E04268226020C004E0041D2068002865
:10DA2000DAD13846002803D1D9F8000010B100201F
:10DA3000BDE8F083074B08481860084B1B1A23F019
:10DA40000703C0E900370120C9F80000C0E7000063
:10DA500004000024000000243C5E002438BE0024A2
:10DA600010B5002821D0114B0022001F196803E0D7
:10DA7000814203D80A4649680029F9D152B1136896
:10DA8000841A9C4204D1006818441060104602E0D9
:10DA9000506000E0186039B102680B1A934203D15C
:10DAA0000B681A4402604968416010BD0000002400
:10DAB00070B54FF068422DED048BF0EE408A18EE01
:10DAC000900AB0EE608A18EE101A02EB4003B3F130
:10DAD000654F3CBF02EB4102B2F1654F7DD200BF02
:10DAE000C0F3C753C1F3C7529A1A1B2A09DD10F0BD
:10DAF000004F14BF9FED830A9FED830ABDEC048B9A
:10DB000070BD12F11A0F36DA11F0004F09D010F083
:10DB1000004F0CBF9FED7D0A9FED7D0ABDEC048B8D
:10DB200070BD88EE889A19EE100AFFF735FF0428B9
:10DB300008BF00F037F918EE900AFFF72DFF0546F1
:10DB400018EE100AFFF728FF044619EE100AFFF737
:10DB500023FF042D18BF052D08D1042C18BF052C58
:10DB600004D1002804BF022000F034F9B0EE490AC5
:10DB7000BDEC048B70BD4200B2EB410F3AD910F0FE
:10DB8000004F19BFDFED630A9FED630ADFED630A03
:10DB90009FED630AB0EE481A0A46B1EE688A80F03B
:10DBA0000041F0EE418A10460A1A5200B2F1807F1D
:10DBB00034D2484010F0004FDFED5A1A9FED5A2A38
:10DBC0001DBFBEEE001A70EEE10A30EE420AB6EE5C
:10DBD000001A08BF70EEA10A00E040E008BF30EE76
:10DBE000020AB0EE682A01EE482A08EE818AC2EEE7
:10DBF000081A15E011F0004F04BF9FED4C0AF0EE3B
:10DC0000400AD1D010F0004F19BFDFED490A9FED57
:10DC1000490ADFED490A9FED490AC5E7C8EE881AAF
:10DC200021EEA11A9FED462ADFED462A41EE022A97
:10DC30009FED452A01EE222ADFED442A41EE022A19
:10DC40009FED432ABDEC048B01EE222A21EE811ABE
:10DC500001EE020A30EE210A30EE200A70BD4FF0CC
:10DC60007F42B2EB400F28BFB2EB410F09D2F0EE7A
:10DC7000480AB0EE680ABDEC048BBDE8704000F0C5
:10DC80008DB840EA01035B0008BF41F0FF410BD0B3
:10DC9000B2EB400F08BFB2EB410F08D120F080403B
:10DCA00008EE900A21F0804108EE101A18E7B2EB56
:10DCB000400F12BF5FEA410340F0FF4001F0004116
:10DCC0003FF40EAFB2EB410F12BF5FEA400200F02B
:10DCD000004041F0FF413FF403AF4A0092EA4003A5
:10DCE0003FF5FEAE002AACBF9FED1A0A9FED1A0A5F
:10DCF00068EE808A28EE008A18EE900A18EE101A54
:10DD0000EEE60000DB0FC9BFDB0FC93FDB0F494068
:10DD1000DB0F49C00000C9BF22AAFDB90000C93FFE
:10DD200022AAFD390060ED3EC30ACE370000000094
:10DD3000000049C022AA7DBA0000494022AA7D3ACB
:10DD40002DAD65BD8FB8D53D0FB511BE61C84C3E38
:10DD5000A8AAAABE0000804F0000802F10B52DEDAC
:10DD6000028BB1EEC08A18EE100A20F00040C0F11C
:10DD7000FF40C00F0AD010EE100A20F00040C0F1A2
:10DD8000FF40C00F04BF012000F024F8B0EE480AA5
:10DD9000BDEC028B10BD0721FFF712BE30EE200A4A
:10DDA000704700009FED020A20EE000A7047000055
:10DDB0000000001002E008C8121F08C1002AFAD1B2
:10DDC00070477047002001E001C1121F002AFBD1FB
:10DDD00070470000014908607047000008000024F7
:10DDE0002DE9FF5F82B00021DDE90430020DDDF88E
:10DDF00040B0034318D044F61050A2F2FF32424321
:10DE00001514119801281FD0A5EB0B00401C5FEAE8
:10DE1000000A4FF000064E4FDFF83891B0465046EA
:10DE200015D5CAF1000413E0119801244AA3012872
:10DE300001D16FEA0B010298119AC0E90031C0E9E3
:10DE4000024206B0BDE8F09FCBF10000DFE70446D8
:10DE50000021404A491842EB0450CDE9001012E07D
:10DE6000E00707D032463B4640464946E2F75DFBB5
:10DE70008046894632463B4610461946E2F755FB36
:10DE800006460F466410002CEAD1DDE90401DDE905
:10DE90000023BAF1000F06DAE2F747FB42464B4691
:10DEA000E2F743FB05E0E2F7B2FB42464B46E2F7FE
:10DEB000AEFB04460E460022284BE2F7E5FC03D8F1
:10DEC0004FF0FF30014607E00022254B2046314647
:10DED000E2F784FAE2F71FFD102409E0002C0ADBC8
:10DEE0000A220023E2F710FA039B30321A55641E0F
:10DEF00050EA0102F2D1641C039AC4F111031444E4
:10DF0000119A012A03D0012208430DD10AE00843E7
:10DF100004D000204FF0110B119072E7A3EB0B051A
:10DF20006D1E0DE05B4504DD4FF0000205F10105BB
:10DF300004E003DA4FF00002A5F10105002AECD05D
:10DF400002981199C0E90231C0E9004579E7000063
:10DF5000000014400000F03F300000000000F043DB
:10DF60000000E03F2DE9FF4F95B09B4689460646ED
:10DF700000250FE2252877D100242746F84A012101
:10DF8000059400E0044316F8013F203B01FA03F03A
:10DF90001042F7D130782A2811D06FF02F03307853
:10DFA000A0F13002092A16D8059A44F0020402EBC7
:10DFB000820203EB42021044761C0590EFE759F809
:10DFC000042B0592002A03DA504244F400540590D1
:10DFD00044F00204761C30782E2816D116F8010F72
:10DFE00044F004042A280DD06FF02F023078A0F1FD
:10DFF0003003092B09D807EB870302EB4303C7184B
:10E00000761CF3E759F8047B761C30786C280FD027
:10E0100006DC4C2817D068280DD06A2814D104E0FB
:10E02000742810D07A280FD10DE044F400140AE0CF
:10E0300044F4801401E044F440147278824202D126
:10E0400004F58014761C761C307866280BD013DC1F
:10E05000582877D009DC002875D04528F6D0462806
:10E06000F4D047281AD19DE118E0632835D0642800
:10E0700079D0652812D195E1702873D008DC672823
:10E08000F1D069286FD06E280DD06F2806D1B5E089
:10E0900073282CD0752875D0782874D05A461799D3
:10E0A00090476D1C75E1C4F30250022809D0032883
:10E0B0000DD0D9F8001004280DD00D6009F1040925
:10E0C00067E1D9F80010EA17C1E90052F6E7D9F87C
:10E0D00000100D80F2E70D70F0E719F8041B8DF8C1
:10E0E000001000208DF80100EA46012003E059F8F5
:10E0F00004AB4FF0FF3061074FF0000102D40DE098
:10E1000008F101018846B9420FDA8045F8DB1AF8B8
:10E1100008100029F4D108E008F101018846814285
:10E12000FADB1AF808100029F6D105985B46A0EB37
:10E13000080721463846179A00F094FA284400EB65
:10E14000080507E04DE029E10DE01AF8010B5A46F9
:10E1500017999047B8F10108F7D25B462146384637
:10E16000179A13E142E00A220092C4F302524FF0E0
:10E17000000A022A08D059F804CB032A4FEAEC71AE
:10E180000AD00DE029E02AE009F1070121F0070299
:10E19000F2E802C1914609E00FFA8CFC4FEAEC71FB
:10E1A000042A03D14FFA8CFC4FEAEC71002907DAFC
:10E1B0000A460021DCF1000C61EB02012D2202E095
:10E1C000220504D52B228DF80420012203E0E2076A
:10E1D00001D02022F7E7904659E00A2102E0102200
:10E1E0000DE010214FF0000A00910BE010224FF0DB
:10E1F000000A44F004040827009203E008224FF0CC
:10E20000000A0092C4F30252022A05D059F804CB46
:10E210000021032A08D009E009F1070121F00702D3
:10E22000F2E802C1914605E01FFA8CFC042A01D1F4
:10E230000CF0FF0C4FF00008220728D5702806D0FC
:10E24000009B83F0100353EA0A0305D00EE040223E
:10E250008DF80420012208E05CEA010206D0302299
:10E260008DF804208DF8050002229046009B83F073
:10E27000080353EA0A030AD15CEA010201D16207EA
:10E2800005D530228DF804204FF001087F1E582854
:10E2900004D034A003900EA802900DE036A0F9E758
:10E2A00053466046009AE2F72FF884460398825C52
:10E2B0000298401E029002705CEA0100F0D10298C0
:10E2C00006A9081A00F1200A600702D524F4803458
:10E2D00000E00127574502DDA7EB0A0000E000201F
:10E2E00000EB0A01009005984144401A0590E003B4
:10E2F00006D45B462146179A059800F0B3F9054409
:10E30000002706E001A85A46C05D179990476D1C8A
:10E310007F1C4745F6DBE0030CD55B462146179A88
:10E32000059800F09FF9054404E030205A461799FB
:10E3300090476D1C0099481E00900029F5DC08E00C
:10E34000029802995A460078491C02911799904701
:10E350006D1CBAF10001AAF1010AF1DC65E10000CF
:10E3600009280100303132333435363738396162AB
:10E37000636465660000000030313233343536376F
:10E3800038394142434445460000000000F058F946
:10E390000544761C307800287FF4ECAD19B028468F
:10E3A000BDE8F08F620700D4062709F1070222F0CA
:10E3B000070CFCE80223E14603F000485FEA080C82
:10E3C00002D00FF2702C0DE05FEA045C02D50FF270
:10E3D000682C07E05FEAC47C02D00FF2602C01E0F9
:10E3E000AFF2700C4FF0FF3823F00043CDF850C06F
:10E3F00065280CD006DC452809D046281DD04728C2
:10E400003DD13DE0662818D067287ED138E0002154
:10E41000112F01DB112000E0781CCDE9000106A9D5
:10E420000EA8FFF7DDFCDDE90F010E9A0391002134
:10E43000009207F1010A04914DE04FF0004000976F
:10E44000CDE9011006A90EA8FFF7CAFCDDE90F020D
:10E4500003920E9B11990022DDF80CA00093049208
:10E4600011B9791C00EB010AB7EB0A0004D4C0F122
:10E47000FF3007F1010A0490AAEB0700019044E085
:10E48000012F00DA01270021112F01DD112000E00A
:10E490003846CDE9000106A90EA8FFF7A1FCDDE989
:10E4A0000F010E9A0391002104910092BA462107B0
:10E4B0000CD40399514500DA8A46BAF1010F05DD03
:10E4C000009AAAF10101515C302908D0B84202DA61
:10E4D00010F1040F06DA0121CDE9011015E0AAF1CF
:10E4E0000101E9E7002805DC049901440491AAEB45
:10E4F000000102E0411C514500DD8A460499401AA2
:10E50000401C01904FF000400290200704D4019875
:10E51000504501DBCDF8048000208DF84F000298B3
:10E520000DF14F07B0F1004F25D02B200E9002982F
:10E530004FF0020800280CDA404202902D200E9085
:10E5400007E00A210298E2F7D0F93031029007F88B
:10E55000011DB8F10001A8F10108F2DC02980028C1
:10E56000EFD1791E0E980870307800F0200040F04E
:10E57000450007F8020D12A8C01B00F10708149807
:10E58000007800B1012000EB0A01019801EBE07175
:10E5900005984144401A401E0590E00306D45B46AE
:10E5A0002146179A059800F05DF805441498007804
:10E5B00018B15A46179990476D1CE00324D55B4665
:10E5C0002146179A059800F04DF805441CE0049880
:10E5D000002807DBDDE90301884203DD0098405C89
:10E5E000179901E0179930205A469047049805F191
:10E5F0000105401C04900198401E019004D12E207A
:10E600005A46179990476D1CBAF10001AAF1010A08
:10E61000DDDC05E017F8010B5A46179990476D1C91
:10E62000B8F10001A8F10108F4DC5B462146179A15
:10E630000598ABE62D0000002B0000002000000034
:10E640002DE9F041044600251E461746880404D4EF
:10E6500005E039462020B0476D1C641EF9D52846D8
:10E66000BDE8F0812DE9F041044600251E469046A4
:10E67000C80301D5302700E02027880404D505E031
:10E6800041463846B0476D1C641EF9D52846BDE8A2
:10E69000F08138B504468DF8000069460320ABBE12
:10E6A000204638BD0000000000000000000000000F
:10E6B0000000000000000000010000000200000057
:10E6C000030000000400000000000000050000003E
:10E6D0000000000000000000000000000600000034
:10E6E0000000000000000000000000000700000023
:10E6F00000000000010203040102030406070809E8
:10E700000001020304050607080C1014182030400D
:10E710000006101600061016080402040801010184
:10E7200001010103070100000100020004000600CE
:10E7300008000A000C0010002000400080000001CA
:10E740000000891112239B322446AD573665BF74F1
:10E75000488CC19D5AAFD3BE6CCAE5DB7EE9F7F8A1
:10E760008110080193331A22A5562C47B7753E64D1
:10E77000C99C408DDBBF52AEEDDA64CBFFF976E881
:10E7800002218B30100299132667AF763444BD55B1
:10E790004AADC3BC588ED19F6EEBE7FA7CC8F5D961
:10E7A00083310A2091121803A7772E66B5543C4591
:10E7B000CBBD42ACD99E508FEFFB66EAFDD874C941
:10E7C00004428D5316619F702004A9153227BB3671
:10E7D0004CCEC5DF5EEDD7FC6888E1997AABF3BA21
:10E7E00085520C4397711E60A1142805B3373A2651
:10E7F000CDDE44CFDFFD56ECE9986089FBBB72AA01
:10E8000006638F7214409D512225AB343006B91730
:10E810004EEFC7FE5CCCD5DD6AA9E3B8788AF19BE0
:10E8200087730E6295501C41A3352A24B116380710
:10E83000CFFF46EEDDDC54CDEBB962A8F99A708BC0
:10E84000088481951AA793B62CC2A5D33EE1B7F0F0
:10E850004008C919522BDB3A644EED5F766DFF7CA0
:10E86000899400859BB712A6ADD224C3BFF136E0D0
:10E87000C1184809D33B5A2AE55E6C4FF77D7E6C80
:10E880000AA583B4188691972EE3A7F23CC0B5D1B0
:10E890004229CB38500AD91B666FEF7E744CFD5D60
:10E8A0008BB502A499961087AFF326E2BDD034C190
:10E8B000C3394A28D11A580BE77F6E6EF55C7C4D40
:10E8C0000CC685D71EE597F42880A1913AA3B3B270
:10E8D000444ACD5B5669DF78600CE91D722FFB3E20
:10E8E0008DD604C79FF516E4A9902081BBB332A250
:10E8F000C55A4C4BD7795E68E11C680DF33F7A2E00
:10E900000EE787F61CC495D52AA1A3B03882B1932F
:10E91000466BCF7A5448DD59622DEB3C700EF91FDF
:10E920008FF706E69DD414C5ABB122A0B99230830F
:10E93000C77B4E6AD5585C49E33D6A2CF11E780FBF
:10E94000005EBCE2613FDD83C29C7E20A3FD1F41CF
:10E950009DC3217FFCA2401E5F01E3BD3E6082DCBF
:10E96000237D9FC1421CFEA0E1BF5D0380DE3C62AF
:10E97000BEE0025CDF81633D7C22C09E1D43A1FF9F
:10E980004618FAA427799BC584DA3866E5BB59078F
:10E99000DB856739BAE406581947A5FB7826C49A7F
:10E9A000653BD987045AB8E6A7F91B45C6987A246F
:10E9B000F8A6441A99C7257B3A6486D85B05E7B95F
:10E9C0008CD2306EEDB3510F4E10F2AC2F7193CD4F
:10E9D000114FADF3702ECC92D38D6F31B2EC0E503F
:10E9E000AFF1134DCE90722C6D33D18F0C52B0EE2F
:10E9F000326C8ED0530DEFB1F0AE4C1291CF2D731F
:10EA0000CA947628ABF517490856B4EA6937D58B0E
:10EA10005709EBB536688AD495CB2977F4AA4816FE
:10EA2000E9B7550B88D6346A2B7597C94A14F6A8EE
:10EA3000742AC896154BA9F7B6E80A54D7896B35DE
:10EA4000000000000000000049B7010800000000BD
:10EA500000000000F9C4010843444320496E746576
:10EA600072666163650043444320436F6E66696765
:10EA70000053544D6963726F656C656374726F6E99
:10EA80006963730053544D33322056697274756153
:10EA90006C20436F6D506F7274000000E0EA010853
:10EAA00000000024A00100004609000820EC010835
:10EAB000A0010024983C0100C4DD01088572FFFF1D
:10EAC0007172FFFF2D72FFFF5972FFFF3572FFFF5A
:10EAD0004172FFFF00000000000000000000000085
:10EAE00001115045828101009A99193EF2D34640A6
:10EAF000378DA7409CC7E74067841641B5B00240F8
:10EB0000977B8540DB0FC94015C30541413401089F
:10EB1000B1340108D1340108F9340108493501083C
:10EB2000F1330108613401083595BFD63333C8414C
:10EB300037874300800945331143376144004083E0
:10EB40004533E04137A0439A99993E332C4237161A
:10EB5000450040674433F041501B2F440080ED4492
:10EB60000090D0030090D003A1260108D123010812
:10EB7000012A0108DDC1240108692201086123017D
:10EB800008301CC12501085125010831260108392A
:10EB900025010809024300020100C03209042E01C8
:10EBA00002020100052400100105240129010424AA
:10EBB00002020524064F010705820308001009041C
:10EBC0000100020A3607050102404607058102409E
:10EBD000450A0600024340012D1201000202020014
:10EBE00040830440573602010203012F290C00081C
:10EBF000210C0008C10B0008610C0C1B08B10C00B3
:10EC000008040309041A0339E90800086666663F28
:10EC1000448C4201022010000000000000000000AF
:04000005080002CD20
:00000001FF
